# tidy ICE BofA OAS; start=2024-05-25; end=2026-05-25; rows=3654
# oas_pct = percent, daily, NSA. Not investment advice.
observation_date,rating_bucket,fred_index_segment,fred_series_id,oas_pct
2024-05-27,AAA,US_Corporate,BAMLC0A1CAAA,0.38
2024-05-27,AA,US_Corporate,BAMLC0A2CAA,0.49
2024-05-27,A,US_Corporate,BAMLC0A3CA,0.75
2024-05-27,BBB,US_Corporate,BAMLC0A4CBBB,1.10
2024-05-27,BB,US_High_Yield,BAMLH0A1HYBB,1.83
2024-05-27,B,US_High_Yield,BAMLH0A2HYB,2.94
2024-05-27,CCC_and_lower,US_High_Yield,BAMLH0A3HYC,9.05
2024-05-28,AAA,US_Corporate,BAMLC0A1CAAA,0.37
2024-05-28,AA,US_Corporate,BAMLC0A2CAA,0.48
2024-05-28,A,US_Corporate,BAMLC0A3CA,0.74
2024-05-28,BBB,US_Corporate,BAMLC0A4CBBB,1.09
2024-05-28,BB,US_High_Yield,BAMLH0A1HYBB,1.80
2024-05-28,B,US_High_Yield,BAMLH0A2HYB,2.92
2024-05-28,CCC_and_lower,US_High_Yield,BAMLH0A3HYC,9.02
2024-05-29,AAA,US_Corporate,BAMLC0A1CAAA,0.37
2024-05-29,AA,US_Corporate,BAMLC0A2CAA,0.48
2024-05-29,A,US_Corporate,BAMLC0A3CA,0.74
2024-05-29,BBB,US_Corporate,BAMLC0A4CBBB,1.09
2024-05-29,BB,US_High_Yield,BAMLH0A1HYBB,1.84
2024-05-29,B,US_High_Yield,BAMLH0A2HYB,2.99
2024-05-29,CCC_and_lower,US_High_Yield,BAMLH0A3HYC,9.09
2024-05-30,AAA,US_Corporate,BAMLC0A1CAAA,0.37
2024-05-30,AA,US_Corporate,BAMLC0A2CAA,0.48
2024-05-30,A,US_Corporate,BAMLC0A3CA,0.74
2024-05-30,BBB,US_Corporate,BAMLC0A4CBBB,1.09
2024-05-30,BB,US_High_Yield,BAMLH0A1HYBB,1.89
2024-05-30,B,US_High_Yield,BAMLH0A2HYB,3.03
2024-05-30,CCC_and_lower,US_High_Yield,BAMLH0A3HYC,9.15
2024-05-31,AAA,US_Corporate,BAMLC0A1CAAA,0.37
2024-05-31,AA,US_Corporate,BAMLC0A2CAA,0.49
2024-05-31,A,US_Corporate,BAMLC0A3CA,0.74
2024-05-31,BBB,US_Corporate,BAMLC0A4CBBB,1.10
2024-05-31,BB,US_High_Yield,BAMLH0A1HYBB,1.89
2024-05-31,B,US_High_Yield,BAMLH0A2HYB,2.91
2024-05-31,CCC_and_lower,US_High_Yield,BAMLH0A3HYC,9.34
2024-06-03,AAA,US_Corporate,BAMLC0A1CAAA,0.37
2024-06-03,AA,US_Corporate,BAMLC0A2CAA,0.49
2024-06-03,A,US_Corporate,BAMLC0A3CA,0.74
2024-06-03,BBB,US_Corporate,BAMLC0A4CBBB,1.10
2024-06-03,BB,US_High_Yield,BAMLH0A1HYBB,1.87
2024-06-03,B,US_High_Yield,BAMLH0A2HYB,2.87
2024-06-03,CCC_and_lower,US_High_Yield,BAMLH0A3HYC,9.33
2024-06-04,AAA,US_Corporate,BAMLC0A1CAAA,0.38
2024-06-04,AA,US_Corporate,BAMLC0A2CAA,0.50
2024-06-04,A,US_Corporate,BAMLC0A3CA,0.76
2024-06-04,BBB,US_Corporate,BAMLC0A4CBBB,1.11
2024-06-04,BB,US_High_Yield,BAMLH0A1HYBB,1.90
2024-06-04,B,US_High_Yield,BAMLH0A2HYB,2.93
2024-06-04,CCC_and_lower,US_High_Yield,BAMLH0A3HYC,9.37
2024-06-05,AAA,US_Corporate,BAMLC0A1CAAA,0.39
2024-06-05,AA,US_Corporate,BAMLC0A2CAA,0.51
2024-06-05,A,US_Corporate,BAMLC0A3CA,0.77
2024-06-05,BBB,US_Corporate,BAMLC0A4CBBB,1.13
2024-06-05,BB,US_High_Yield,BAMLH0A1HYBB,1.89
2024-06-05,B,US_High_Yield,BAMLH0A2HYB,2.92
2024-06-05,CCC_and_lower,US_High_Yield,BAMLH0A3HYC,9.33
2024-06-06,AAA,US_Corporate,BAMLC0A1CAAA,0.39
2024-06-06,AA,US_Corporate,BAMLC0A2CAA,0.52
2024-06-06,A,US_Corporate,BAMLC0A3CA,0.78
2024-06-06,BBB,US_Corporate,BAMLC0A4CBBB,1.13
2024-06-06,BB,US_High_Yield,BAMLH0A1HYBB,1.90
2024-06-06,B,US_High_Yield,BAMLH0A2HYB,2.92
2024-06-06,CCC_and_lower,US_High_Yield,BAMLH0A3HYC,9.25
2024-06-07,AAA,US_Corporate,BAMLC0A1CAAA,0.38
2024-06-07,AA,US_Corporate,BAMLC0A2CAA,0.51
2024-06-07,A,US_Corporate,BAMLC0A3CA,0.76
2024-06-07,BBB,US_Corporate,BAMLC0A4CBBB,1.12
2024-06-07,BB,US_High_Yield,BAMLH0A1HYBB,1.84
2024-06-07,B,US_High_Yield,BAMLH0A2HYB,2.88
2024-06-07,CCC_and_lower,US_High_Yield,BAMLH0A3HYC,9.22
2024-06-10,AAA,US_Corporate,BAMLC0A1CAAA,0.38
2024-06-10,AA,US_Corporate,BAMLC0A2CAA,0.51
2024-06-10,A,US_Corporate,BAMLC0A3CA,0.76
2024-06-10,BBB,US_Corporate,BAMLC0A4CBBB,1.12
2024-06-10,BB,US_High_Yield,BAMLH0A1HYBB,1.85
2024-06-10,B,US_High_Yield,BAMLH0A2HYB,2.87
2024-06-10,CCC_and_lower,US_High_Yield,BAMLH0A3HYC,9.20
2024-06-11,AAA,US_Corporate,BAMLC0A1CAAA,0.38
2024-06-11,AA,US_Corporate,BAMLC0A2CAA,0.51
2024-06-11,A,US_Corporate,BAMLC0A3CA,0.77
2024-06-11,BBB,US_Corporate,BAMLC0A4CBBB,1.12
2024-06-11,BB,US_High_Yield,BAMLH0A1HYBB,1.89
2024-06-11,B,US_High_Yield,BAMLH0A2HYB,2.91
2024-06-11,CCC_and_lower,US_High_Yield,BAMLH0A3HYC,9.25
2024-06-12,AAA,US_Corporate,BAMLC0A1CAAA,0.38
2024-06-12,AA,US_Corporate,BAMLC0A2CAA,0.51
2024-06-12,A,US_Corporate,BAMLC0A3CA,0.76
2024-06-12,BBB,US_Corporate,BAMLC0A4CBBB,1.12
2024-06-12,BB,US_High_Yield,BAMLH0A1HYBB,1.82
2024-06-12,B,US_High_Yield,BAMLH0A2HYB,2.79
2024-06-12,CCC_and_lower,US_High_Yield,BAMLH0A3HYC,9.07
2024-06-13,AAA,US_Corporate,BAMLC0A1CAAA,0.39
2024-06-13,AA,US_Corporate,BAMLC0A2CAA,0.52
2024-06-13,A,US_Corporate,BAMLC0A3CA,0.78
2024-06-13,BBB,US_Corporate,BAMLC0A4CBBB,1.14
2024-06-13,BB,US_High_Yield,BAMLH0A1HYBB,1.91
2024-06-13,B,US_High_Yield,BAMLH0A2HYB,2.91
2024-06-13,CCC_and_lower,US_High_Yield,BAMLH0A3HYC,9.18
2024-06-14,AAA,US_Corporate,BAMLC0A1CAAA,0.41
2024-06-14,AA,US_Corporate,BAMLC0A2CAA,0.54
2024-06-14,A,US_Corporate,BAMLC0A3CA,0.80
2024-06-14,BBB,US_Corporate,BAMLC0A4CBBB,1.17
2024-06-14,BB,US_High_Yield,BAMLH0A1HYBB,1.99
2024-06-14,B,US_High_Yield,BAMLH0A2HYB,3.03
2024-06-14,CCC_and_lower,US_High_Yield,BAMLH0A3HYC,9.33
2024-06-17,AAA,US_Corporate,BAMLC0A1CAAA,0.42
2024-06-17,AA,US_Corporate,BAMLC0A2CAA,0.55
2024-06-17,A,US_Corporate,BAMLC0A3CA,0.81
2024-06-17,BBB,US_Corporate,BAMLC0A4CBBB,1.17
2024-06-17,BB,US_High_Yield,BAMLH0A1HYBB,1.95
2024-06-17,B,US_High_Yield,BAMLH0A2HYB,2.99
2024-06-17,CCC_and_lower,US_High_Yield,BAMLH0A3HYC,9.36
2024-06-18,AAA,US_Corporate,BAMLC0A1CAAA,0.42
2024-06-18,AA,US_Corporate,BAMLC0A2CAA,0.56
2024-06-18,A,US_Corporate,BAMLC0A3CA,0.81
2024-06-18,BBB,US_Corporate,BAMLC0A4CBBB,1.17
2024-06-18,BB,US_High_Yield,BAMLH0A1HYBB,1.94
2024-06-18,B,US_High_Yield,BAMLH0A2HYB,2.96
2024-06-18,CCC_and_lower,US_High_Yield,BAMLH0A3HYC,9.35
2024-06-19,AAA,US_Corporate,BAMLC0A1CAAA,0.42
2024-06-19,AA,US_Corporate,BAMLC0A2CAA,0.56
2024-06-19,A,US_Corporate,BAMLC0A3CA,0.81
2024-06-19,BBB,US_Corporate,BAMLC0A4CBBB,1.18
2024-06-19,BB,US_High_Yield,BAMLH0A1HYBB,1.94
2024-06-19,B,US_High_Yield,BAMLH0A2HYB,2.96
2024-06-19,CCC_and_lower,US_High_Yield,BAMLH0A3HYC,9.36
2024-06-20,AAA,US_Corporate,BAMLC0A1CAAA,0.43
2024-06-20,AA,US_Corporate,BAMLC0A2CAA,0.56
2024-06-20,A,US_Corporate,BAMLC0A3CA,0.82
2024-06-20,BBB,US_Corporate,BAMLC0A4CBBB,1.18
2024-06-20,BB,US_High_Yield,BAMLH0A1HYBB,1.92
2024-06-20,B,US_High_Yield,BAMLH0A2HYB,2.95
2024-06-20,CCC_and_lower,US_High_Yield,BAMLH0A3HYC,9.32
2024-06-21,AAA,US_Corporate,BAMLC0A1CAAA,0.43
2024-06-21,AA,US_Corporate,BAMLC0A2CAA,0.56
2024-06-21,A,US_Corporate,BAMLC0A3CA,0.82
2024-06-21,BBB,US_Corporate,BAMLC0A4CBBB,1.18
2024-06-21,BB,US_High_Yield,BAMLH0A1HYBB,1.90
2024-06-21,B,US_High_Yield,BAMLH0A2HYB,2.95
2024-06-21,CCC_and_lower,US_High_Yield,BAMLH0A3HYC,9.36
2024-06-24,AAA,US_Corporate,BAMLC0A1CAAA,0.42
2024-06-24,AA,US_Corporate,BAMLC0A2CAA,0.56
2024-06-24,A,US_Corporate,BAMLC0A3CA,0.82
2024-06-24,BBB,US_Corporate,BAMLC0A4CBBB,1.18
2024-06-24,BB,US_High_Yield,BAMLH0A1HYBB,1.87
2024-06-24,B,US_High_Yield,BAMLH0A2HYB,2.91
2024-06-24,CCC_and_lower,US_High_Yield,BAMLH0A3HYC,9.37
2024-06-25,AAA,US_Corporate,BAMLC0A1CAAA,0.43
2024-06-25,AA,US_Corporate,BAMLC0A2CAA,0.56
2024-06-25,A,US_Corporate,BAMLC0A3CA,0.82
2024-06-25,BBB,US_Corporate,BAMLC0A4CBBB,1.18
2024-06-25,BB,US_High_Yield,BAMLH0A1HYBB,1.87
2024-06-25,B,US_High_Yield,BAMLH0A2HYB,2.91
2024-06-25,CCC_and_lower,US_High_Yield,BAMLH0A3HYC,9.39
2024-06-26,AAA,US_Corporate,BAMLC0A1CAAA,0.43
2024-06-26,AA,US_Corporate,BAMLC0A2CAA,0.57
2024-06-26,A,US_Corporate,BAMLC0A3CA,0.83
2024-06-26,BBB,US_Corporate,BAMLC0A4CBBB,1.18
2024-06-26,BB,US_High_Yield,BAMLH0A1HYBB,1.85
2024-06-26,B,US_High_Yield,BAMLH0A2HYB,2.91
2024-06-26,CCC_and_lower,US_High_Yield,BAMLH0A3HYC,9.41
2024-06-27,AAA,US_Corporate,BAMLC0A1CAAA,0.42
2024-06-27,AA,US_Corporate,BAMLC0A2CAA,0.56
2024-06-27,A,US_Corporate,BAMLC0A3CA,0.82
2024-06-27,BBB,US_Corporate,BAMLC0A4CBBB,1.18
2024-06-27,BB,US_High_Yield,BAMLH0A1HYBB,1.88
2024-06-27,B,US_High_Yield,BAMLH0A2HYB,2.93
2024-06-27,CCC_and_lower,US_High_Yield,BAMLH0A3HYC,9.44
2024-06-28,AAA,US_Corporate,BAMLC0A1CAAA,0.41
2024-06-28,AA,US_Corporate,BAMLC0A2CAA,0.55
2024-06-28,A,US_Corporate,BAMLC0A3CA,0.82
2024-06-28,BBB,US_Corporate,BAMLC0A4CBBB,1.17
2024-06-28,BB,US_High_Yield,BAMLH0A1HYBB,1.84
2024-06-28,B,US_High_Yield,BAMLH0A2HYB,2.90
2024-06-28,CCC_and_lower,US_High_Yield,BAMLH0A3HYC,9.42
2024-06-30,AAA,US_Corporate,BAMLC0A1CAAA,0.41
2024-06-30,AA,US_Corporate,BAMLC0A2CAA,0.56
2024-06-30,A,US_Corporate,BAMLC0A3CA,0.82
2024-06-30,BBB,US_Corporate,BAMLC0A4CBBB,1.19
2024-06-30,BB,US_High_Yield,BAMLH0A1HYBB,1.85
2024-06-30,B,US_High_Yield,BAMLH0A2HYB,3.01
2024-06-30,CCC_and_lower,US_High_Yield,BAMLH0A3HYC,9.53
2024-07-01,AAA,US_Corporate,BAMLC0A1CAAA,0.38
2024-07-01,AA,US_Corporate,BAMLC0A2CAA,0.54
2024-07-01,A,US_Corporate,BAMLC0A3CA,0.80
2024-07-01,BBB,US_Corporate,BAMLC0A4CBBB,1.16
2024-07-01,BB,US_High_Yield,BAMLH0A1HYBB,1.85
2024-07-01,B,US_High_Yield,BAMLH0A2HYB,3.02
2024-07-01,CCC_and_lower,US_High_Yield,BAMLH0A3HYC,9.51
2024-07-02,AAA,US_Corporate,BAMLC0A1CAAA,0.37
2024-07-02,AA,US_Corporate,BAMLC0A2CAA,0.53
2024-07-02,A,US_Corporate,BAMLC0A3CA,0.79
2024-07-02,BBB,US_Corporate,BAMLC0A4CBBB,1.15
2024-07-02,BB,US_High_Yield,BAMLH0A1HYBB,1.87
2024-07-02,B,US_High_Yield,BAMLH0A2HYB,3.04
2024-07-02,CCC_and_lower,US_High_Yield,BAMLH0A3HYC,9.55
2024-07-03,AAA,US_Corporate,BAMLC0A1CAAA,0.38
2024-07-03,AA,US_Corporate,BAMLC0A2CAA,0.53
2024-07-03,A,US_Corporate,BAMLC0A3CA,0.78
2024-07-03,BBB,US_Corporate,BAMLC0A4CBBB,1.15
2024-07-03,BB,US_High_Yield,BAMLH0A1HYBB,1.90
2024-07-03,B,US_High_Yield,BAMLH0A2HYB,3.05
2024-07-03,CCC_and_lower,US_High_Yield,BAMLH0A3HYC,9.58
2024-07-04,AAA,US_Corporate,BAMLC0A1CAAA,0.38
2024-07-04,AA,US_Corporate,BAMLC0A2CAA,0.53
2024-07-04,A,US_Corporate,BAMLC0A3CA,0.79
2024-07-04,BBB,US_Corporate,BAMLC0A4CBBB,1.15
2024-07-04,BB,US_High_Yield,BAMLH0A1HYBB,1.90
2024-07-04,B,US_High_Yield,BAMLH0A2HYB,3.05
2024-07-04,CCC_and_lower,US_High_Yield,BAMLH0A3HYC,9.59
2024-07-05,AAA,US_Corporate,BAMLC0A1CAAA,0.37
2024-07-05,AA,US_Corporate,BAMLC0A2CAA,0.53
2024-07-05,A,US_Corporate,BAMLC0A3CA,0.78
2024-07-05,BBB,US_Corporate,BAMLC0A4CBBB,1.15
2024-07-05,BB,US_High_Yield,BAMLH0A1HYBB,1.92
2024-07-05,B,US_High_Yield,BAMLH0A2HYB,3.08
2024-07-05,CCC_and_lower,US_High_Yield,BAMLH0A3HYC,9.59
2024-07-08,AAA,US_Corporate,BAMLC0A1CAAA,0.37
2024-07-08,AA,US_Corporate,BAMLC0A2CAA,0.53
2024-07-08,A,US_Corporate,BAMLC0A3CA,0.78
2024-07-08,BBB,US_Corporate,BAMLC0A4CBBB,1.14
2024-07-08,BB,US_High_Yield,BAMLH0A1HYBB,1.85
2024-07-08,B,US_High_Yield,BAMLH0A2HYB,2.99
2024-07-08,CCC_and_lower,US_High_Yield,BAMLH0A3HYC,9.52
2024-07-09,AAA,US_Corporate,BAMLC0A1CAAA,0.37
2024-07-09,AA,US_Corporate,BAMLC0A2CAA,0.52
2024-07-09,A,US_Corporate,BAMLC0A3CA,0.78
2024-07-09,BBB,US_Corporate,BAMLC0A4CBBB,1.14
2024-07-09,BB,US_High_Yield,BAMLH0A1HYBB,1.86
2024-07-09,B,US_High_Yield,BAMLH0A2HYB,3.00
2024-07-09,CCC_and_lower,US_High_Yield,BAMLH0A3HYC,9.51
2024-07-10,AAA,US_Corporate,BAMLC0A1CAAA,0.37
2024-07-10,AA,US_Corporate,BAMLC0A2CAA,0.53
2024-07-10,A,US_Corporate,BAMLC0A3CA,0.78
2024-07-10,BBB,US_Corporate,BAMLC0A4CBBB,1.14
2024-07-10,BB,US_High_Yield,BAMLH0A1HYBB,1.83
2024-07-10,B,US_High_Yield,BAMLH0A2HYB,2.95
2024-07-10,CCC_and_lower,US_High_Yield,BAMLH0A3HYC,9.46
2024-07-11,AAA,US_Corporate,BAMLC0A1CAAA,0.38
2024-07-11,AA,US_Corporate,BAMLC0A2CAA,0.53
2024-07-11,A,US_Corporate,BAMLC0A3CA,0.79
2024-07-11,BBB,US_Corporate,BAMLC0A4CBBB,1.15
2024-07-11,BB,US_High_Yield,BAMLH0A1HYBB,1.85
2024-07-11,B,US_High_Yield,BAMLH0A2HYB,2.92
2024-07-11,CCC_and_lower,US_High_Yield,BAMLH0A3HYC,9.52
2024-07-12,AAA,US_Corporate,BAMLC0A1CAAA,0.37
2024-07-12,AA,US_Corporate,BAMLC0A2CAA,0.52
2024-07-12,A,US_Corporate,BAMLC0A3CA,0.78
2024-07-12,BBB,US_Corporate,BAMLC0A4CBBB,1.14
2024-07-12,BB,US_High_Yield,BAMLH0A1HYBB,1.85
2024-07-12,B,US_High_Yield,BAMLH0A2HYB,2.94
2024-07-12,CCC_and_lower,US_High_Yield,BAMLH0A3HYC,9.51
2024-07-15,AAA,US_Corporate,BAMLC0A1CAAA,0.37
2024-07-15,AA,US_Corporate,BAMLC0A2CAA,0.52
2024-07-15,A,US_Corporate,BAMLC0A3CA,0.78
2024-07-15,BBB,US_Corporate,BAMLC0A4CBBB,1.14
2024-07-15,BB,US_High_Yield,BAMLH0A1HYBB,1.80
2024-07-15,B,US_High_Yield,BAMLH0A2HYB,2.90
2024-07-15,CCC_and_lower,US_High_Yield,BAMLH0A3HYC,9.38
2024-07-16,AAA,US_Corporate,BAMLC0A1CAAA,0.38
2024-07-16,AA,US_Corporate,BAMLC0A2CAA,0.53
2024-07-16,A,US_Corporate,BAMLC0A3CA,0.79
2024-07-16,BBB,US_Corporate,BAMLC0A4CBBB,1.14
2024-07-16,BB,US_High_Yield,BAMLH0A1HYBB,1.77
2024-07-16,B,US_High_Yield,BAMLH0A2HYB,2.85
2024-07-16,CCC_and_lower,US_High_Yield,BAMLH0A3HYC,9.30
2024-07-17,AAA,US_Corporate,BAMLC0A1CAAA,0.39
2024-07-17,AA,US_Corporate,BAMLC0A2CAA,0.53
2024-07-17,A,US_Corporate,BAMLC0A3CA,0.79
2024-07-17,BBB,US_Corporate,BAMLC0A4CBBB,1.15
2024-07-17,BB,US_High_Yield,BAMLH0A1HYBB,1.76
2024-07-17,B,US_High_Yield,BAMLH0A2HYB,2.86
2024-07-17,CCC_and_lower,US_High_Yield,BAMLH0A3HYC,9.37
2024-07-18,AAA,US_Corporate,BAMLC0A1CAAA,0.39
2024-07-18,AA,US_Corporate,BAMLC0A2CAA,0.53
2024-07-18,A,US_Corporate,BAMLC0A3CA,0.79
2024-07-18,BBB,US_Corporate,BAMLC0A4CBBB,1.15
2024-07-18,BB,US_High_Yield,BAMLH0A1HYBB,1.76
2024-07-18,B,US_High_Yield,BAMLH0A2HYB,2.87
2024-07-18,CCC_and_lower,US_High_Yield,BAMLH0A3HYC,9.30
2024-07-19,AAA,US_Corporate,BAMLC0A1CAAA,0.38
2024-07-19,AA,US_Corporate,BAMLC0A2CAA,0.53
2024-07-19,A,US_Corporate,BAMLC0A3CA,0.79
2024-07-19,BBB,US_Corporate,BAMLC0A4CBBB,1.15
2024-07-19,BB,US_High_Yield,BAMLH0A1HYBB,1.75
2024-07-19,B,US_High_Yield,BAMLH0A2HYB,2.87
2024-07-19,CCC_and_lower,US_High_Yield,BAMLH0A3HYC,9.32
2024-07-22,AAA,US_Corporate,BAMLC0A1CAAA,0.38
2024-07-22,AA,US_Corporate,BAMLC0A2CAA,0.53
2024-07-22,A,US_Corporate,BAMLC0A3CA,0.79
2024-07-22,BBB,US_Corporate,BAMLC0A4CBBB,1.15
2024-07-22,BB,US_High_Yield,BAMLH0A1HYBB,1.72
2024-07-22,B,US_High_Yield,BAMLH0A2HYB,2.82
2024-07-22,CCC_and_lower,US_High_Yield,BAMLH0A3HYC,9.31
2024-07-23,AAA,US_Corporate,BAMLC0A1CAAA,0.39
2024-07-23,AA,US_Corporate,BAMLC0A2CAA,0.53
2024-07-23,A,US_Corporate,BAMLC0A3CA,0.79
2024-07-23,BBB,US_Corporate,BAMLC0A4CBBB,1.15
2024-07-23,BB,US_High_Yield,BAMLH0A1HYBB,1.70
2024-07-23,B,US_High_Yield,BAMLH0A2HYB,2.78
2024-07-23,CCC_and_lower,US_High_Yield,BAMLH0A3HYC,9.26
2024-07-24,AAA,US_Corporate,BAMLC0A1CAAA,0.40
2024-07-24,AA,US_Corporate,BAMLC0A2CAA,0.56
2024-07-24,A,US_Corporate,BAMLC0A3CA,0.83
2024-07-24,BBB,US_Corporate,BAMLC0A4CBBB,1.18
2024-07-24,BB,US_High_Yield,BAMLH0A1HYBB,1.77
2024-07-24,B,US_High_Yield,BAMLH0A2HYB,2.87
2024-07-24,CCC_and_lower,US_High_Yield,BAMLH0A3HYC,9.34
2024-07-25,AAA,US_Corporate,BAMLC0A1CAAA,0.40
2024-07-25,AA,US_Corporate,BAMLC0A2CAA,0.55
2024-07-25,A,US_Corporate,BAMLC0A3CA,0.81
2024-07-25,BBB,US_Corporate,BAMLC0A4CBBB,1.17
2024-07-25,BB,US_High_Yield,BAMLH0A1HYBB,1.76
2024-07-25,B,US_High_Yield,BAMLH0A2HYB,2.84
2024-07-25,CCC_and_lower,US_High_Yield,BAMLH0A3HYC,9.31
2024-07-26,AAA,US_Corporate,BAMLC0A1CAAA,0.39
2024-07-26,AA,US_Corporate,BAMLC0A2CAA,0.55
2024-07-26,A,US_Corporate,BAMLC0A3CA,0.81
2024-07-26,BBB,US_Corporate,BAMLC0A4CBBB,1.17
2024-07-26,BB,US_High_Yield,BAMLH0A1HYBB,1.77
2024-07-26,B,US_High_Yield,BAMLH0A2HYB,2.89
2024-07-26,CCC_and_lower,US_High_Yield,BAMLH0A3HYC,9.29
2024-07-29,AAA,US_Corporate,BAMLC0A1CAAA,0.40
2024-07-29,AA,US_Corporate,BAMLC0A2CAA,0.55
2024-07-29,A,US_Corporate,BAMLC0A3CA,0.81
2024-07-29,BBB,US_Corporate,BAMLC0A4CBBB,1.17
2024-07-29,BB,US_High_Yield,BAMLH0A1HYBB,1.81
2024-07-29,B,US_High_Yield,BAMLH0A2HYB,2.91
2024-07-29,CCC_and_lower,US_High_Yield,BAMLH0A3HYC,9.22
2024-07-30,AAA,US_Corporate,BAMLC0A1CAAA,0.41
2024-07-30,AA,US_Corporate,BAMLC0A2CAA,0.55
2024-07-30,A,US_Corporate,BAMLC0A3CA,0.82
2024-07-30,BBB,US_Corporate,BAMLC0A4CBBB,1.18
2024-07-30,BB,US_High_Yield,BAMLH0A1HYBB,1.89
2024-07-30,B,US_High_Yield,BAMLH0A2HYB,3.00
2024-07-30,CCC_and_lower,US_High_Yield,BAMLH0A3HYC,9.19
2024-07-31,AAA,US_Corporate,BAMLC0A1CAAA,0.40
2024-07-31,AA,US_Corporate,BAMLC0A2CAA,0.56
2024-07-31,A,US_Corporate,BAMLC0A3CA,0.83
2024-07-31,BBB,US_Corporate,BAMLC0A4CBBB,1.20
2024-07-31,BB,US_High_Yield,BAMLH0A1HYBB,1.94
2024-07-31,B,US_High_Yield,BAMLH0A2HYB,3.01
2024-07-31,CCC_and_lower,US_High_Yield,BAMLH0A3HYC,9.42
2024-08-01,AAA,US_Corporate,BAMLC0A1CAAA,0.43
2024-08-01,AA,US_Corporate,BAMLC0A2CAA,0.58
2024-08-01,A,US_Corporate,BAMLC0A3CA,0.85
2024-08-01,BBB,US_Corporate,BAMLC0A4CBBB,1.23
2024-08-01,BB,US_High_Yield,BAMLH0A1HYBB,2.03
2024-08-01,B,US_High_Yield,BAMLH0A2HYB,3.13
2024-08-01,CCC_and_lower,US_High_Yield,BAMLH0A3HYC,9.53
2024-08-02,AAA,US_Corporate,BAMLC0A1CAAA,0.47
2024-08-02,AA,US_Corporate,BAMLC0A2CAA,0.63
2024-08-02,A,US_Corporate,BAMLC0A3CA,0.91
2024-08-02,BBB,US_Corporate,BAMLC0A4CBBB,1.30
2024-08-02,BB,US_High_Yield,BAMLH0A1HYBB,2.35
2024-08-02,B,US_High_Yield,BAMLH0A2HYB,3.53
2024-08-02,CCC_and_lower,US_High_Yield,BAMLH0A3HYC,10.10
2024-08-05,AAA,US_Corporate,BAMLC0A1CAAA,0.53
2024-08-05,AA,US_Corporate,BAMLC0A2CAA,0.68
2024-08-05,A,US_Corporate,BAMLC0A3CA,0.97
2024-08-05,BBB,US_Corporate,BAMLC0A4CBBB,1.37
2024-08-05,BB,US_High_Yield,BAMLH0A1HYBB,2.49
2024-08-05,B,US_High_Yield,BAMLH0A2HYB,3.76
2024-08-05,CCC_and_lower,US_High_Yield,BAMLH0A3HYC,10.55
2024-08-06,AAA,US_Corporate,BAMLC0A1CAAA,0.49
2024-08-06,AA,US_Corporate,BAMLC0A2CAA,0.65
2024-08-06,A,US_Corporate,BAMLC0A3CA,0.93
2024-08-06,BBB,US_Corporate,BAMLC0A4CBBB,1.32
2024-08-06,BB,US_High_Yield,BAMLH0A1HYBB,2.27
2024-08-06,B,US_High_Yield,BAMLH0A2HYB,3.49
2024-08-06,CCC_and_lower,US_High_Yield,BAMLH0A3HYC,10.19
2024-08-07,AAA,US_Corporate,BAMLC0A1CAAA,0.47
2024-08-07,AA,US_Corporate,BAMLC0A2CAA,0.64
2024-08-07,A,US_Corporate,BAMLC0A3CA,0.92
2024-08-07,BBB,US_Corporate,BAMLC0A4CBBB,1.31
2024-08-07,BB,US_High_Yield,BAMLH0A1HYBB,2.18
2024-08-07,B,US_High_Yield,BAMLH0A2HYB,3.39
2024-08-07,CCC_and_lower,US_High_Yield,BAMLH0A3HYC,9.96
2024-08-08,AAA,US_Corporate,BAMLC0A1CAAA,0.46
2024-08-08,AA,US_Corporate,BAMLC0A2CAA,0.62
2024-08-08,A,US_Corporate,BAMLC0A3CA,0.90
2024-08-08,BBB,US_Corporate,BAMLC0A4CBBB,1.29
2024-08-08,BB,US_High_Yield,BAMLH0A1HYBB,2.10
2024-08-08,B,US_High_Yield,BAMLH0A2HYB,3.31
2024-08-08,CCC_and_lower,US_High_Yield,BAMLH0A3HYC,9.83
2024-08-09,AAA,US_Corporate,BAMLC0A1CAAA,0.45
2024-08-09,AA,US_Corporate,BAMLC0A2CAA,0.62
2024-08-09,A,US_Corporate,BAMLC0A3CA,0.90
2024-08-09,BBB,US_Corporate,BAMLC0A4CBBB,1.28
2024-08-09,BB,US_High_Yield,BAMLH0A1HYBB,2.12
2024-08-09,B,US_High_Yield,BAMLH0A2HYB,3.29
2024-08-09,CCC_and_lower,US_High_Yield,BAMLH0A3HYC,9.83
2024-08-12,AAA,US_Corporate,BAMLC0A1CAAA,0.46
2024-08-12,AA,US_Corporate,BAMLC0A2CAA,0.62
2024-08-12,A,US_Corporate,BAMLC0A3CA,0.90
2024-08-12,BBB,US_Corporate,BAMLC0A4CBBB,1.29
2024-08-12,BB,US_High_Yield,BAMLH0A1HYBB,2.17
2024-08-12,B,US_High_Yield,BAMLH0A2HYB,3.32
2024-08-12,CCC_and_lower,US_High_Yield,BAMLH0A3HYC,9.80
2024-08-13,AAA,US_Corporate,BAMLC0A1CAAA,0.45
2024-08-13,AA,US_Corporate,BAMLC0A2CAA,0.61
2024-08-13,A,US_Corporate,BAMLC0A3CA,0.89
2024-08-13,BBB,US_Corporate,BAMLC0A4CBBB,1.28
2024-08-13,BB,US_High_Yield,BAMLH0A1HYBB,2.18
2024-08-13,B,US_High_Yield,BAMLH0A2HYB,3.33
2024-08-13,CCC_and_lower,US_High_Yield,BAMLH0A3HYC,9.84
2024-08-14,AAA,US_Corporate,BAMLC0A1CAAA,0.44
2024-08-14,AA,US_Corporate,BAMLC0A2CAA,0.60
2024-08-14,A,US_Corporate,BAMLC0A3CA,0.88
2024-08-14,BBB,US_Corporate,BAMLC0A4CBBB,1.26
2024-08-14,BB,US_High_Yield,BAMLH0A1HYBB,2.11
2024-08-14,B,US_High_Yield,BAMLH0A2HYB,3.27
2024-08-14,CCC_and_lower,US_High_Yield,BAMLH0A3HYC,9.69
2024-08-15,AAA,US_Corporate,BAMLC0A1CAAA,0.40
2024-08-15,AA,US_Corporate,BAMLC0A2CAA,0.57
2024-08-15,A,US_Corporate,BAMLC0A3CA,0.84
2024-08-15,BBB,US_Corporate,BAMLC0A4CBBB,1.22
2024-08-15,BB,US_High_Yield,BAMLH0A1HYBB,1.96
2024-08-15,B,US_High_Yield,BAMLH0A2HYB,3.07
2024-08-15,CCC_and_lower,US_High_Yield,BAMLH0A3HYC,9.66
2024-08-16,AAA,US_Corporate,BAMLC0A1CAAA,0.40
2024-08-16,AA,US_Corporate,BAMLC0A2CAA,0.56
2024-08-16,A,US_Corporate,BAMLC0A3CA,0.83
2024-08-16,BBB,US_Corporate,BAMLC0A4CBBB,1.21
2024-08-16,BB,US_High_Yield,BAMLH0A1HYBB,1.95
2024-08-16,B,US_High_Yield,BAMLH0A2HYB,3.04
2024-08-16,CCC_and_lower,US_High_Yield,BAMLH0A3HYC,9.63
2024-08-19,AAA,US_Corporate,BAMLC0A1CAAA,0.40
2024-08-19,AA,US_Corporate,BAMLC0A2CAA,0.55
2024-08-19,A,US_Corporate,BAMLC0A3CA,0.83
2024-08-19,BBB,US_Corporate,BAMLC0A4CBBB,1.21
2024-08-19,BB,US_High_Yield,BAMLH0A1HYBB,1.88
2024-08-19,B,US_High_Yield,BAMLH0A2HYB,2.93
2024-08-19,CCC_and_lower,US_High_Yield,BAMLH0A3HYC,9.52
2024-08-20,AAA,US_Corporate,BAMLC0A1CAAA,0.40
2024-08-20,AA,US_Corporate,BAMLC0A2CAA,0.56
2024-08-20,A,US_Corporate,BAMLC0A3CA,0.84
2024-08-20,BBB,US_Corporate,BAMLC0A4CBBB,1.22
2024-08-20,BB,US_High_Yield,BAMLH0A1HYBB,1.92
2024-08-20,B,US_High_Yield,BAMLH0A2HYB,2.99
2024-08-20,CCC_and_lower,US_High_Yield,BAMLH0A3HYC,9.59
2024-08-21,AAA,US_Corporate,BAMLC0A1CAAA,0.40
2024-08-21,AA,US_Corporate,BAMLC0A2CAA,0.56
2024-08-21,A,US_Corporate,BAMLC0A3CA,0.84
2024-08-21,BBB,US_Corporate,BAMLC0A4CBBB,1.22
2024-08-21,BB,US_High_Yield,BAMLH0A1HYBB,1.94
2024-08-21,B,US_High_Yield,BAMLH0A2HYB,3.00
2024-08-21,CCC_and_lower,US_High_Yield,BAMLH0A3HYC,9.61
2024-08-22,AAA,US_Corporate,BAMLC0A1CAAA,0.39
2024-08-22,AA,US_Corporate,BAMLC0A2CAA,0.55
2024-08-22,A,US_Corporate,BAMLC0A3CA,0.83
2024-08-22,BBB,US_Corporate,BAMLC0A4CBBB,1.21
2024-08-22,BB,US_High_Yield,BAMLH0A1HYBB,1.88
2024-08-22,B,US_High_Yield,BAMLH0A2HYB,2.95
2024-08-22,CCC_and_lower,US_High_Yield,BAMLH0A3HYC,9.52
2024-08-23,AAA,US_Corporate,BAMLC0A1CAAA,0.38
2024-08-23,AA,US_Corporate,BAMLC0A2CAA,0.54
2024-08-23,A,US_Corporate,BAMLC0A3CA,0.82
2024-08-23,BBB,US_Corporate,BAMLC0A4CBBB,1.20
2024-08-23,BB,US_High_Yield,BAMLH0A1HYBB,1.88
2024-08-23,B,US_High_Yield,BAMLH0A2HYB,2.92
2024-08-23,CCC_and_lower,US_High_Yield,BAMLH0A3HYC,9.45
2024-08-26,AAA,US_Corporate,BAMLC0A1CAAA,0.38
2024-08-26,AA,US_Corporate,BAMLC0A2CAA,0.54
2024-08-26,A,US_Corporate,BAMLC0A3CA,0.81
2024-08-26,BBB,US_Corporate,BAMLC0A4CBBB,1.19
2024-08-26,BB,US_High_Yield,BAMLH0A1HYBB,1.84
2024-08-26,B,US_High_Yield,BAMLH0A2HYB,2.88
2024-08-26,CCC_and_lower,US_High_Yield,BAMLH0A3HYC,9.39
2024-08-27,AAA,US_Corporate,BAMLC0A1CAAA,0.37
2024-08-27,AA,US_Corporate,BAMLC0A2CAA,0.54
2024-08-27,A,US_Corporate,BAMLC0A3CA,0.81
2024-08-27,BBB,US_Corporate,BAMLC0A4CBBB,1.19
2024-08-27,BB,US_High_Yield,BAMLH0A1HYBB,1.86
2024-08-27,B,US_High_Yield,BAMLH0A2HYB,2.91
2024-08-27,CCC_and_lower,US_High_Yield,BAMLH0A3HYC,9.43
2024-08-28,AAA,US_Corporate,BAMLC0A1CAAA,0.38
2024-08-28,AA,US_Corporate,BAMLC0A2CAA,0.54
2024-08-28,A,US_Corporate,BAMLC0A3CA,0.82
2024-08-28,BBB,US_Corporate,BAMLC0A4CBBB,1.19
2024-08-28,BB,US_High_Yield,BAMLH0A1HYBB,1.88
2024-08-28,B,US_High_Yield,BAMLH0A2HYB,2.92
2024-08-28,CCC_and_lower,US_High_Yield,BAMLH0A3HYC,9.44
2024-08-29,AAA,US_Corporate,BAMLC0A1CAAA,0.38
2024-08-29,AA,US_Corporate,BAMLC0A2CAA,0.53
2024-08-29,A,US_Corporate,BAMLC0A3CA,0.81
2024-08-29,BBB,US_Corporate,BAMLC0A4CBBB,1.19
2024-08-29,BB,US_High_Yield,BAMLH0A1HYBB,1.83
2024-08-29,B,US_High_Yield,BAMLH0A2HYB,2.89
2024-08-29,CCC_and_lower,US_High_Yield,BAMLH0A3HYC,9.37
2024-08-30,AAA,US_Corporate,BAMLC0A1CAAA,0.37
2024-08-30,AA,US_Corporate,BAMLC0A2CAA,0.53
2024-08-30,A,US_Corporate,BAMLC0A3CA,0.81
2024-08-30,BBB,US_Corporate,BAMLC0A4CBBB,1.18
2024-08-30,BB,US_High_Yield,BAMLH0A1HYBB,1.82
2024-08-30,B,US_High_Yield,BAMLH0A2HYB,2.86
2024-08-30,CCC_and_lower,US_High_Yield,BAMLH0A3HYC,9.37
2024-08-31,AAA,US_Corporate,BAMLC0A1CAAA,0.38
2024-08-31,AA,US_Corporate,BAMLC0A2CAA,0.55
2024-08-31,A,US_Corporate,BAMLC0A3CA,0.81
2024-08-31,BBB,US_Corporate,BAMLC0A4CBBB,1.19
2024-08-31,BB,US_High_Yield,BAMLH0A1HYBB,1.82
2024-08-31,B,US_High_Yield,BAMLH0A2HYB,3.00
2024-08-31,CCC_and_lower,US_High_Yield,BAMLH0A3HYC,9.47
2024-09-02,AAA,US_Corporate,BAMLC0A1CAAA,0.38
2024-09-02,AA,US_Corporate,BAMLC0A2CAA,0.55
2024-09-02,A,US_Corporate,BAMLC0A3CA,0.81
2024-09-02,BBB,US_Corporate,BAMLC0A4CBBB,1.19
2024-09-02,BB,US_High_Yield,BAMLH0A1HYBB,1.82
2024-09-02,B,US_High_Yield,BAMLH0A2HYB,3.00
2024-09-02,CCC_and_lower,US_High_Yield,BAMLH0A3HYC,9.47
2024-09-03,AAA,US_Corporate,BAMLC0A1CAAA,0.39
2024-09-03,AA,US_Corporate,BAMLC0A2CAA,0.56
2024-09-03,A,US_Corporate,BAMLC0A3CA,0.82
2024-09-03,BBB,US_Corporate,BAMLC0A4CBBB,1.22
2024-09-03,BB,US_High_Yield,BAMLH0A1HYBB,1.95
2024-09-03,B,US_High_Yield,BAMLH0A2HYB,3.14
2024-09-03,CCC_and_lower,US_High_Yield,BAMLH0A3HYC,9.65
2024-09-04,AAA,US_Corporate,BAMLC0A1CAAA,0.40
2024-09-04,AA,US_Corporate,BAMLC0A2CAA,0.57
2024-09-04,A,US_Corporate,BAMLC0A3CA,0.83
2024-09-04,BBB,US_Corporate,BAMLC0A4CBBB,1.23
2024-09-04,BB,US_High_Yield,BAMLH0A1HYBB,2.00
2024-09-04,B,US_High_Yield,BAMLH0A2HYB,3.19
2024-09-04,CCC_and_lower,US_High_Yield,BAMLH0A3HYC,9.57
2024-09-05,AAA,US_Corporate,BAMLC0A1CAAA,0.40
2024-09-05,AA,US_Corporate,BAMLC0A2CAA,0.57
2024-09-05,A,US_Corporate,BAMLC0A3CA,0.83
2024-09-05,BBB,US_Corporate,BAMLC0A4CBBB,1.23
2024-09-05,BB,US_High_Yield,BAMLH0A1HYBB,1.98
2024-09-05,B,US_High_Yield,BAMLH0A2HYB,3.12
2024-09-05,CCC_and_lower,US_High_Yield,BAMLH0A3HYC,9.32
2024-09-06,AAA,US_Corporate,BAMLC0A1CAAA,0.40
2024-09-06,AA,US_Corporate,BAMLC0A2CAA,0.57
2024-09-06,A,US_Corporate,BAMLC0A3CA,0.84
2024-09-06,BBB,US_Corporate,BAMLC0A4CBBB,1.24
2024-09-06,BB,US_High_Yield,BAMLH0A1HYBB,2.06
2024-09-06,B,US_High_Yield,BAMLH0A2HYB,3.25
2024-09-06,CCC_and_lower,US_High_Yield,BAMLH0A3HYC,9.37
2024-09-09,AAA,US_Corporate,BAMLC0A1CAAA,0.40
2024-09-09,AA,US_Corporate,BAMLC0A2CAA,0.57
2024-09-09,A,US_Corporate,BAMLC0A3CA,0.83
2024-09-09,BBB,US_Corporate,BAMLC0A4CBBB,1.23
2024-09-09,BB,US_High_Yield,BAMLH0A1HYBB,2.04
2024-09-09,B,US_High_Yield,BAMLH0A2HYB,3.22
2024-09-09,CCC_and_lower,US_High_Yield,BAMLH0A3HYC,9.29
2024-09-10,AAA,US_Corporate,BAMLC0A1CAAA,0.41
2024-09-10,AA,US_Corporate,BAMLC0A2CAA,0.58
2024-09-10,A,US_Corporate,BAMLC0A3CA,0.84
2024-09-10,BBB,US_Corporate,BAMLC0A4CBBB,1.25
2024-09-10,BB,US_High_Yield,BAMLH0A1HYBB,2.14
2024-09-10,B,US_High_Yield,BAMLH0A2HYB,3.35
2024-09-10,CCC_and_lower,US_High_Yield,BAMLH0A3HYC,9.33
2024-09-11,AAA,US_Corporate,BAMLC0A1CAAA,0.41
2024-09-11,AA,US_Corporate,BAMLC0A2CAA,0.58
2024-09-11,A,US_Corporate,BAMLC0A3CA,0.84
2024-09-11,BBB,US_Corporate,BAMLC0A4CBBB,1.25
2024-09-11,BB,US_High_Yield,BAMLH0A1HYBB,2.12
2024-09-11,B,US_High_Yield,BAMLH0A2HYB,3.36
2024-09-11,CCC_and_lower,US_High_Yield,BAMLH0A3HYC,9.27
2024-09-12,AAA,US_Corporate,BAMLC0A1CAAA,0.40
2024-09-12,AA,US_Corporate,BAMLC0A2CAA,0.57
2024-09-12,A,US_Corporate,BAMLC0A3CA,0.83
2024-09-12,BBB,US_Corporate,BAMLC0A4CBBB,1.24
2024-09-12,BB,US_High_Yield,BAMLH0A1HYBB,2.07
2024-09-12,B,US_High_Yield,BAMLH0A2HYB,3.30
2024-09-12,CCC_and_lower,US_High_Yield,BAMLH0A3HYC,9.17
2024-09-13,AAA,US_Corporate,BAMLC0A1CAAA,0.38
2024-09-13,AA,US_Corporate,BAMLC0A2CAA,0.56
2024-09-13,A,US_Corporate,BAMLC0A3CA,0.83
2024-09-13,BBB,US_Corporate,BAMLC0A4CBBB,1.23
2024-09-13,BB,US_High_Yield,BAMLH0A1HYBB,2.05
2024-09-13,B,US_High_Yield,BAMLH0A2HYB,3.28
2024-09-13,CCC_and_lower,US_High_Yield,BAMLH0A3HYC,9.19
2024-09-16,AAA,US_Corporate,BAMLC0A1CAAA,0.38
2024-09-16,AA,US_Corporate,BAMLC0A2CAA,0.56
2024-09-16,A,US_Corporate,BAMLC0A3CA,0.82
2024-09-16,BBB,US_Corporate,BAMLC0A4CBBB,1.22
2024-09-16,BB,US_High_Yield,BAMLH0A1HYBB,2.03
2024-09-16,B,US_High_Yield,BAMLH0A2HYB,3.24
2024-09-16,CCC_and_lower,US_High_Yield,BAMLH0A3HYC,8.90
2024-09-17,AAA,US_Corporate,BAMLC0A1CAAA,0.37
2024-09-17,AA,US_Corporate,BAMLC0A2CAA,0.55
2024-09-17,A,US_Corporate,BAMLC0A3CA,0.81
2024-09-17,BBB,US_Corporate,BAMLC0A4CBBB,1.20
2024-09-17,BB,US_High_Yield,BAMLH0A1HYBB,1.97
2024-09-17,B,US_High_Yield,BAMLH0A2HYB,3.18
2024-09-17,CCC_and_lower,US_High_Yield,BAMLH0A3HYC,8.77
2024-09-18,AAA,US_Corporate,BAMLC0A1CAAA,0.36
2024-09-18,AA,US_Corporate,BAMLC0A2CAA,0.54
2024-09-18,A,US_Corporate,BAMLC0A3CA,0.80
2024-09-18,BBB,US_Corporate,BAMLC0A4CBBB,1.19
2024-09-18,BB,US_High_Yield,BAMLH0A1HYBB,1.93
2024-09-18,B,US_High_Yield,BAMLH0A2HYB,3.14
2024-09-18,CCC_and_lower,US_High_Yield,BAMLH0A3HYC,8.71
2024-09-19,AAA,US_Corporate,BAMLC0A1CAAA,0.34
2024-09-19,AA,US_Corporate,BAMLC0A2CAA,0.52
2024-09-19,A,US_Corporate,BAMLC0A3CA,0.77
2024-09-19,BBB,US_Corporate,BAMLC0A4CBBB,1.16
2024-09-19,BB,US_High_Yield,BAMLH0A1HYBB,1.86
2024-09-19,B,US_High_Yield,BAMLH0A2HYB,3.02
2024-09-19,CCC_and_lower,US_High_Yield,BAMLH0A3HYC,8.47
2024-09-20,AAA,US_Corporate,BAMLC0A1CAAA,0.34
2024-09-20,AA,US_Corporate,BAMLC0A2CAA,0.52
2024-09-20,A,US_Corporate,BAMLC0A3CA,0.77
2024-09-20,BBB,US_Corporate,BAMLC0A4CBBB,1.17
2024-09-20,BB,US_High_Yield,BAMLH0A1HYBB,1.91
2024-09-20,B,US_High_Yield,BAMLH0A2HYB,3.07
2024-09-20,CCC_and_lower,US_High_Yield,BAMLH0A3HYC,8.50
2024-09-23,AAA,US_Corporate,BAMLC0A1CAAA,0.34
2024-09-23,AA,US_Corporate,BAMLC0A2CAA,0.51
2024-09-23,A,US_Corporate,BAMLC0A3CA,0.76
2024-09-23,BBB,US_Corporate,BAMLC0A4CBBB,1.16
2024-09-23,BB,US_High_Yield,BAMLH0A1HYBB,1.90
2024-09-23,B,US_High_Yield,BAMLH0A2HYB,3.06
2024-09-23,CCC_and_lower,US_High_Yield,BAMLH0A3HYC,8.59
2024-09-24,AAA,US_Corporate,BAMLC0A1CAAA,0.33
2024-09-24,AA,US_Corporate,BAMLC0A2CAA,0.51
2024-09-24,A,US_Corporate,BAMLC0A3CA,0.76
2024-09-24,BBB,US_Corporate,BAMLC0A4CBBB,1.15
2024-09-24,BB,US_High_Yield,BAMLH0A1HYBB,1.95
2024-09-24,B,US_High_Yield,BAMLH0A2HYB,3.13
2024-09-24,CCC_and_lower,US_High_Yield,BAMLH0A3HYC,8.68
2024-09-25,AAA,US_Corporate,BAMLC0A1CAAA,0.34
2024-09-25,AA,US_Corporate,BAMLC0A2CAA,0.51
2024-09-25,A,US_Corporate,BAMLC0A3CA,0.76
2024-09-25,BBB,US_Corporate,BAMLC0A4CBBB,1.15
2024-09-25,BB,US_High_Yield,BAMLH0A1HYBB,1.92
2024-09-25,B,US_High_Yield,BAMLH0A2HYB,3.11
2024-09-25,CCC_and_lower,US_High_Yield,BAMLH0A3HYC,8.65
2024-09-26,AAA,US_Corporate,BAMLC0A1CAAA,0.35
2024-09-26,AA,US_Corporate,BAMLC0A2CAA,0.51
2024-09-26,A,US_Corporate,BAMLC0A3CA,0.76
2024-09-26,BBB,US_Corporate,BAMLC0A4CBBB,1.15
2024-09-26,BB,US_High_Yield,BAMLH0A1HYBB,1.88
2024-09-26,B,US_High_Yield,BAMLH0A2HYB,3.05
2024-09-26,CCC_and_lower,US_High_Yield,BAMLH0A3HYC,8.63
2024-09-27,AAA,US_Corporate,BAMLC0A1CAAA,0.34
2024-09-27,AA,US_Corporate,BAMLC0A2CAA,0.52
2024-09-27,A,US_Corporate,BAMLC0A3CA,0.76
2024-09-27,BBB,US_Corporate,BAMLC0A4CBBB,1.15
2024-09-27,BB,US_High_Yield,BAMLH0A1HYBB,1.91
2024-09-27,B,US_High_Yield,BAMLH0A2HYB,3.07
2024-09-27,CCC_and_lower,US_High_Yield,BAMLH0A3HYC,8.40
2024-09-30,AAA,US_Corporate,BAMLC0A1CAAA,0.34
2024-09-30,AA,US_Corporate,BAMLC0A2CAA,0.52
2024-09-30,A,US_Corporate,BAMLC0A3CA,0.76
2024-09-30,BBB,US_Corporate,BAMLC0A4CBBB,1.16
2024-09-30,BB,US_High_Yield,BAMLH0A1HYBB,1.89
2024-09-30,B,US_High_Yield,BAMLH0A2HYB,2.99
2024-09-30,CCC_and_lower,US_High_Yield,BAMLH0A3HYC,8.02
2024-10-01,AAA,US_Corporate,BAMLC0A1CAAA,0.35
2024-10-01,AA,US_Corporate,BAMLC0A2CAA,0.52
2024-10-01,A,US_Corporate,BAMLC0A3CA,0.76
2024-10-01,BBB,US_Corporate,BAMLC0A4CBBB,1.16
2024-10-01,BB,US_High_Yield,BAMLH0A1HYBB,1.93
2024-10-01,B,US_High_Yield,BAMLH0A2HYB,3.04
2024-10-01,CCC_and_lower,US_High_Yield,BAMLH0A3HYC,8.06
2024-10-02,AAA,US_Corporate,BAMLC0A1CAAA,0.34
2024-10-02,AA,US_Corporate,BAMLC0A2CAA,0.52
2024-10-02,A,US_Corporate,BAMLC0A3CA,0.75
2024-10-02,BBB,US_Corporate,BAMLC0A4CBBB,1.15
2024-10-02,BB,US_High_Yield,BAMLH0A1HYBB,1.92
2024-10-02,B,US_High_Yield,BAMLH0A2HYB,3.03
2024-10-02,CCC_and_lower,US_High_Yield,BAMLH0A3HYC,8.06
2024-10-03,AAA,US_Corporate,BAMLC0A1CAAA,0.33
2024-10-03,AA,US_Corporate,BAMLC0A2CAA,0.51
2024-10-03,A,US_Corporate,BAMLC0A3CA,0.74
2024-10-03,BBB,US_Corporate,BAMLC0A4CBBB,1.13
2024-10-03,BB,US_High_Yield,BAMLH0A1HYBB,1.89
2024-10-03,B,US_High_Yield,BAMLH0A2HYB,3.02
2024-10-03,CCC_and_lower,US_High_Yield,BAMLH0A3HYC,8.01
2024-10-04,AAA,US_Corporate,BAMLC0A1CAAA,0.31
2024-10-04,AA,US_Corporate,BAMLC0A2CAA,0.48
2024-10-04,A,US_Corporate,BAMLC0A3CA,0.71
2024-10-04,BBB,US_Corporate,BAMLC0A4CBBB,1.10
2024-10-04,BB,US_High_Yield,BAMLH0A1HYBB,1.76
2024-10-04,B,US_High_Yield,BAMLH0A2HYB,2.86
2024-10-04,CCC_and_lower,US_High_Yield,BAMLH0A3HYC,7.85
2024-10-07,AAA,US_Corporate,BAMLC0A1CAAA,0.32
2024-10-07,AA,US_Corporate,BAMLC0A2CAA,0.48
2024-10-07,A,US_Corporate,BAMLC0A3CA,0.71
2024-10-07,BBB,US_Corporate,BAMLC0A4CBBB,1.09
2024-10-07,BB,US_High_Yield,BAMLH0A1HYBB,1.81
2024-10-07,B,US_High_Yield,BAMLH0A2HYB,2.92
2024-10-07,CCC_and_lower,US_High_Yield,BAMLH0A3HYC,7.90
2024-10-08,AAA,US_Corporate,BAMLC0A1CAAA,0.32
2024-10-08,AA,US_Corporate,BAMLC0A2CAA,0.49
2024-10-08,A,US_Corporate,BAMLC0A3CA,0.71
2024-10-08,BBB,US_Corporate,BAMLC0A4CBBB,1.09
2024-10-08,BB,US_High_Yield,BAMLH0A1HYBB,1.85
2024-10-08,B,US_High_Yield,BAMLH0A2HYB,2.96
2024-10-08,CCC_and_lower,US_High_Yield,BAMLH0A3HYC,7.92
2024-10-09,AAA,US_Corporate,BAMLC0A1CAAA,0.32
2024-10-09,AA,US_Corporate,BAMLC0A2CAA,0.48
2024-10-09,A,US_Corporate,BAMLC0A3CA,0.70
2024-10-09,BBB,US_Corporate,BAMLC0A4CBBB,1.08
2024-10-09,BB,US_High_Yield,BAMLH0A1HYBB,1.81
2024-10-09,B,US_High_Yield,BAMLH0A2HYB,2.92
2024-10-09,CCC_and_lower,US_High_Yield,BAMLH0A3HYC,7.87
2024-10-10,AAA,US_Corporate,BAMLC0A1CAAA,0.31
2024-10-10,AA,US_Corporate,BAMLC0A2CAA,0.47
2024-10-10,A,US_Corporate,BAMLC0A3CA,0.69
2024-10-10,BBB,US_Corporate,BAMLC0A4CBBB,1.07
2024-10-10,BB,US_High_Yield,BAMLH0A1HYBB,1.85
2024-10-10,B,US_High_Yield,BAMLH0A2HYB,2.98
2024-10-10,CCC_and_lower,US_High_Yield,BAMLH0A3HYC,7.90
2024-10-11,AAA,US_Corporate,BAMLC0A1CAAA,0.30
2024-10-11,AA,US_Corporate,BAMLC0A2CAA,0.46
2024-10-11,A,US_Corporate,BAMLC0A3CA,0.69
2024-10-11,BBB,US_Corporate,BAMLC0A4CBBB,1.06
2024-10-11,BB,US_High_Yield,BAMLH0A1HYBB,1.84
2024-10-11,B,US_High_Yield,BAMLH0A2HYB,2.96
2024-10-11,CCC_and_lower,US_High_Yield,BAMLH0A3HYC,7.88
2024-10-14,AAA,US_Corporate,BAMLC0A1CAAA,0.30
2024-10-14,AA,US_Corporate,BAMLC0A2CAA,0.46
2024-10-14,A,US_Corporate,BAMLC0A3CA,0.69
2024-10-14,BBB,US_Corporate,BAMLC0A4CBBB,1.06
2024-10-14,BB,US_High_Yield,BAMLH0A1HYBB,1.83
2024-10-14,B,US_High_Yield,BAMLH0A2HYB,2.95
2024-10-14,CCC_and_lower,US_High_Yield,BAMLH0A3HYC,7.85
2024-10-15,AAA,US_Corporate,BAMLC0A1CAAA,0.31
2024-10-15,AA,US_Corporate,BAMLC0A2CAA,0.46
2024-10-15,A,US_Corporate,BAMLC0A3CA,0.69
2024-10-15,BBB,US_Corporate,BAMLC0A4CBBB,1.05
2024-10-15,BB,US_High_Yield,BAMLH0A1HYBB,1.80
2024-10-15,B,US_High_Yield,BAMLH0A2HYB,2.89
2024-10-15,CCC_and_lower,US_High_Yield,BAMLH0A3HYC,7.80
2024-10-16,AAA,US_Corporate,BAMLC0A1CAAA,0.30
2024-10-16,AA,US_Corporate,BAMLC0A2CAA,0.46
2024-10-16,A,US_Corporate,BAMLC0A3CA,0.68
2024-10-16,BBB,US_Corporate,BAMLC0A4CBBB,1.05
2024-10-16,BB,US_High_Yield,BAMLH0A1HYBB,1.79
2024-10-16,B,US_High_Yield,BAMLH0A2HYB,2.87
2024-10-16,CCC_and_lower,US_High_Yield,BAMLH0A3HYC,7.75
2024-10-17,AAA,US_Corporate,BAMLC0A1CAAA,0.30
2024-10-17,AA,US_Corporate,BAMLC0A2CAA,0.46
2024-10-17,A,US_Corporate,BAMLC0A3CA,0.68
2024-10-17,BBB,US_Corporate,BAMLC0A4CBBB,1.04
2024-10-17,BB,US_High_Yield,BAMLH0A1HYBB,1.78
2024-10-17,B,US_High_Yield,BAMLH0A2HYB,2.84
2024-10-17,CCC_and_lower,US_High_Yield,BAMLH0A3HYC,7.69
2024-10-18,AAA,US_Corporate,BAMLC0A1CAAA,0.30
2024-10-18,AA,US_Corporate,BAMLC0A2CAA,0.46
2024-10-18,A,US_Corporate,BAMLC0A3CA,0.68
2024-10-18,BBB,US_Corporate,BAMLC0A4CBBB,1.05
2024-10-18,BB,US_High_Yield,BAMLH0A1HYBB,1.78
2024-10-18,B,US_High_Yield,BAMLH0A2HYB,2.85
2024-10-18,CCC_and_lower,US_High_Yield,BAMLH0A3HYC,7.66
2024-10-21,AAA,US_Corporate,BAMLC0A1CAAA,0.32
2024-10-21,AA,US_Corporate,BAMLC0A2CAA,0.47
2024-10-21,A,US_Corporate,BAMLC0A3CA,0.70
2024-10-21,BBB,US_Corporate,BAMLC0A4CBBB,1.07
2024-10-21,BB,US_High_Yield,BAMLH0A1HYBB,1.78
2024-10-21,B,US_High_Yield,BAMLH0A2HYB,2.83
2024-10-21,CCC_and_lower,US_High_Yield,BAMLH0A3HYC,7.67
2024-10-22,AAA,US_Corporate,BAMLC0A1CAAA,0.33
2024-10-22,AA,US_Corporate,BAMLC0A2CAA,0.48
2024-10-22,A,US_Corporate,BAMLC0A3CA,0.71
2024-10-22,BBB,US_Corporate,BAMLC0A4CBBB,1.07
2024-10-22,BB,US_High_Yield,BAMLH0A1HYBB,1.83
2024-10-22,B,US_High_Yield,BAMLH0A2HYB,2.87
2024-10-22,CCC_and_lower,US_High_Yield,BAMLH0A3HYC,7.69
2024-10-23,AAA,US_Corporate,BAMLC0A1CAAA,0.33
2024-10-23,AA,US_Corporate,BAMLC0A2CAA,0.48
2024-10-23,A,US_Corporate,BAMLC0A3CA,0.71
2024-10-23,BBB,US_Corporate,BAMLC0A4CBBB,1.08
2024-10-23,BB,US_High_Yield,BAMLH0A1HYBB,1.85
2024-10-23,B,US_High_Yield,BAMLH0A2HYB,2.90
2024-10-23,CCC_and_lower,US_High_Yield,BAMLH0A3HYC,7.71
2024-10-24,AAA,US_Corporate,BAMLC0A1CAAA,0.34
2024-10-24,AA,US_Corporate,BAMLC0A2CAA,0.49
2024-10-24,A,US_Corporate,BAMLC0A3CA,0.71
2024-10-24,BBB,US_Corporate,BAMLC0A4CBBB,1.08
2024-10-24,BB,US_High_Yield,BAMLH0A1HYBB,1.83
2024-10-24,B,US_High_Yield,BAMLH0A2HYB,2.88
2024-10-24,CCC_and_lower,US_High_Yield,BAMLH0A3HYC,7.69
2024-10-25,AAA,US_Corporate,BAMLC0A1CAAA,0.33
2024-10-25,AA,US_Corporate,BAMLC0A2CAA,0.48
2024-10-25,A,US_Corporate,BAMLC0A3CA,0.70
2024-10-25,BBB,US_Corporate,BAMLC0A4CBBB,1.07
2024-10-25,BB,US_High_Yield,BAMLH0A1HYBB,1.79
2024-10-25,B,US_High_Yield,BAMLH0A2HYB,2.85
2024-10-25,CCC_and_lower,US_High_Yield,BAMLH0A3HYC,7.69
2024-10-28,AAA,US_Corporate,BAMLC0A1CAAA,0.32
2024-10-28,AA,US_Corporate,BAMLC0A2CAA,0.48
2024-10-28,A,US_Corporate,BAMLC0A3CA,0.70
2024-10-28,BBB,US_Corporate,BAMLC0A4CBBB,1.06
2024-10-28,BB,US_High_Yield,BAMLH0A1HYBB,1.72
2024-10-28,B,US_High_Yield,BAMLH0A2HYB,2.78
2024-10-28,CCC_and_lower,US_High_Yield,BAMLH0A3HYC,7.59
2024-10-29,AAA,US_Corporate,BAMLC0A1CAAA,0.32
2024-10-29,AA,US_Corporate,BAMLC0A2CAA,0.48
2024-10-29,A,US_Corporate,BAMLC0A3CA,0.70
2024-10-29,BBB,US_Corporate,BAMLC0A4CBBB,1.06
2024-10-29,BB,US_High_Yield,BAMLH0A1HYBB,1.76
2024-10-29,B,US_High_Yield,BAMLH0A2HYB,2.81
2024-10-29,CCC_and_lower,US_High_Yield,BAMLH0A3HYC,7.61
2024-10-30,AAA,US_Corporate,BAMLC0A1CAAA,0.33
2024-10-30,AA,US_Corporate,BAMLC0A2CAA,0.48
2024-10-30,A,US_Corporate,BAMLC0A3CA,0.70
2024-10-30,BBB,US_Corporate,BAMLC0A4CBBB,1.06
2024-10-30,BB,US_High_Yield,BAMLH0A1HYBB,1.71
2024-10-30,B,US_High_Yield,BAMLH0A2HYB,2.75
2024-10-30,CCC_and_lower,US_High_Yield,BAMLH0A3HYC,7.52
2024-10-31,AAA,US_Corporate,BAMLC0A1CAAA,0.35
2024-10-31,AA,US_Corporate,BAMLC0A2CAA,0.49
2024-10-31,A,US_Corporate,BAMLC0A3CA,0.71
2024-10-31,BBB,US_Corporate,BAMLC0A4CBBB,1.08
2024-10-31,BB,US_High_Yield,BAMLH0A1HYBB,1.80
2024-10-31,B,US_High_Yield,BAMLH0A2HYB,2.86
2024-10-31,CCC_and_lower,US_High_Yield,BAMLH0A3HYC,7.56
2024-11-01,AAA,US_Corporate,BAMLC0A1CAAA,0.35
2024-11-01,AA,US_Corporate,BAMLC0A2CAA,0.49
2024-11-01,A,US_Corporate,BAMLC0A3CA,0.71
2024-11-01,BBB,US_Corporate,BAMLC0A4CBBB,1.07
2024-11-01,BB,US_High_Yield,BAMLH0A1HYBB,1.75
2024-11-01,B,US_High_Yield,BAMLH0A2HYB,2.84
2024-11-01,CCC_and_lower,US_High_Yield,BAMLH0A3HYC,7.41
2024-11-04,AAA,US_Corporate,BAMLC0A1CAAA,0.34
2024-11-04,AA,US_Corporate,BAMLC0A2CAA,0.49
2024-11-04,A,US_Corporate,BAMLC0A3CA,0.71
2024-11-04,BBB,US_Corporate,BAMLC0A4CBBB,1.07
2024-11-04,BB,US_High_Yield,BAMLH0A1HYBB,1.79
2024-11-04,B,US_High_Yield,BAMLH0A2HYB,2.87
2024-11-04,CCC_and_lower,US_High_Yield,BAMLH0A3HYC,7.51
2024-11-05,AAA,US_Corporate,BAMLC0A1CAAA,0.34
2024-11-05,AA,US_Corporate,BAMLC0A2CAA,0.48
2024-11-05,A,US_Corporate,BAMLC0A3CA,0.70
2024-11-05,BBB,US_Corporate,BAMLC0A4CBBB,1.06
2024-11-05,BB,US_High_Yield,BAMLH0A1HYBB,1.78
2024-11-05,B,US_High_Yield,BAMLH0A2HYB,2.84
2024-11-05,CCC_and_lower,US_High_Yield,BAMLH0A3HYC,7.50
2024-11-06,AAA,US_Corporate,BAMLC0A1CAAA,0.31
2024-11-06,AA,US_Corporate,BAMLC0A2CAA,0.45
2024-11-06,A,US_Corporate,BAMLC0A3CA,0.66
2024-11-06,BBB,US_Corporate,BAMLC0A4CBBB,1.01
2024-11-06,BB,US_High_Yield,BAMLH0A1HYBB,1.68
2024-11-06,B,US_High_Yield,BAMLH0A2HYB,2.70
2024-11-06,CCC_and_lower,US_High_Yield,BAMLH0A3HYC,7.33
2024-11-07,AAA,US_Corporate,BAMLC0A1CAAA,0.29
2024-11-07,AA,US_Corporate,BAMLC0A2CAA,0.43
2024-11-07,A,US_Corporate,BAMLC0A3CA,0.64
2024-11-07,BBB,US_Corporate,BAMLC0A4CBBB,0.99
2024-11-07,BB,US_High_Yield,BAMLH0A1HYBB,1.69
2024-11-07,B,US_High_Yield,BAMLH0A2HYB,2.69
2024-11-07,CCC_and_lower,US_High_Yield,BAMLH0A3HYC,7.28
2024-11-08,AAA,US_Corporate,BAMLC0A1CAAA,0.30
2024-11-08,AA,US_Corporate,BAMLC0A2CAA,0.43
2024-11-08,A,US_Corporate,BAMLC0A3CA,0.63
2024-11-08,BBB,US_Corporate,BAMLC0A4CBBB,0.98
2024-11-08,BB,US_High_Yield,BAMLH0A1HYBB,1.58
2024-11-08,B,US_High_Yield,BAMLH0A2HYB,2.58
2024-11-08,CCC_and_lower,US_High_Yield,BAMLH0A3HYC,7.21
2024-11-11,AAA,US_Corporate,BAMLC0A1CAAA,0.30
2024-11-11,AA,US_Corporate,BAMLC0A2CAA,0.43
2024-11-11,A,US_Corporate,BAMLC0A3CA,0.63
2024-11-11,BBB,US_Corporate,BAMLC0A4CBBB,0.98
2024-11-11,BB,US_High_Yield,BAMLH0A1HYBB,1.58
2024-11-11,B,US_High_Yield,BAMLH0A2HYB,2.58
2024-11-11,CCC_and_lower,US_High_Yield,BAMLH0A3HYC,7.21
2024-11-12,AAA,US_Corporate,BAMLC0A1CAAA,0.30
2024-11-12,AA,US_Corporate,BAMLC0A2CAA,0.43
2024-11-12,A,US_Corporate,BAMLC0A3CA,0.63
2024-11-12,BBB,US_Corporate,BAMLC0A4CBBB,0.97
2024-11-12,BB,US_High_Yield,BAMLH0A1HYBB,1.57
2024-11-12,B,US_High_Yield,BAMLH0A2HYB,2.55
2024-11-12,CCC_and_lower,US_High_Yield,BAMLH0A3HYC,7.19
2024-11-13,AAA,US_Corporate,BAMLC0A1CAAA,0.31
2024-11-13,AA,US_Corporate,BAMLC0A2CAA,0.44
2024-11-13,A,US_Corporate,BAMLC0A3CA,0.65
2024-11-13,BBB,US_Corporate,BAMLC0A4CBBB,0.99
2024-11-13,BB,US_High_Yield,BAMLH0A1HYBB,1.59
2024-11-13,B,US_High_Yield,BAMLH0A2HYB,2.58
2024-11-13,CCC_and_lower,US_High_Yield,BAMLH0A3HYC,7.25
2024-11-14,AAA,US_Corporate,BAMLC0A1CAAA,0.33
2024-11-14,AA,US_Corporate,BAMLC0A2CAA,0.45
2024-11-14,A,US_Corporate,BAMLC0A3CA,0.66
2024-11-14,BBB,US_Corporate,BAMLC0A4CBBB,1.00
2024-11-14,BB,US_High_Yield,BAMLH0A1HYBB,1.57
2024-11-14,B,US_High_Yield,BAMLH0A2HYB,2.54
2024-11-14,CCC_and_lower,US_High_Yield,BAMLH0A3HYC,7.16
2024-11-15,AAA,US_Corporate,BAMLC0A1CAAA,0.32
2024-11-15,AA,US_Corporate,BAMLC0A2CAA,0.46
2024-11-15,A,US_Corporate,BAMLC0A3CA,0.67
2024-11-15,BBB,US_Corporate,BAMLC0A4CBBB,1.01
2024-11-15,BB,US_High_Yield,BAMLH0A1HYBB,1.68
2024-11-15,B,US_High_Yield,BAMLH0A2HYB,2.69
2024-11-15,CCC_and_lower,US_High_Yield,BAMLH0A3HYC,7.25
2024-11-18,AAA,US_Corporate,BAMLC0A1CAAA,0.31
2024-11-18,AA,US_Corporate,BAMLC0A2CAA,0.45
2024-11-18,A,US_Corporate,BAMLC0A3CA,0.66
2024-11-18,BBB,US_Corporate,BAMLC0A4CBBB,1.00
2024-11-18,BB,US_High_Yield,BAMLH0A1HYBB,1.69
2024-11-18,B,US_High_Yield,BAMLH0A2HYB,2.67
2024-11-18,CCC_and_lower,US_High_Yield,BAMLH0A3HYC,7.25
2024-11-19,AAA,US_Corporate,BAMLC0A1CAAA,0.32
2024-11-19,AA,US_Corporate,BAMLC0A2CAA,0.45
2024-11-19,A,US_Corporate,BAMLC0A3CA,0.66
2024-11-19,BBB,US_Corporate,BAMLC0A4CBBB,1.00
2024-11-19,BB,US_High_Yield,BAMLH0A1HYBB,1.65
2024-11-19,B,US_High_Yield,BAMLH0A2HYB,2.64
2024-11-19,CCC_and_lower,US_High_Yield,BAMLH0A3HYC,7.22
2024-11-20,AAA,US_Corporate,BAMLC0A1CAAA,0.33
2024-11-20,AA,US_Corporate,BAMLC0A2CAA,0.46
2024-11-20,A,US_Corporate,BAMLC0A3CA,0.67
2024-11-20,BBB,US_Corporate,BAMLC0A4CBBB,1.01
2024-11-20,BB,US_High_Yield,BAMLH0A1HYBB,1.63
2024-11-20,B,US_High_Yield,BAMLH0A2HYB,2.63
2024-11-20,CCC_and_lower,US_High_Yield,BAMLH0A3HYC,7.19
2024-11-21,AAA,US_Corporate,BAMLC0A1CAAA,0.32
2024-11-21,AA,US_Corporate,BAMLC0A2CAA,0.46
2024-11-21,A,US_Corporate,BAMLC0A3CA,0.67
2024-11-21,BBB,US_Corporate,BAMLC0A4CBBB,1.01
2024-11-21,BB,US_High_Yield,BAMLH0A1HYBB,1.58
2024-11-21,B,US_High_Yield,BAMLH0A2HYB,2.57
2024-11-21,CCC_and_lower,US_High_Yield,BAMLH0A3HYC,7.06
2024-11-22,AAA,US_Corporate,BAMLC0A1CAAA,0.33
2024-11-22,AA,US_Corporate,BAMLC0A2CAA,0.46
2024-11-22,A,US_Corporate,BAMLC0A3CA,0.67
2024-11-22,BBB,US_Corporate,BAMLC0A4CBBB,1.00
2024-11-22,BB,US_High_Yield,BAMLH0A1HYBB,1.58
2024-11-22,B,US_High_Yield,BAMLH0A2HYB,2.58
2024-11-22,CCC_and_lower,US_High_Yield,BAMLH0A3HYC,7.10
2024-11-25,AAA,US_Corporate,BAMLC0A1CAAA,0.33
2024-11-25,AA,US_Corporate,BAMLC0A2CAA,0.46
2024-11-25,A,US_Corporate,BAMLC0A3CA,0.67
2024-11-25,BBB,US_Corporate,BAMLC0A4CBBB,1.00
2024-11-25,BB,US_High_Yield,BAMLH0A1HYBB,1.61
2024-11-25,B,US_High_Yield,BAMLH0A2HYB,2.59
2024-11-25,CCC_and_lower,US_High_Yield,BAMLH0A3HYC,7.16
2024-11-26,AAA,US_Corporate,BAMLC0A1CAAA,0.34
2024-11-26,AA,US_Corporate,BAMLC0A2CAA,0.47
2024-11-26,A,US_Corporate,BAMLC0A3CA,0.68
2024-11-26,BBB,US_Corporate,BAMLC0A4CBBB,1.01
2024-11-26,BB,US_High_Yield,BAMLH0A1HYBB,1.64
2024-11-26,B,US_High_Yield,BAMLH0A2HYB,2.64
2024-11-26,CCC_and_lower,US_High_Yield,BAMLH0A3HYC,7.18
2024-11-27,AAA,US_Corporate,BAMLC0A1CAAA,0.35
2024-11-27,AA,US_Corporate,BAMLC0A2CAA,0.48
2024-11-27,A,US_Corporate,BAMLC0A3CA,0.69
2024-11-27,BBB,US_Corporate,BAMLC0A4CBBB,1.02
2024-11-27,BB,US_High_Yield,BAMLH0A1HYBB,1.65
2024-11-27,B,US_High_Yield,BAMLH0A2HYB,2.65
2024-11-27,CCC_and_lower,US_High_Yield,BAMLH0A3HYC,7.22
2024-11-28,AAA,US_Corporate,BAMLC0A1CAAA,0.35
2024-11-28,AA,US_Corporate,BAMLC0A2CAA,0.48
2024-11-28,A,US_Corporate,BAMLC0A3CA,0.69
2024-11-28,BBB,US_Corporate,BAMLC0A4CBBB,1.02
2024-11-28,BB,US_High_Yield,BAMLH0A1HYBB,1.65
2024-11-28,B,US_High_Yield,BAMLH0A2HYB,2.65
2024-11-28,CCC_and_lower,US_High_Yield,BAMLH0A3HYC,7.22
2024-11-29,AAA,US_Corporate,BAMLC0A1CAAA,0.34
2024-11-29,AA,US_Corporate,BAMLC0A2CAA,0.47
2024-11-29,A,US_Corporate,BAMLC0A3CA,0.68
2024-11-29,BBB,US_Corporate,BAMLC0A4CBBB,1.02
2024-11-29,BB,US_High_Yield,BAMLH0A1HYBB,1.67
2024-11-29,B,US_High_Yield,BAMLH0A2HYB,2.69
2024-11-29,CCC_and_lower,US_High_Yield,BAMLH0A3HYC,7.26
2024-11-30,AAA,US_Corporate,BAMLC0A1CAAA,0.35
2024-11-30,AA,US_Corporate,BAMLC0A2CAA,0.48
2024-11-30,A,US_Corporate,BAMLC0A3CA,0.69
2024-11-30,BBB,US_Corporate,BAMLC0A4CBBB,1.03
2024-11-30,BB,US_High_Yield,BAMLH0A1HYBB,1.68
2024-11-30,B,US_High_Yield,BAMLH0A2HYB,2.73
2024-11-30,CCC_and_lower,US_High_Yield,BAMLH0A3HYC,7.35
2024-12-02,AAA,US_Corporate,BAMLC0A1CAAA,0.34
2024-12-02,AA,US_Corporate,BAMLC0A2CAA,0.47
2024-12-02,A,US_Corporate,BAMLC0A3CA,0.68
2024-12-02,BBB,US_Corporate,BAMLC0A4CBBB,1.01
2024-12-02,BB,US_High_Yield,BAMLH0A1HYBB,1.63
2024-12-02,B,US_High_Yield,BAMLH0A2HYB,2.65
2024-12-02,CCC_and_lower,US_High_Yield,BAMLH0A3HYC,7.32
2024-12-03,AAA,US_Corporate,BAMLC0A1CAAA,0.34
2024-12-03,AA,US_Corporate,BAMLC0A2CAA,0.46
2024-12-03,A,US_Corporate,BAMLC0A3CA,0.67
2024-12-03,BBB,US_Corporate,BAMLC0A4CBBB,1.00
2024-12-03,BB,US_High_Yield,BAMLH0A1HYBB,1.60
2024-12-03,B,US_High_Yield,BAMLH0A2HYB,2.64
2024-12-03,CCC_and_lower,US_High_Yield,BAMLH0A3HYC,7.32
2024-12-04,AAA,US_Corporate,BAMLC0A1CAAA,0.33
2024-12-04,AA,US_Corporate,BAMLC0A2CAA,0.46
2024-12-04,A,US_Corporate,BAMLC0A3CA,0.67
2024-12-04,BBB,US_Corporate,BAMLC0A4CBBB,1.01
2024-12-04,BB,US_High_Yield,BAMLH0A1HYBB,1.61
2024-12-04,B,US_High_Yield,BAMLH0A2HYB,2.63
2024-12-04,CCC_and_lower,US_High_Yield,BAMLH0A3HYC,7.31
2024-12-05,AAA,US_Corporate,BAMLC0A1CAAA,0.33
2024-12-05,AA,US_Corporate,BAMLC0A2CAA,0.47
2024-12-05,A,US_Corporate,BAMLC0A3CA,0.67
2024-12-05,BBB,US_Corporate,BAMLC0A4CBBB,1.01
2024-12-05,BB,US_High_Yield,BAMLH0A1HYBB,1.61
2024-12-05,B,US_High_Yield,BAMLH0A2HYB,2.63
2024-12-05,CCC_and_lower,US_High_Yield,BAMLH0A3HYC,7.27
2024-12-06,AAA,US_Corporate,BAMLC0A1CAAA,0.34
2024-12-06,AA,US_Corporate,BAMLC0A2CAA,0.47
2024-12-06,A,US_Corporate,BAMLC0A3CA,0.68
2024-12-06,BBB,US_Corporate,BAMLC0A4CBBB,1.02
2024-12-06,BB,US_High_Yield,BAMLH0A1HYBB,1.62
2024-12-06,B,US_High_Yield,BAMLH0A2HYB,2.64
2024-12-06,CCC_and_lower,US_High_Yield,BAMLH0A3HYC,7.30
2024-12-09,AAA,US_Corporate,BAMLC0A1CAAA,0.34
2024-12-09,AA,US_Corporate,BAMLC0A2CAA,0.47
2024-12-09,A,US_Corporate,BAMLC0A3CA,0.67
2024-12-09,BBB,US_Corporate,BAMLC0A4CBBB,1.01
2024-12-09,BB,US_High_Yield,BAMLH0A1HYBB,1.62
2024-12-09,B,US_High_Yield,BAMLH0A2HYB,2.65
2024-12-09,CCC_and_lower,US_High_Yield,BAMLH0A3HYC,7.24
2024-12-10,AAA,US_Corporate,BAMLC0A1CAAA,0.33
2024-12-10,AA,US_Corporate,BAMLC0A2CAA,0.46
2024-12-10,A,US_Corporate,BAMLC0A3CA,0.66
2024-12-10,BBB,US_Corporate,BAMLC0A4CBBB,1.00
2024-12-10,BB,US_High_Yield,BAMLH0A1HYBB,1.63
2024-12-10,B,US_High_Yield,BAMLH0A2HYB,2.66
2024-12-10,CCC_and_lower,US_High_Yield,BAMLH0A3HYC,7.21
2024-12-11,AAA,US_Corporate,BAMLC0A1CAAA,0.32
2024-12-11,AA,US_Corporate,BAMLC0A2CAA,0.45
2024-12-11,A,US_Corporate,BAMLC0A3CA,0.65
2024-12-11,BBB,US_Corporate,BAMLC0A4CBBB,0.98
2024-12-11,BB,US_High_Yield,BAMLH0A1HYBB,1.61
2024-12-11,B,US_High_Yield,BAMLH0A2HYB,2.61
2024-12-11,CCC_and_lower,US_High_Yield,BAMLH0A3HYC,7.15
2024-12-12,AAA,US_Corporate,BAMLC0A1CAAA,0.33
2024-12-12,AA,US_Corporate,BAMLC0A2CAA,0.45
2024-12-12,A,US_Corporate,BAMLC0A3CA,0.66
2024-12-12,BBB,US_Corporate,BAMLC0A4CBBB,0.99
2024-12-12,BB,US_High_Yield,BAMLH0A1HYBB,1.63
2024-12-12,B,US_High_Yield,BAMLH0A2HYB,2.64
2024-12-12,CCC_and_lower,US_High_Yield,BAMLH0A3HYC,7.14
2024-12-13,AAA,US_Corporate,BAMLC0A1CAAA,0.32
2024-12-13,AA,US_Corporate,BAMLC0A2CAA,0.45
2024-12-13,A,US_Corporate,BAMLC0A3CA,0.65
2024-12-13,BBB,US_Corporate,BAMLC0A4CBBB,0.98
2024-12-13,BB,US_High_Yield,BAMLH0A1HYBB,1.65
2024-12-13,B,US_High_Yield,BAMLH0A2HYB,2.67
2024-12-13,CCC_and_lower,US_High_Yield,BAMLH0A3HYC,7.16
2024-12-16,AAA,US_Corporate,BAMLC0A1CAAA,0.32
2024-12-16,AA,US_Corporate,BAMLC0A2CAA,0.45
2024-12-16,A,US_Corporate,BAMLC0A3CA,0.65
2024-12-16,BBB,US_Corporate,BAMLC0A4CBBB,0.98
2024-12-16,BB,US_High_Yield,BAMLH0A1HYBB,1.65
2024-12-16,B,US_High_Yield,BAMLH0A2HYB,2.68
2024-12-16,CCC_and_lower,US_High_Yield,BAMLH0A3HYC,7.16
2024-12-17,AAA,US_Corporate,BAMLC0A1CAAA,0.33
2024-12-17,AA,US_Corporate,BAMLC0A2CAA,0.45
2024-12-17,A,US_Corporate,BAMLC0A3CA,0.66
2024-12-17,BBB,US_Corporate,BAMLC0A4CBBB,0.99
2024-12-17,BB,US_High_Yield,BAMLH0A1HYBB,1.71
2024-12-17,B,US_High_Yield,BAMLH0A2HYB,2.75
2024-12-17,CCC_and_lower,US_High_Yield,BAMLH0A3HYC,7.20
2024-12-18,AAA,US_Corporate,BAMLC0A1CAAA,0.33
2024-12-18,AA,US_Corporate,BAMLC0A2CAA,0.45
2024-12-18,A,US_Corporate,BAMLC0A3CA,0.66
2024-12-18,BBB,US_Corporate,BAMLC0A4CBBB,0.98
2024-12-18,BB,US_High_Yield,BAMLH0A1HYBB,1.69
2024-12-18,B,US_High_Yield,BAMLH0A2HYB,2.74
2024-12-18,CCC_and_lower,US_High_Yield,BAMLH0A3HYC,7.16
2024-12-19,AAA,US_Corporate,BAMLC0A1CAAA,0.35
2024-12-19,AA,US_Corporate,BAMLC0A2CAA,0.47
2024-12-19,A,US_Corporate,BAMLC0A3CA,0.69
2024-12-19,BBB,US_Corporate,BAMLC0A4CBBB,1.02
2024-12-19,BB,US_High_Yield,BAMLH0A1HYBB,1.86
2024-12-19,B,US_High_Yield,BAMLH0A2HYB,2.92
2024-12-19,CCC_and_lower,US_High_Yield,BAMLH0A3HYC,7.36
2024-12-20,AAA,US_Corporate,BAMLC0A1CAAA,0.35
2024-12-20,AA,US_Corporate,BAMLC0A2CAA,0.48
2024-12-20,A,US_Corporate,BAMLC0A3CA,0.69
2024-12-20,BBB,US_Corporate,BAMLC0A4CBBB,1.02
2024-12-20,BB,US_High_Yield,BAMLH0A1HYBB,1.82
2024-12-20,B,US_High_Yield,BAMLH0A2HYB,2.88
2024-12-20,CCC_and_lower,US_High_Yield,BAMLH0A3HYC,7.30
2024-12-23,AAA,US_Corporate,BAMLC0A1CAAA,0.34
2024-12-23,AA,US_Corporate,BAMLC0A2CAA,0.48
2024-12-23,A,US_Corporate,BAMLC0A3CA,0.69
2024-12-23,BBB,US_Corporate,BAMLC0A4CBBB,1.02
2024-12-23,BB,US_High_Yield,BAMLH0A1HYBB,1.81
2024-12-23,B,US_High_Yield,BAMLH0A2HYB,2.85
2024-12-23,CCC_and_lower,US_High_Yield,BAMLH0A3HYC,7.32
2024-12-24,AAA,US_Corporate,BAMLC0A1CAAA,0.34
2024-12-24,AA,US_Corporate,BAMLC0A2CAA,0.47
2024-12-24,A,US_Corporate,BAMLC0A3CA,0.69
2024-12-24,BBB,US_Corporate,BAMLC0A4CBBB,1.01
2024-12-24,BB,US_High_Yield,BAMLH0A1HYBB,1.82
2024-12-24,B,US_High_Yield,BAMLH0A2HYB,2.87
2024-12-24,CCC_and_lower,US_High_Yield,BAMLH0A3HYC,7.30
2024-12-26,AAA,US_Corporate,BAMLC0A1CAAA,0.33
2024-12-26,AA,US_Corporate,BAMLC0A2CAA,0.47
2024-12-26,A,US_Corporate,BAMLC0A3CA,0.68
2024-12-26,BBB,US_Corporate,BAMLC0A4CBBB,1.00
2024-12-26,BB,US_High_Yield,BAMLH0A1HYBB,1.83
2024-12-26,B,US_High_Yield,BAMLH0A2HYB,2.87
2024-12-26,CCC_and_lower,US_High_Yield,BAMLH0A3HYC,7.29
2024-12-27,AAA,US_Corporate,BAMLC0A1CAAA,0.33
2024-12-27,AA,US_Corporate,BAMLC0A2CAA,0.46
2024-12-27,A,US_Corporate,BAMLC0A3CA,0.68
2024-12-27,BBB,US_Corporate,BAMLC0A4CBBB,1.00
2024-12-27,BB,US_High_Yield,BAMLH0A1HYBB,1.80
2024-12-27,B,US_High_Yield,BAMLH0A2HYB,2.85
2024-12-27,CCC_and_lower,US_High_Yield,BAMLH0A3HYC,7.30
2024-12-30,AAA,US_Corporate,BAMLC0A1CAAA,0.34
2024-12-30,AA,US_Corporate,BAMLC0A2CAA,0.47
2024-12-30,A,US_Corporate,BAMLC0A3CA,0.69
2024-12-30,BBB,US_Corporate,BAMLC0A4CBBB,1.01
2024-12-30,BB,US_High_Yield,BAMLH0A1HYBB,1.90
2024-12-30,B,US_High_Yield,BAMLH0A2HYB,2.96
2024-12-30,CCC_and_lower,US_High_Yield,BAMLH0A3HYC,7.40
2024-12-31,AAA,US_Corporate,BAMLC0A1CAAA,0.34
2024-12-31,AA,US_Corporate,BAMLC0A2CAA,0.48
2024-12-31,A,US_Corporate,BAMLC0A3CA,0.69
2024-12-31,BBB,US_Corporate,BAMLC0A4CBBB,1.02
2024-12-31,BB,US_High_Yield,BAMLH0A1HYBB,1.86
2024-12-31,B,US_High_Yield,BAMLH0A2HYB,2.96
2024-12-31,CCC_and_lower,US_High_Yield,BAMLH0A3HYC,7.46
2025-01-02,AAA,US_Corporate,BAMLC0A1CAAA,0.34
2025-01-02,AA,US_Corporate,BAMLC0A2CAA,0.48
2025-01-02,A,US_Corporate,BAMLC0A3CA,0.70
2025-01-02,BBB,US_Corporate,BAMLC0A4CBBB,1.02
2025-01-02,BB,US_High_Yield,BAMLH0A1HYBB,1.83
2025-01-02,B,US_High_Yield,BAMLH0A2HYB,2.90
2025-01-02,CCC_and_lower,US_High_Yield,BAMLH0A3HYC,7.39
2025-01-03,AAA,US_Corporate,BAMLC0A1CAAA,0.34
2025-01-03,AA,US_Corporate,BAMLC0A2CAA,0.48
2025-01-03,A,US_Corporate,BAMLC0A3CA,0.70
2025-01-03,BBB,US_Corporate,BAMLC0A4CBBB,1.02
2025-01-03,BB,US_High_Yield,BAMLH0A1HYBB,1.76
2025-01-03,B,US_High_Yield,BAMLH0A2HYB,2.82
2025-01-03,CCC_and_lower,US_High_Yield,BAMLH0A3HYC,7.34
2025-01-06,AAA,US_Corporate,BAMLC0A1CAAA,0.34
2025-01-06,AA,US_Corporate,BAMLC0A2CAA,0.48
2025-01-06,A,US_Corporate,BAMLC0A3CA,0.71
2025-01-06,BBB,US_Corporate,BAMLC0A4CBBB,1.03
2025-01-06,BB,US_High_Yield,BAMLH0A1HYBB,1.71
2025-01-06,B,US_High_Yield,BAMLH0A2HYB,2.78
2025-01-06,CCC_and_lower,US_High_Yield,BAMLH0A3HYC,7.28
2025-01-07,AAA,US_Corporate,BAMLC0A1CAAA,0.34
2025-01-07,AA,US_Corporate,BAMLC0A2CAA,0.48
2025-01-07,A,US_Corporate,BAMLC0A3CA,0.71
2025-01-07,BBB,US_Corporate,BAMLC0A4CBBB,1.04
2025-01-07,BB,US_High_Yield,BAMLH0A1HYBB,1.75
2025-01-07,B,US_High_Yield,BAMLH0A2HYB,2.83
2025-01-07,CCC_and_lower,US_High_Yield,BAMLH0A3HYC,7.29
2025-01-08,AAA,US_Corporate,BAMLC0A1CAAA,0.34
2025-01-08,AA,US_Corporate,BAMLC0A2CAA,0.48
2025-01-08,A,US_Corporate,BAMLC0A3CA,0.70
2025-01-08,BBB,US_Corporate,BAMLC0A4CBBB,1.03
2025-01-08,BB,US_High_Yield,BAMLH0A1HYBB,1.79
2025-01-08,B,US_High_Yield,BAMLH0A2HYB,2.86
2025-01-08,CCC_and_lower,US_High_Yield,BAMLH0A3HYC,7.37
2025-01-09,AAA,US_Corporate,BAMLC0A1CAAA,0.33
2025-01-09,AA,US_Corporate,BAMLC0A2CAA,0.48
2025-01-09,A,US_Corporate,BAMLC0A3CA,0.70
2025-01-09,BBB,US_Corporate,BAMLC0A4CBBB,1.03
2025-01-09,BB,US_High_Yield,BAMLH0A1HYBB,1.77
2025-01-09,B,US_High_Yield,BAMLH0A2HYB,2.84
2025-01-09,CCC_and_lower,US_High_Yield,BAMLH0A3HYC,7.34
2025-01-10,AAA,US_Corporate,BAMLC0A1CAAA,0.34
2025-01-10,AA,US_Corporate,BAMLC0A2CAA,0.48
2025-01-10,A,US_Corporate,BAMLC0A3CA,0.70
2025-01-10,BBB,US_Corporate,BAMLC0A4CBBB,1.03
2025-01-10,BB,US_High_Yield,BAMLH0A1HYBB,1.75
2025-01-10,B,US_High_Yield,BAMLH0A2HYB,2.86
2025-01-10,CCC_and_lower,US_High_Yield,BAMLH0A3HYC,7.32
2025-01-13,AAA,US_Corporate,BAMLC0A1CAAA,0.34
2025-01-13,AA,US_Corporate,BAMLC0A2CAA,0.48
2025-01-13,A,US_Corporate,BAMLC0A3CA,0.71
2025-01-13,BBB,US_Corporate,BAMLC0A4CBBB,1.04
2025-01-13,BB,US_High_Yield,BAMLH0A1HYBB,1.79
2025-01-13,B,US_High_Yield,BAMLH0A2HYB,2.89
2025-01-13,CCC_and_lower,US_High_Yield,BAMLH0A3HYC,7.38
2025-01-14,AAA,US_Corporate,BAMLC0A1CAAA,0.34
2025-01-14,AA,US_Corporate,BAMLC0A2CAA,0.48
2025-01-14,A,US_Corporate,BAMLC0A3CA,0.71
2025-01-14,BBB,US_Corporate,BAMLC0A4CBBB,1.04
2025-01-14,BB,US_High_Yield,BAMLH0A1HYBB,1.76
2025-01-14,B,US_High_Yield,BAMLH0A2HYB,2.83
2025-01-14,CCC_and_lower,US_High_Yield,BAMLH0A3HYC,7.26
2025-01-15,AAA,US_Corporate,BAMLC0A1CAAA,0.33
2025-01-15,AA,US_Corporate,BAMLC0A2CAA,0.47
2025-01-15,A,US_Corporate,BAMLC0A3CA,0.69
2025-01-15,BBB,US_Corporate,BAMLC0A4CBBB,1.03
2025-01-15,BB,US_High_Yield,BAMLH0A1HYBB,1.70
2025-01-15,B,US_High_Yield,BAMLH0A2HYB,2.74
2025-01-15,CCC_and_lower,US_High_Yield,BAMLH0A3HYC,7.14
2025-01-16,AAA,US_Corporate,BAMLC0A1CAAA,0.33
2025-01-16,AA,US_Corporate,BAMLC0A2CAA,0.47
2025-01-16,A,US_Corporate,BAMLC0A3CA,0.70
2025-01-16,BBB,US_Corporate,BAMLC0A4CBBB,1.03
2025-01-16,BB,US_High_Yield,BAMLH0A1HYBB,1.71
2025-01-16,B,US_High_Yield,BAMLH0A2HYB,2.75
2025-01-16,CCC_and_lower,US_High_Yield,BAMLH0A3HYC,7.16
2025-01-17,AAA,US_Corporate,BAMLC0A1CAAA,0.33
2025-01-17,AA,US_Corporate,BAMLC0A2CAA,0.47
2025-01-17,A,US_Corporate,BAMLC0A3CA,0.69
2025-01-17,BBB,US_Corporate,BAMLC0A4CBBB,1.02
2025-01-17,BB,US_High_Yield,BAMLH0A1HYBB,1.63
2025-01-17,B,US_High_Yield,BAMLH0A2HYB,2.65
2025-01-17,CCC_and_lower,US_High_Yield,BAMLH0A3HYC,7.07
2025-01-20,AAA,US_Corporate,BAMLC0A1CAAA,0.33
2025-01-20,AA,US_Corporate,BAMLC0A2CAA,0.47
2025-01-20,A,US_Corporate,BAMLC0A3CA,0.69
2025-01-20,BBB,US_Corporate,BAMLC0A4CBBB,1.02
2025-01-20,BB,US_High_Yield,BAMLH0A1HYBB,1.63
2025-01-20,B,US_High_Yield,BAMLH0A2HYB,2.65
2025-01-20,CCC_and_lower,US_High_Yield,BAMLH0A3HYC,7.07
2025-01-21,AAA,US_Corporate,BAMLC0A1CAAA,0.33
2025-01-21,AA,US_Corporate,BAMLC0A2CAA,0.47
2025-01-21,A,US_Corporate,BAMLC0A3CA,0.68
2025-01-21,BBB,US_Corporate,BAMLC0A4CBBB,1.02
2025-01-21,BB,US_High_Yield,BAMLH0A1HYBB,1.60
2025-01-21,B,US_High_Yield,BAMLH0A2HYB,2.62
2025-01-21,CCC_and_lower,US_High_Yield,BAMLH0A3HYC,6.99
2025-01-22,AAA,US_Corporate,BAMLC0A1CAAA,0.33
2025-01-22,AA,US_Corporate,BAMLC0A2CAA,0.46
2025-01-22,A,US_Corporate,BAMLC0A3CA,0.68
2025-01-22,BBB,US_Corporate,BAMLC0A4CBBB,1.01
2025-01-22,BB,US_High_Yield,BAMLH0A1HYBB,1.58
2025-01-22,B,US_High_Yield,BAMLH0A2HYB,2.60
2025-01-22,CCC_and_lower,US_High_Yield,BAMLH0A3HYC,6.92
2025-01-23,AAA,US_Corporate,BAMLC0A1CAAA,0.32
2025-01-23,AA,US_Corporate,BAMLC0A2CAA,0.46
2025-01-23,A,US_Corporate,BAMLC0A3CA,0.67
2025-01-23,BBB,US_Corporate,BAMLC0A4CBBB,1.00
2025-01-23,BB,US_High_Yield,BAMLH0A1HYBB,1.61
2025-01-23,B,US_High_Yield,BAMLH0A2HYB,2.62
2025-01-23,CCC_and_lower,US_High_Yield,BAMLH0A3HYC,6.90
2025-01-24,AAA,US_Corporate,BAMLC0A1CAAA,0.32
2025-01-24,AA,US_Corporate,BAMLC0A2CAA,0.45
2025-01-24,A,US_Corporate,BAMLC0A3CA,0.67
2025-01-24,BBB,US_Corporate,BAMLC0A4CBBB,1.00
2025-01-24,BB,US_High_Yield,BAMLH0A1HYBB,1.59
2025-01-24,B,US_High_Yield,BAMLH0A2HYB,2.61
2025-01-24,CCC_and_lower,US_High_Yield,BAMLH0A3HYC,6.94
2025-01-27,AAA,US_Corporate,BAMLC0A1CAAA,0.33
2025-01-27,AA,US_Corporate,BAMLC0A2CAA,0.46
2025-01-27,A,US_Corporate,BAMLC0A3CA,0.68
2025-01-27,BBB,US_Corporate,BAMLC0A4CBBB,1.01
2025-01-27,BB,US_High_Yield,BAMLH0A1HYBB,1.64
2025-01-27,B,US_High_Yield,BAMLH0A2HYB,2.67
2025-01-27,CCC_and_lower,US_High_Yield,BAMLH0A3HYC,7.11
2025-01-28,AAA,US_Corporate,BAMLC0A1CAAA,0.33
2025-01-28,AA,US_Corporate,BAMLC0A2CAA,0.46
2025-01-28,A,US_Corporate,BAMLC0A3CA,0.67
2025-01-28,BBB,US_Corporate,BAMLC0A4CBBB,1.00
2025-01-28,BB,US_High_Yield,BAMLH0A1HYBB,1.64
2025-01-28,B,US_High_Yield,BAMLH0A2HYB,2.66
2025-01-28,CCC_and_lower,US_High_Yield,BAMLH0A3HYC,7.10
2025-01-29,AAA,US_Corporate,BAMLC0A1CAAA,0.33
2025-01-29,AA,US_Corporate,BAMLC0A2CAA,0.46
2025-01-29,A,US_Corporate,BAMLC0A3CA,0.68
2025-01-29,BBB,US_Corporate,BAMLC0A4CBBB,1.01
2025-01-29,BB,US_High_Yield,BAMLH0A1HYBB,1.66
2025-01-29,B,US_High_Yield,BAMLH0A2HYB,2.67
2025-01-29,CCC_and_lower,US_High_Yield,BAMLH0A3HYC,7.10
2025-01-30,AAA,US_Corporate,BAMLC0A1CAAA,0.34
2025-01-30,AA,US_Corporate,BAMLC0A2CAA,0.47
2025-01-30,A,US_Corporate,BAMLC0A3CA,0.68
2025-01-30,BBB,US_Corporate,BAMLC0A4CBBB,1.01
2025-01-30,BB,US_High_Yield,BAMLH0A1HYBB,1.66
2025-01-30,B,US_High_Yield,BAMLH0A2HYB,2.68
2025-01-30,CCC_and_lower,US_High_Yield,BAMLH0A3HYC,7.05
2025-01-31,AAA,US_Corporate,BAMLC0A1CAAA,0.35
2025-01-31,AA,US_Corporate,BAMLC0A2CAA,0.46
2025-01-31,A,US_Corporate,BAMLC0A3CA,0.69
2025-01-31,BBB,US_Corporate,BAMLC0A4CBBB,1.02
2025-01-31,BB,US_High_Yield,BAMLH0A1HYBB,1.66
2025-01-31,B,US_High_Yield,BAMLH0A2HYB,2.71
2025-01-31,CCC_and_lower,US_High_Yield,BAMLH0A3HYC,6.99
2025-02-03,AAA,US_Corporate,BAMLC0A1CAAA,0.36
2025-02-03,AA,US_Corporate,BAMLC0A2CAA,0.47
2025-02-03,A,US_Corporate,BAMLC0A3CA,0.70
2025-02-03,BBB,US_Corporate,BAMLC0A4CBBB,1.03
2025-02-03,BB,US_High_Yield,BAMLH0A1HYBB,1.68
2025-02-03,B,US_High_Yield,BAMLH0A2HYB,2.78
2025-02-03,CCC_and_lower,US_High_Yield,BAMLH0A3HYC,7.12
2025-02-04,AAA,US_Corporate,BAMLC0A1CAAA,0.36
2025-02-04,AA,US_Corporate,BAMLC0A2CAA,0.47
2025-02-04,A,US_Corporate,BAMLC0A3CA,0.69
2025-02-04,BBB,US_Corporate,BAMLC0A4CBBB,1.03
2025-02-04,BB,US_High_Yield,BAMLH0A1HYBB,1.66
2025-02-04,B,US_High_Yield,BAMLH0A2HYB,2.75
2025-02-04,CCC_and_lower,US_High_Yield,BAMLH0A3HYC,7.13
2025-02-05,AAA,US_Corporate,BAMLC0A1CAAA,0.36
2025-02-05,AA,US_Corporate,BAMLC0A2CAA,0.47
2025-02-05,A,US_Corporate,BAMLC0A3CA,0.70
2025-02-05,BBB,US_Corporate,BAMLC0A4CBBB,1.03
2025-02-05,BB,US_High_Yield,BAMLH0A1HYBB,1.65
2025-02-05,B,US_High_Yield,BAMLH0A2HYB,2.71
2025-02-05,CCC_and_lower,US_High_Yield,BAMLH0A3HYC,7.10
2025-02-06,AAA,US_Corporate,BAMLC0A1CAAA,0.37
2025-02-06,AA,US_Corporate,BAMLC0A2CAA,0.48
2025-02-06,A,US_Corporate,BAMLC0A3CA,0.70
2025-02-06,BBB,US_Corporate,BAMLC0A4CBBB,1.04
2025-02-06,BB,US_High_Yield,BAMLH0A1HYBB,1.62
2025-02-06,B,US_High_Yield,BAMLH0A2HYB,2.70
2025-02-06,CCC_and_lower,US_High_Yield,BAMLH0A3HYC,7.09
2025-02-07,AAA,US_Corporate,BAMLC0A1CAAA,0.37
2025-02-07,AA,US_Corporate,BAMLC0A2CAA,0.48
2025-02-07,A,US_Corporate,BAMLC0A3CA,0.71
2025-02-07,BBB,US_Corporate,BAMLC0A4CBBB,1.04
2025-02-07,BB,US_High_Yield,BAMLH0A1HYBB,1.63
2025-02-07,B,US_High_Yield,BAMLH0A2HYB,2.71
2025-02-07,CCC_and_lower,US_High_Yield,BAMLH0A3HYC,7.10
2025-02-10,AAA,US_Corporate,BAMLC0A1CAAA,0.37
2025-02-10,AA,US_Corporate,BAMLC0A2CAA,0.48
2025-02-10,A,US_Corporate,BAMLC0A3CA,0.71
2025-02-10,BBB,US_Corporate,BAMLC0A4CBBB,1.04
2025-02-10,BB,US_High_Yield,BAMLH0A1HYBB,1.60
2025-02-10,B,US_High_Yield,BAMLH0A2HYB,2.70
2025-02-10,CCC_and_lower,US_High_Yield,BAMLH0A3HYC,7.10
2025-02-11,AAA,US_Corporate,BAMLC0A1CAAA,0.36
2025-02-11,AA,US_Corporate,BAMLC0A2CAA,0.47
2025-02-11,A,US_Corporate,BAMLC0A3CA,0.70
2025-02-11,BBB,US_Corporate,BAMLC0A4CBBB,1.03
2025-02-11,BB,US_High_Yield,BAMLH0A1HYBB,1.62
2025-02-11,B,US_High_Yield,BAMLH0A2HYB,2.68
2025-02-11,CCC_and_lower,US_High_Yield,BAMLH0A3HYC,7.11
2025-02-12,AAA,US_Corporate,BAMLC0A1CAAA,0.35
2025-02-12,AA,US_Corporate,BAMLC0A2CAA,0.46
2025-02-12,A,US_Corporate,BAMLC0A3CA,0.68
2025-02-12,BBB,US_Corporate,BAMLC0A4CBBB,1.01
2025-02-12,BB,US_High_Yield,BAMLH0A1HYBB,1.60
2025-02-12,B,US_High_Yield,BAMLH0A2HYB,2.67
2025-02-12,CCC_and_lower,US_High_Yield,BAMLH0A3HYC,7.14
2025-02-13,AAA,US_Corporate,BAMLC0A1CAAA,0.34
2025-02-13,AA,US_Corporate,BAMLC0A2CAA,0.46
2025-02-13,A,US_Corporate,BAMLC0A3CA,0.68
2025-02-13,BBB,US_Corporate,BAMLC0A4CBBB,1.00
2025-02-13,BB,US_High_Yield,BAMLH0A1HYBB,1.61
2025-02-13,B,US_High_Yield,BAMLH0A2HYB,2.68
2025-02-13,CCC_and_lower,US_High_Yield,BAMLH0A3HYC,7.10
2025-02-14,AAA,US_Corporate,BAMLC0A1CAAA,0.34
2025-02-14,AA,US_Corporate,BAMLC0A2CAA,0.45
2025-02-14,A,US_Corporate,BAMLC0A3CA,0.67
2025-02-14,BBB,US_Corporate,BAMLC0A4CBBB,1.00
2025-02-14,BB,US_High_Yield,BAMLH0A1HYBB,1.59
2025-02-14,B,US_High_Yield,BAMLH0A2HYB,2.64
2025-02-14,CCC_and_lower,US_High_Yield,BAMLH0A3HYC,7.06
2025-02-17,AAA,US_Corporate,BAMLC0A1CAAA,0.34
2025-02-17,AA,US_Corporate,BAMLC0A2CAA,0.45
2025-02-17,A,US_Corporate,BAMLC0A3CA,0.67
2025-02-17,BBB,US_Corporate,BAMLC0A4CBBB,1.00
2025-02-17,BB,US_High_Yield,BAMLH0A1HYBB,1.59
2025-02-17,B,US_High_Yield,BAMLH0A2HYB,2.64
2025-02-17,CCC_and_lower,US_High_Yield,BAMLH0A3HYC,7.06
2025-02-18,AAA,US_Corporate,BAMLC0A1CAAA,0.33
2025-02-18,AA,US_Corporate,BAMLC0A2CAA,0.44
2025-02-18,A,US_Corporate,BAMLC0A3CA,0.66
2025-02-18,BBB,US_Corporate,BAMLC0A4CBBB,0.98
2025-02-18,BB,US_High_Yield,BAMLH0A1HYBB,1.56
2025-02-18,B,US_High_Yield,BAMLH0A2HYB,2.60
2025-02-18,CCC_and_lower,US_High_Yield,BAMLH0A3HYC,7.21
2025-02-19,AAA,US_Corporate,BAMLC0A1CAAA,0.33
2025-02-19,AA,US_Corporate,BAMLC0A2CAA,0.45
2025-02-19,A,US_Corporate,BAMLC0A3CA,0.66
2025-02-19,BBB,US_Corporate,BAMLC0A4CBBB,0.99
2025-02-19,BB,US_High_Yield,BAMLH0A1HYBB,1.63
2025-02-19,B,US_High_Yield,BAMLH0A2HYB,2.68
2025-02-19,CCC_and_lower,US_High_Yield,BAMLH0A3HYC,7.25
2025-02-20,AAA,US_Corporate,BAMLC0A1CAAA,0.34
2025-02-20,AA,US_Corporate,BAMLC0A2CAA,0.45
2025-02-20,A,US_Corporate,BAMLC0A3CA,0.67
2025-02-20,BBB,US_Corporate,BAMLC0A4CBBB,0.99
2025-02-20,BB,US_High_Yield,BAMLH0A1HYBB,1.62
2025-02-20,B,US_High_Yield,BAMLH0A2HYB,2.64
2025-02-20,CCC_and_lower,US_High_Yield,BAMLH0A3HYC,7.19
2025-02-21,AAA,US_Corporate,BAMLC0A1CAAA,0.35
2025-02-21,AA,US_Corporate,BAMLC0A2CAA,0.46
2025-02-21,A,US_Corporate,BAMLC0A3CA,0.68
2025-02-21,BBB,US_Corporate,BAMLC0A4CBBB,1.01
2025-02-21,BB,US_High_Yield,BAMLH0A1HYBB,1.73
2025-02-21,B,US_High_Yield,BAMLH0A2HYB,2.77
2025-02-21,CCC_and_lower,US_High_Yield,BAMLH0A3HYC,7.34
2025-02-24,AAA,US_Corporate,BAMLC0A1CAAA,0.35
2025-02-24,AA,US_Corporate,BAMLC0A2CAA,0.46
2025-02-24,A,US_Corporate,BAMLC0A3CA,0.68
2025-02-24,BBB,US_Corporate,BAMLC0A4CBBB,1.01
2025-02-24,BB,US_High_Yield,BAMLH0A1HYBB,1.73
2025-02-24,B,US_High_Yield,BAMLH0A2HYB,2.78
2025-02-24,CCC_and_lower,US_High_Yield,BAMLH0A3HYC,7.31
2025-02-25,AAA,US_Corporate,BAMLC0A1CAAA,0.37
2025-02-25,AA,US_Corporate,BAMLC0A2CAA,0.48
2025-02-25,A,US_Corporate,BAMLC0A3CA,0.70
2025-02-25,BBB,US_Corporate,BAMLC0A4CBBB,1.03
2025-02-25,BB,US_High_Yield,BAMLH0A1HYBB,1.78
2025-02-25,B,US_High_Yield,BAMLH0A2HYB,2.83
2025-02-25,CCC_and_lower,US_High_Yield,BAMLH0A3HYC,7.42
2025-02-26,AAA,US_Corporate,BAMLC0A1CAAA,0.37
2025-02-26,AA,US_Corporate,BAMLC0A2CAA,0.49
2025-02-26,A,US_Corporate,BAMLC0A3CA,0.71
2025-02-26,BBB,US_Corporate,BAMLC0A4CBBB,1.04
2025-02-26,BB,US_High_Yield,BAMLH0A1HYBB,1.77
2025-02-26,B,US_High_Yield,BAMLH0A2HYB,2.79
2025-02-26,CCC_and_lower,US_High_Yield,BAMLH0A3HYC,7.32
2025-02-27,AAA,US_Corporate,BAMLC0A1CAAA,0.38
2025-02-27,AA,US_Corporate,BAMLC0A2CAA,0.49
2025-02-27,A,US_Corporate,BAMLC0A3CA,0.72
2025-02-27,BBB,US_Corporate,BAMLC0A4CBBB,1.05
2025-02-27,BB,US_High_Yield,BAMLH0A1HYBB,1.76
2025-02-27,B,US_High_Yield,BAMLH0A2HYB,2.81
2025-02-27,CCC_and_lower,US_High_Yield,BAMLH0A3HYC,7.32
2025-02-28,AAA,US_Corporate,BAMLC0A1CAAA,0.40
2025-02-28,AA,US_Corporate,BAMLC0A2CAA,0.51
2025-02-28,A,US_Corporate,BAMLC0A3CA,0.75
2025-02-28,BBB,US_Corporate,BAMLC0A4CBBB,1.09
2025-02-28,BB,US_High_Yield,BAMLH0A1HYBB,1.82
2025-02-28,B,US_High_Yield,BAMLH0A2HYB,2.88
2025-02-28,CCC_and_lower,US_High_Yield,BAMLH0A3HYC,7.60
2025-03-03,AAA,US_Corporate,BAMLC0A1CAAA,0.40
2025-03-03,AA,US_Corporate,BAMLC0A2CAA,0.52
2025-03-03,A,US_Corporate,BAMLC0A3CA,0.75
2025-03-03,BBB,US_Corporate,BAMLC0A4CBBB,1.10
2025-03-03,BB,US_High_Yield,BAMLH0A1HYBB,1.87
2025-03-03,B,US_High_Yield,BAMLH0A2HYB,2.96
2025-03-03,CCC_and_lower,US_High_Yield,BAMLH0A3HYC,7.69
2025-03-04,AAA,US_Corporate,BAMLC0A1CAAA,0.40
2025-03-04,AA,US_Corporate,BAMLC0A2CAA,0.52
2025-03-04,A,US_Corporate,BAMLC0A3CA,0.75
2025-03-04,BBB,US_Corporate,BAMLC0A4CBBB,1.11
2025-03-04,BB,US_High_Yield,BAMLH0A1HYBB,1.90
2025-03-04,B,US_High_Yield,BAMLH0A2HYB,3.02
2025-03-04,CCC_and_lower,US_High_Yield,BAMLH0A3HYC,7.84
2025-03-05,AAA,US_Corporate,BAMLC0A1CAAA,0.39
2025-03-05,AA,US_Corporate,BAMLC0A2CAA,0.50
2025-03-05,A,US_Corporate,BAMLC0A3CA,0.73
2025-03-05,BBB,US_Corporate,BAMLC0A4CBBB,1.08
2025-03-05,BB,US_High_Yield,BAMLH0A1HYBB,1.80
2025-03-05,B,US_High_Yield,BAMLH0A2HYB,2.89
2025-03-05,CCC_and_lower,US_High_Yield,BAMLH0A3HYC,7.74
2025-03-06,AAA,US_Corporate,BAMLC0A1CAAA,0.40
2025-03-06,AA,US_Corporate,BAMLC0A2CAA,0.51
2025-03-06,A,US_Corporate,BAMLC0A3CA,0.74
2025-03-06,BBB,US_Corporate,BAMLC0A4CBBB,1.09
2025-03-06,BB,US_High_Yield,BAMLH0A1HYBB,1.89
2025-03-06,B,US_High_Yield,BAMLH0A2HYB,3.00
2025-03-06,CCC_and_lower,US_High_Yield,BAMLH0A3HYC,7.90
2025-03-07,AAA,US_Corporate,BAMLC0A1CAAA,0.40
2025-03-07,AA,US_Corporate,BAMLC0A2CAA,0.51
2025-03-07,A,US_Corporate,BAMLC0A3CA,0.75
2025-03-07,BBB,US_Corporate,BAMLC0A4CBBB,1.10
2025-03-07,BB,US_High_Yield,BAMLH0A1HYBB,1.87
2025-03-07,B,US_High_Yield,BAMLH0A2HYB,3.00
2025-03-07,CCC_and_lower,US_High_Yield,BAMLH0A3HYC,7.91
2025-03-10,AAA,US_Corporate,BAMLC0A1CAAA,0.42
2025-03-10,AA,US_Corporate,BAMLC0A2CAA,0.53
2025-03-10,A,US_Corporate,BAMLC0A3CA,0.77
2025-03-10,BBB,US_Corporate,BAMLC0A4CBBB,1.13
2025-03-10,BB,US_High_Yield,BAMLH0A1HYBB,2.02
2025-03-10,B,US_High_Yield,BAMLH0A2HYB,3.18
2025-03-10,CCC_and_lower,US_High_Yield,BAMLH0A3HYC,8.26
2025-03-11,AAA,US_Corporate,BAMLC0A1CAAA,0.44
2025-03-11,AA,US_Corporate,BAMLC0A2CAA,0.55
2025-03-11,A,US_Corporate,BAMLC0A3CA,0.80
2025-03-11,BBB,US_Corporate,BAMLC0A4CBBB,1.16
2025-03-11,BB,US_High_Yield,BAMLH0A1HYBB,2.04
2025-03-11,B,US_High_Yield,BAMLH0A2HYB,3.27
2025-03-11,CCC_and_lower,US_High_Yield,BAMLH0A3HYC,8.40
2025-03-12,AAA,US_Corporate,BAMLC0A1CAAA,0.45
2025-03-12,AA,US_Corporate,BAMLC0A2CAA,0.57
2025-03-12,A,US_Corporate,BAMLC0A3CA,0.81
2025-03-12,BBB,US_Corporate,BAMLC0A4CBBB,1.17
2025-03-12,BB,US_High_Yield,BAMLH0A1HYBB,2.02
2025-03-12,B,US_High_Yield,BAMLH0A2HYB,3.26
2025-03-12,CCC_and_lower,US_High_Yield,BAMLH0A3HYC,8.41
2025-03-13,AAA,US_Corporate,BAMLC0A1CAAA,0.45
2025-03-13,AA,US_Corporate,BAMLC0A2CAA,0.58
2025-03-13,A,US_Corporate,BAMLC0A3CA,0.83
2025-03-13,BBB,US_Corporate,BAMLC0A4CBBB,1.20
2025-03-13,BB,US_High_Yield,BAMLH0A1HYBB,2.17
2025-03-13,B,US_High_Yield,BAMLH0A2HYB,3.50
2025-03-13,CCC_and_lower,US_High_Yield,BAMLH0A3HYC,8.72
2025-03-14,AAA,US_Corporate,BAMLC0A1CAAA,0.43
2025-03-14,AA,US_Corporate,BAMLC0A2CAA,0.55
2025-03-14,A,US_Corporate,BAMLC0A3CA,0.80
2025-03-14,BBB,US_Corporate,BAMLC0A4CBBB,1.16
2025-03-14,BB,US_High_Yield,BAMLH0A1HYBB,2.04
2025-03-14,B,US_High_Yield,BAMLH0A2HYB,3.33
2025-03-14,CCC_and_lower,US_High_Yield,BAMLH0A3HYC,8.56
2025-03-17,AAA,US_Corporate,BAMLC0A1CAAA,0.42
2025-03-17,AA,US_Corporate,BAMLC0A2CAA,0.54
2025-03-17,A,US_Corporate,BAMLC0A3CA,0.79
2025-03-17,BBB,US_Corporate,BAMLC0A4CBBB,1.15
2025-03-17,BB,US_High_Yield,BAMLH0A1HYBB,1.98
2025-03-17,B,US_High_Yield,BAMLH0A2HYB,3.26
2025-03-17,CCC_and_lower,US_High_Yield,BAMLH0A3HYC,8.46
2025-03-18,AAA,US_Corporate,BAMLC0A1CAAA,0.41
2025-03-18,AA,US_Corporate,BAMLC0A2CAA,0.54
2025-03-18,A,US_Corporate,BAMLC0A3CA,0.78
2025-03-18,BBB,US_Corporate,BAMLC0A4CBBB,1.15
2025-03-18,BB,US_High_Yield,BAMLH0A1HYBB,2.01
2025-03-18,B,US_High_Yield,BAMLH0A2HYB,3.30
2025-03-18,CCC_and_lower,US_High_Yield,BAMLH0A3HYC,8.58
2025-03-19,AAA,US_Corporate,BAMLC0A1CAAA,0.40
2025-03-19,AA,US_Corporate,BAMLC0A2CAA,0.52
2025-03-19,A,US_Corporate,BAMLC0A3CA,0.76
2025-03-19,BBB,US_Corporate,BAMLC0A4CBBB,1.13
2025-03-19,BB,US_High_Yield,BAMLH0A1HYBB,1.96
2025-03-19,B,US_High_Yield,BAMLH0A2HYB,3.27
2025-03-19,CCC_and_lower,US_High_Yield,BAMLH0A3HYC,8.56
2025-03-20,AAA,US_Corporate,BAMLC0A1CAAA,0.40
2025-03-20,AA,US_Corporate,BAMLC0A2CAA,0.52
2025-03-20,A,US_Corporate,BAMLC0A3CA,0.76
2025-03-20,BBB,US_Corporate,BAMLC0A4CBBB,1.13
2025-03-20,BB,US_High_Yield,BAMLH0A1HYBB,1.95
2025-03-20,B,US_High_Yield,BAMLH0A2HYB,3.23
2025-03-20,CCC_and_lower,US_High_Yield,BAMLH0A3HYC,8.53
2025-03-21,AAA,US_Corporate,BAMLC0A1CAAA,0.40
2025-03-21,AA,US_Corporate,BAMLC0A2CAA,0.53
2025-03-21,A,US_Corporate,BAMLC0A3CA,0.77
2025-03-21,BBB,US_Corporate,BAMLC0A4CBBB,1.14
2025-03-21,BB,US_High_Yield,BAMLH0A1HYBB,1.99
2025-03-21,B,US_High_Yield,BAMLH0A2HYB,3.28
2025-03-21,CCC_and_lower,US_High_Yield,BAMLH0A3HYC,8.60
2025-03-24,AAA,US_Corporate,BAMLC0A1CAAA,0.39
2025-03-24,AA,US_Corporate,BAMLC0A2CAA,0.52
2025-03-24,A,US_Corporate,BAMLC0A3CA,0.76
2025-03-24,BBB,US_Corporate,BAMLC0A4CBBB,1.12
2025-03-24,BB,US_High_Yield,BAMLH0A1HYBB,1.85
2025-03-24,B,US_High_Yield,BAMLH0A2HYB,3.10
2025-03-24,CCC_and_lower,US_High_Yield,BAMLH0A3HYC,8.37
2025-03-25,AAA,US_Corporate,BAMLC0A1CAAA,0.40
2025-03-25,AA,US_Corporate,BAMLC0A2CAA,0.51
2025-03-25,A,US_Corporate,BAMLC0A3CA,0.75
2025-03-25,BBB,US_Corporate,BAMLC0A4CBBB,1.12
2025-03-25,BB,US_High_Yield,BAMLH0A1HYBB,1.89
2025-03-25,B,US_High_Yield,BAMLH0A2HYB,3.14
2025-03-25,CCC_and_lower,US_High_Yield,BAMLH0A3HYC,8.38
2025-03-26,AAA,US_Corporate,BAMLC0A1CAAA,0.40
2025-03-26,AA,US_Corporate,BAMLC0A2CAA,0.52
2025-03-26,A,US_Corporate,BAMLC0A3CA,0.76
2025-03-26,BBB,US_Corporate,BAMLC0A4CBBB,1.13
2025-03-26,BB,US_High_Yield,BAMLH0A1HYBB,1.98
2025-03-26,B,US_High_Yield,BAMLH0A2HYB,3.26
2025-03-26,CCC_and_lower,US_High_Yield,BAMLH0A3HYC,8.50
2025-03-27,AAA,US_Corporate,BAMLC0A1CAAA,0.40
2025-03-27,AA,US_Corporate,BAMLC0A2CAA,0.52
2025-03-27,A,US_Corporate,BAMLC0A3CA,0.77
2025-03-27,BBB,US_Corporate,BAMLC0A4CBBB,1.14
2025-03-27,BB,US_High_Yield,BAMLH0A1HYBB,2.05
2025-03-27,B,US_High_Yield,BAMLH0A2HYB,3.35
2025-03-27,CCC_and_lower,US_High_Yield,BAMLH0A3HYC,8.60
2025-03-28,AAA,US_Corporate,BAMLC0A1CAAA,0.42
2025-03-28,AA,US_Corporate,BAMLC0A2CAA,0.54
2025-03-28,A,US_Corporate,BAMLC0A3CA,0.79
2025-03-28,BBB,US_Corporate,BAMLC0A4CBBB,1.17
2025-03-28,BB,US_High_Yield,BAMLH0A1HYBB,2.21
2025-03-28,B,US_High_Yield,BAMLH0A2HYB,3.60
2025-03-28,CCC_and_lower,US_High_Yield,BAMLH0A3HYC,8.88
2025-03-31,AAA,US_Corporate,BAMLC0A1CAAA,0.44
2025-03-31,AA,US_Corporate,BAMLC0A2CAA,0.56
2025-03-31,A,US_Corporate,BAMLC0A3CA,0.81
2025-03-31,BBB,US_Corporate,BAMLC0A4CBBB,1.20
2025-03-31,BB,US_High_Yield,BAMLH0A1HYBB,2.24
2025-03-31,B,US_High_Yield,BAMLH0A2HYB,3.68
2025-03-31,CCC_and_lower,US_High_Yield,BAMLH0A3HYC,9.28
2025-04-01,AAA,US_Corporate,BAMLC0A1CAAA,0.45
2025-04-01,AA,US_Corporate,BAMLC0A2CAA,0.57
2025-04-01,A,US_Corporate,BAMLC0A3CA,0.82
2025-04-01,BBB,US_Corporate,BAMLC0A4CBBB,1.21
2025-04-01,BB,US_High_Yield,BAMLH0A1HYBB,2.20
2025-04-01,B,US_High_Yield,BAMLH0A2HYB,3.62
2025-04-01,CCC_and_lower,US_High_Yield,BAMLH0A3HYC,9.25
2025-04-02,AAA,US_Corporate,BAMLC0A1CAAA,0.44
2025-04-02,AA,US_Corporate,BAMLC0A2CAA,0.56
2025-04-02,A,US_Corporate,BAMLC0A3CA,0.81
2025-04-02,BBB,US_Corporate,BAMLC0A4CBBB,1.19
2025-04-02,BB,US_High_Yield,BAMLH0A1HYBB,2.12
2025-04-02,B,US_High_Yield,BAMLH0A2HYB,3.53
2025-04-02,CCC_and_lower,US_High_Yield,BAMLH0A3HYC,9.25
2025-04-03,AAA,US_Corporate,BAMLC0A1CAAA,0.50
2025-04-03,AA,US_Corporate,BAMLC0A2CAA,0.63
2025-04-03,A,US_Corporate,BAMLC0A3CA,0.89
2025-04-03,BBB,US_Corporate,BAMLC0A4CBBB,1.30
2025-04-03,BB,US_High_Yield,BAMLH0A1HYBB,2.60
2025-04-03,B,US_High_Yield,BAMLH0A2HYB,4.21
2025-04-03,CCC_and_lower,US_High_Yield,BAMLH0A3HYC,10.18
2025-04-04,AAA,US_Corporate,BAMLC0A1CAAA,0.56
2025-04-04,AA,US_Corporate,BAMLC0A2CAA,0.70
2025-04-04,A,US_Corporate,BAMLC0A3CA,0.97
2025-04-04,BBB,US_Corporate,BAMLC0A4CBBB,1.41
2025-04-04,BB,US_High_Yield,BAMLH0A1HYBB,2.94
2025-04-04,B,US_High_Yield,BAMLH0A2HYB,4.69
2025-04-04,CCC_and_lower,US_High_Yield,BAMLH0A3HYC,10.99
2025-04-07,AAA,US_Corporate,BAMLC0A1CAAA,0.59
2025-04-07,AA,US_Corporate,BAMLC0A2CAA,0.73
2025-04-07,A,US_Corporate,BAMLC0A3CA,1.02
2025-04-07,BBB,US_Corporate,BAMLC0A4CBBB,1.48
2025-04-07,BB,US_High_Yield,BAMLH0A1HYBB,3.06
2025-04-07,B,US_High_Yield,BAMLH0A2HYB,4.86
2025-04-07,CCC_and_lower,US_High_Yield,BAMLH0A3HYC,11.37
2025-04-08,AAA,US_Corporate,BAMLC0A1CAAA,0.56
2025-04-08,AA,US_Corporate,BAMLC0A2CAA,0.70
2025-04-08,A,US_Corporate,BAMLC0A3CA,1.00
2025-04-08,BBB,US_Corporate,BAMLC0A4CBBB,1.46
2025-04-08,BB,US_High_Yield,BAMLH0A1HYBB,3.04
2025-04-08,B,US_High_Yield,BAMLH0A2HYB,4.83
2025-04-08,CCC_and_lower,US_High_Yield,BAMLH0A3HYC,11.14
2025-04-09,AAA,US_Corporate,BAMLC0A1CAAA,0.57
2025-04-09,AA,US_Corporate,BAMLC0A2CAA,0.73
2025-04-09,A,US_Corporate,BAMLC0A3CA,1.02
2025-04-09,BBB,US_Corporate,BAMLC0A4CBBB,1.49
2025-04-09,BB,US_High_Yield,BAMLH0A1HYBB,2.87
2025-04-09,B,US_High_Yield,BAMLH0A2HYB,4.57
2025-04-09,CCC_and_lower,US_High_Yield,BAMLH0A3HYC,10.90
2025-04-10,AAA,US_Corporate,BAMLC0A1CAAA,0.52
2025-04-10,AA,US_Corporate,BAMLC0A2CAA,0.68
2025-04-10,A,US_Corporate,BAMLC0A3CA,0.99
2025-04-10,BBB,US_Corporate,BAMLC0A4CBBB,1.46
2025-04-10,BB,US_High_Yield,BAMLH0A1HYBB,2.92
2025-04-10,B,US_High_Yield,BAMLH0A2HYB,4.64
2025-04-10,CCC_and_lower,US_High_Yield,BAMLH0A3HYC,10.92
2025-04-11,AAA,US_Corporate,BAMLC0A1CAAA,0.51
2025-04-11,AA,US_Corporate,BAMLC0A2CAA,0.68
2025-04-11,A,US_Corporate,BAMLC0A3CA,0.99
2025-04-11,BBB,US_Corporate,BAMLC0A4CBBB,1.46
2025-04-11,BB,US_High_Yield,BAMLH0A1HYBB,2.78
2025-04-11,B,US_High_Yield,BAMLH0A2HYB,4.46
2025-04-11,CCC_and_lower,US_High_Yield,BAMLH0A3HYC,10.76
2025-04-14,AAA,US_Corporate,BAMLC0A1CAAA,0.48
2025-04-14,AA,US_Corporate,BAMLC0A2CAA,0.65
2025-04-14,A,US_Corporate,BAMLC0A3CA,0.96
2025-04-14,BBB,US_Corporate,BAMLC0A4CBBB,1.43
2025-04-14,BB,US_High_Yield,BAMLH0A1HYBB,2.70
2025-04-14,B,US_High_Yield,BAMLH0A2HYB,4.31
2025-04-14,CCC_and_lower,US_High_Yield,BAMLH0A3HYC,10.57
2025-04-15,AAA,US_Corporate,BAMLC0A1CAAA,0.47
2025-04-15,AA,US_Corporate,BAMLC0A2CAA,0.64
2025-04-15,A,US_Corporate,BAMLC0A3CA,0.95
2025-04-15,BBB,US_Corporate,BAMLC0A4CBBB,1.42
2025-04-15,BB,US_High_Yield,BAMLH0A1HYBB,2.65
2025-04-15,B,US_High_Yield,BAMLH0A2HYB,4.25
2025-04-15,CCC_and_lower,US_High_Yield,BAMLH0A3HYC,10.50
2025-04-16,AAA,US_Corporate,BAMLC0A1CAAA,0.47
2025-04-16,AA,US_Corporate,BAMLC0A2CAA,0.63
2025-04-16,A,US_Corporate,BAMLC0A3CA,0.95
2025-04-16,BBB,US_Corporate,BAMLC0A4CBBB,1.41
2025-04-16,BB,US_High_Yield,BAMLH0A1HYBB,2.70
2025-04-16,B,US_High_Yield,BAMLH0A2HYB,4.33
2025-04-16,CCC_and_lower,US_High_Yield,BAMLH0A3HYC,10.61
2025-04-17,AAA,US_Corporate,BAMLC0A1CAAA,0.45
2025-04-17,AA,US_Corporate,BAMLC0A2CAA,0.62
2025-04-17,A,US_Corporate,BAMLC0A3CA,0.93
2025-04-17,BBB,US_Corporate,BAMLC0A4CBBB,1.39
2025-04-17,BB,US_High_Yield,BAMLH0A1HYBB,2.58
2025-04-17,B,US_High_Yield,BAMLH0A2HYB,4.17
2025-04-17,CCC_and_lower,US_High_Yield,BAMLH0A3HYC,10.39
2025-04-21,AAA,US_Corporate,BAMLC0A1CAAA,0.46
2025-04-21,AA,US_Corporate,BAMLC0A2CAA,0.62
2025-04-21,A,US_Corporate,BAMLC0A3CA,0.94
2025-04-21,BBB,US_Corporate,BAMLC0A4CBBB,1.40
2025-04-21,BB,US_High_Yield,BAMLH0A1HYBB,2.70
2025-04-21,B,US_High_Yield,BAMLH0A2HYB,4.34
2025-04-21,CCC_and_lower,US_High_Yield,BAMLH0A3HYC,10.58
2025-04-22,AAA,US_Corporate,BAMLC0A1CAAA,0.46
2025-04-22,AA,US_Corporate,BAMLC0A2CAA,0.62
2025-04-22,A,US_Corporate,BAMLC0A3CA,0.93
2025-04-22,BBB,US_Corporate,BAMLC0A4CBBB,1.39
2025-04-22,BB,US_High_Yield,BAMLH0A1HYBB,2.56
2025-04-22,B,US_High_Yield,BAMLH0A2HYB,4.16
2025-04-22,CCC_and_lower,US_High_Yield,BAMLH0A3HYC,10.35
2025-04-23,AAA,US_Corporate,BAMLC0A1CAAA,0.44
2025-04-23,AA,US_Corporate,BAMLC0A2CAA,0.60
2025-04-23,A,US_Corporate,BAMLC0A3CA,0.90
2025-04-23,BBB,US_Corporate,BAMLC0A4CBBB,1.35
2025-04-23,BB,US_High_Yield,BAMLH0A1HYBB,2.37
2025-04-23,B,US_High_Yield,BAMLH0A2HYB,3.88
2025-04-23,CCC_and_lower,US_High_Yield,BAMLH0A3HYC,9.87
2025-04-24,AAA,US_Corporate,BAMLC0A1CAAA,0.43
2025-04-24,AA,US_Corporate,BAMLC0A2CAA,0.59
2025-04-24,A,US_Corporate,BAMLC0A3CA,0.88
2025-04-24,BBB,US_Corporate,BAMLC0A4CBBB,1.33
2025-04-24,BB,US_High_Yield,BAMLH0A1HYBB,2.36
2025-04-24,B,US_High_Yield,BAMLH0A2HYB,3.85
2025-04-24,CCC_and_lower,US_High_Yield,BAMLH0A3HYC,9.85
2025-04-25,AAA,US_Corporate,BAMLC0A1CAAA,0.42
2025-04-25,AA,US_Corporate,BAMLC0A2CAA,0.57
2025-04-25,A,US_Corporate,BAMLC0A3CA,0.86
2025-04-25,BBB,US_Corporate,BAMLC0A4CBBB,1.31
2025-04-25,BB,US_High_Yield,BAMLH0A1HYBB,2.33
2025-04-25,B,US_High_Yield,BAMLH0A2HYB,3.78
2025-04-25,CCC_and_lower,US_High_Yield,BAMLH0A3HYC,9.75
2025-04-28,AAA,US_Corporate,BAMLC0A1CAAA,0.42
2025-04-28,AA,US_Corporate,BAMLC0A2CAA,0.57
2025-04-28,A,US_Corporate,BAMLC0A3CA,0.86
2025-04-28,BBB,US_Corporate,BAMLC0A4CBBB,1.31
2025-04-28,BB,US_High_Yield,BAMLH0A1HYBB,2.39
2025-04-28,B,US_High_Yield,BAMLH0A2HYB,3.82
2025-04-28,CCC_and_lower,US_High_Yield,BAMLH0A3HYC,9.79
2025-04-29,AAA,US_Corporate,BAMLC0A1CAAA,0.44
2025-04-29,AA,US_Corporate,BAMLC0A2CAA,0.59
2025-04-29,A,US_Corporate,BAMLC0A3CA,0.87
2025-04-29,BBB,US_Corporate,BAMLC0A4CBBB,1.33
2025-04-29,BB,US_High_Yield,BAMLH0A1HYBB,2.39
2025-04-29,B,US_High_Yield,BAMLH0A2HYB,3.85
2025-04-29,CCC_and_lower,US_High_Yield,BAMLH0A3HYC,9.76
2025-04-30,AAA,US_Corporate,BAMLC0A1CAAA,0.46
2025-04-30,AA,US_Corporate,BAMLC0A2CAA,0.61
2025-04-30,A,US_Corporate,BAMLC0A3CA,0.90
2025-04-30,BBB,US_Corporate,BAMLC0A4CBBB,1.37
2025-04-30,BB,US_High_Yield,BAMLH0A1HYBB,2.54
2025-04-30,B,US_High_Yield,BAMLH0A2HYB,4.11
2025-04-30,CCC_and_lower,US_High_Yield,BAMLH0A3HYC,10.00
2025-05-01,AAA,US_Corporate,BAMLC0A1CAAA,0.46
2025-05-01,AA,US_Corporate,BAMLC0A2CAA,0.61
2025-05-01,A,US_Corporate,BAMLC0A3CA,0.91
2025-05-01,BBB,US_Corporate,BAMLC0A4CBBB,1.38
2025-05-01,BB,US_High_Yield,BAMLH0A1HYBB,2.40
2025-05-01,B,US_High_Yield,BAMLH0A2HYB,3.95
2025-05-01,CCC_and_lower,US_High_Yield,BAMLH0A3HYC,9.76
2025-05-02,AAA,US_Corporate,BAMLC0A1CAAA,0.44
2025-05-02,AA,US_Corporate,BAMLC0A2CAA,0.59
2025-05-02,A,US_Corporate,BAMLC0A3CA,0.88
2025-05-02,BBB,US_Corporate,BAMLC0A4CBBB,1.34
2025-05-02,BB,US_High_Yield,BAMLH0A1HYBB,2.23
2025-05-02,B,US_High_Yield,BAMLH0A2HYB,3.77
2025-05-02,CCC_and_lower,US_High_Yield,BAMLH0A3HYC,9.56
2025-05-05,AAA,US_Corporate,BAMLC0A1CAAA,0.43
2025-05-05,AA,US_Corporate,BAMLC0A2CAA,0.58
2025-05-05,A,US_Corporate,BAMLC0A3CA,0.87
2025-05-05,BBB,US_Corporate,BAMLC0A4CBBB,1.33
2025-05-05,BB,US_High_Yield,BAMLH0A1HYBB,2.23
2025-05-05,B,US_High_Yield,BAMLH0A2HYB,3.77
2025-05-05,CCC_and_lower,US_High_Yield,BAMLH0A3HYC,9.50
2025-05-06,AAA,US_Corporate,BAMLC0A1CAAA,0.43
2025-05-06,AA,US_Corporate,BAMLC0A2CAA,0.59
2025-05-06,A,US_Corporate,BAMLC0A3CA,0.87
2025-05-06,BBB,US_Corporate,BAMLC0A4CBBB,1.33
2025-05-06,BB,US_High_Yield,BAMLH0A1HYBB,2.30
2025-05-06,B,US_High_Yield,BAMLH0A2HYB,3.81
2025-05-06,CCC_and_lower,US_High_Yield,BAMLH0A3HYC,9.56
2025-05-07,AAA,US_Corporate,BAMLC0A1CAAA,0.43
2025-05-07,AA,US_Corporate,BAMLC0A2CAA,0.58
2025-05-07,A,US_Corporate,BAMLC0A3CA,0.87
2025-05-07,BBB,US_Corporate,BAMLC0A4CBBB,1.32
2025-05-07,BB,US_High_Yield,BAMLH0A1HYBB,2.30
2025-05-07,B,US_High_Yield,BAMLH0A2HYB,3.83
2025-05-07,CCC_and_lower,US_High_Yield,BAMLH0A3HYC,9.60
2025-05-08,AAA,US_Corporate,BAMLC0A1CAAA,0.41
2025-05-08,AA,US_Corporate,BAMLC0A2CAA,0.56
2025-05-08,A,US_Corporate,BAMLC0A3CA,0.84
2025-05-08,BBB,US_Corporate,BAMLC0A4CBBB,1.29
2025-05-08,BB,US_High_Yield,BAMLH0A1HYBB,2.15
2025-05-08,B,US_High_Yield,BAMLH0A2HYB,3.70
2025-05-08,CCC_and_lower,US_High_Yield,BAMLH0A3HYC,9.34
2025-05-09,AAA,US_Corporate,BAMLC0A1CAAA,0.41
2025-05-09,AA,US_Corporate,BAMLC0A2CAA,0.56
2025-05-09,A,US_Corporate,BAMLC0A3CA,0.84
2025-05-09,BBB,US_Corporate,BAMLC0A4CBBB,1.29
2025-05-09,BB,US_High_Yield,BAMLH0A1HYBB,2.18
2025-05-09,B,US_High_Yield,BAMLH0A2HYB,3.71
2025-05-09,CCC_and_lower,US_High_Yield,BAMLH0A3HYC,9.33
2025-05-12,AAA,US_Corporate,BAMLC0A1CAAA,0.39
2025-05-12,AA,US_Corporate,BAMLC0A2CAA,0.52
2025-05-12,A,US_Corporate,BAMLC0A3CA,0.80
2025-05-12,BBB,US_Corporate,BAMLC0A4CBBB,1.22
2025-05-12,BB,US_High_Yield,BAMLH0A1HYBB,1.85
2025-05-12,B,US_High_Yield,BAMLH0A2HYB,3.29
2025-05-12,CCC_and_lower,US_High_Yield,BAMLH0A3HYC,8.79
2025-05-13,AAA,US_Corporate,BAMLC0A1CAAA,0.37
2025-05-13,AA,US_Corporate,BAMLC0A2CAA,0.50
2025-05-13,A,US_Corporate,BAMLC0A3CA,0.78
2025-05-13,BBB,US_Corporate,BAMLC0A4CBBB,1.19
2025-05-13,BB,US_High_Yield,BAMLH0A1HYBB,1.79
2025-05-13,B,US_High_Yield,BAMLH0A2HYB,3.22
2025-05-13,CCC_and_lower,US_High_Yield,BAMLH0A3HYC,8.74
2025-05-14,AAA,US_Corporate,BAMLC0A1CAAA,0.37
2025-05-14,AA,US_Corporate,BAMLC0A2CAA,0.50
2025-05-14,A,US_Corporate,BAMLC0A3CA,0.77
2025-05-14,BBB,US_Corporate,BAMLC0A4CBBB,1.18
2025-05-14,BB,US_High_Yield,BAMLH0A1HYBB,1.82
2025-05-14,B,US_High_Yield,BAMLH0A2HYB,3.23
2025-05-14,CCC_and_lower,US_High_Yield,BAMLH0A3HYC,8.65
2025-05-15,AAA,US_Corporate,BAMLC0A1CAAA,0.37
2025-05-15,AA,US_Corporate,BAMLC0A2CAA,0.50
2025-05-15,A,US_Corporate,BAMLC0A3CA,0.78
2025-05-15,BBB,US_Corporate,BAMLC0A4CBBB,1.19
2025-05-15,BB,US_High_Yield,BAMLH0A1HYBB,1.91
2025-05-15,B,US_High_Yield,BAMLH0A2HYB,3.33
2025-05-15,CCC_and_lower,US_High_Yield,BAMLH0A3HYC,8.79
2025-05-16,AAA,US_Corporate,BAMLC0A1CAAA,0.37
2025-05-16,AA,US_Corporate,BAMLC0A2CAA,0.50
2025-05-16,A,US_Corporate,BAMLC0A3CA,0.77
2025-05-16,BBB,US_Corporate,BAMLC0A4CBBB,1.17
2025-05-16,BB,US_High_Yield,BAMLH0A1HYBB,1.87
2025-05-16,B,US_High_Yield,BAMLH0A2HYB,3.30
2025-05-16,CCC_and_lower,US_High_Yield,BAMLH0A3HYC,8.79
2025-05-19,AAA,US_Corporate,BAMLC0A1CAAA,0.36
2025-05-19,AA,US_Corporate,BAMLC0A2CAA,0.49
2025-05-19,A,US_Corporate,BAMLC0A3CA,0.76
2025-05-19,BBB,US_Corporate,BAMLC0A4CBBB,1.16
2025-05-19,BB,US_High_Yield,BAMLH0A1HYBB,1.90
2025-05-19,B,US_High_Yield,BAMLH0A2HYB,3.36
2025-05-19,CCC_and_lower,US_High_Yield,BAMLH0A3HYC,8.86
2025-05-20,AAA,US_Corporate,BAMLC0A1CAAA,0.36
2025-05-20,AA,US_Corporate,BAMLC0A2CAA,0.48
2025-05-20,A,US_Corporate,BAMLC0A3CA,0.75
2025-05-20,BBB,US_Corporate,BAMLC0A4CBBB,1.15
2025-05-20,BB,US_High_Yield,BAMLH0A1HYBB,1.89
2025-05-20,B,US_High_Yield,BAMLH0A2HYB,3.34
2025-05-20,CCC_and_lower,US_High_Yield,BAMLH0A3HYC,8.84
2025-05-21,AAA,US_Corporate,BAMLC0A1CAAA,0.36
2025-05-21,AA,US_Corporate,BAMLC0A2CAA,0.49
2025-05-21,A,US_Corporate,BAMLC0A3CA,0.75
2025-05-21,BBB,US_Corporate,BAMLC0A4CBBB,1.15
2025-05-21,BB,US_High_Yield,BAMLH0A1HYBB,1.93
2025-05-21,B,US_High_Yield,BAMLH0A2HYB,3.41
2025-05-21,CCC_and_lower,US_High_Yield,BAMLH0A3HYC,8.92
2025-05-22,AAA,US_Corporate,BAMLC0A1CAAA,0.36
2025-05-22,AA,US_Corporate,BAMLC0A2CAA,0.49
2025-05-22,A,US_Corporate,BAMLC0A3CA,0.76
2025-05-22,BBB,US_Corporate,BAMLC0A4CBBB,1.16
2025-05-22,BB,US_High_Yield,BAMLH0A1HYBB,1.99
2025-05-22,B,US_High_Yield,BAMLH0A2HYB,3.47
2025-05-22,CCC_and_lower,US_High_Yield,BAMLH0A3HYC,9.02
2025-05-23,AAA,US_Corporate,BAMLC0A1CAAA,0.37
2025-05-23,AA,US_Corporate,BAMLC0A2CAA,0.50
2025-05-23,A,US_Corporate,BAMLC0A3CA,0.77
2025-05-23,BBB,US_Corporate,BAMLC0A4CBBB,1.18
2025-05-23,BB,US_High_Yield,BAMLH0A1HYBB,2.05
2025-05-23,B,US_High_Yield,BAMLH0A2HYB,3.57
2025-05-23,CCC_and_lower,US_High_Yield,BAMLH0A3HYC,9.14
2025-05-26,AAA,US_Corporate,BAMLC0A1CAAA,0.37
2025-05-26,AA,US_Corporate,BAMLC0A2CAA,0.50
2025-05-26,A,US_Corporate,BAMLC0A3CA,0.77
2025-05-26,BBB,US_Corporate,BAMLC0A4CBBB,1.18
2025-05-26,BB,US_High_Yield,BAMLH0A1HYBB,2.05
2025-05-26,B,US_High_Yield,BAMLH0A2HYB,3.57
2025-05-26,CCC_and_lower,US_High_Yield,BAMLH0A3HYC,9.14
2025-05-27,AAA,US_Corporate,BAMLC0A1CAAA,0.36
2025-05-27,AA,US_Corporate,BAMLC0A2CAA,0.49
2025-05-27,A,US_Corporate,BAMLC0A3CA,0.75
2025-05-27,BBB,US_Corporate,BAMLC0A4CBBB,1.15
2025-05-27,BB,US_High_Yield,BAMLH0A1HYBB,1.91
2025-05-27,B,US_High_Yield,BAMLH0A2HYB,3.39
2025-05-27,CCC_and_lower,US_High_Yield,BAMLH0A3HYC,8.92
2025-05-28,AAA,US_Corporate,BAMLC0A1CAAA,0.36
2025-05-28,AA,US_Corporate,BAMLC0A2CAA,0.48
2025-05-28,A,US_Corporate,BAMLC0A3CA,0.75
2025-05-28,BBB,US_Corporate,BAMLC0A4CBBB,1.14
2025-05-28,BB,US_High_Yield,BAMLH0A1HYBB,1.90
2025-05-28,B,US_High_Yield,BAMLH0A2HYB,3.42
2025-05-28,CCC_and_lower,US_High_Yield,BAMLH0A3HYC,8.84
2025-05-29,AAA,US_Corporate,BAMLC0A1CAAA,0.36
2025-05-29,AA,US_Corporate,BAMLC0A2CAA,0.48
2025-05-29,A,US_Corporate,BAMLC0A3CA,0.75
2025-05-29,BBB,US_Corporate,BAMLC0A4CBBB,1.14
2025-05-29,BB,US_High_Yield,BAMLH0A1HYBB,1.91
2025-05-29,B,US_High_Yield,BAMLH0A2HYB,3.39
2025-05-29,CCC_and_lower,US_High_Yield,BAMLH0A3HYC,8.84
2025-05-30,AAA,US_Corporate,BAMLC0A1CAAA,0.37
2025-05-30,AA,US_Corporate,BAMLC0A2CAA,0.49
2025-05-30,A,US_Corporate,BAMLC0A3CA,0.76
2025-05-30,BBB,US_Corporate,BAMLC0A4CBBB,1.15
2025-05-30,BB,US_High_Yield,BAMLH0A1HYBB,1.97
2025-05-30,B,US_High_Yield,BAMLH0A2HYB,3.49
2025-05-30,CCC_and_lower,US_High_Yield,BAMLH0A3HYC,8.96
2025-05-31,AAA,US_Corporate,BAMLC0A1CAAA,0.34
2025-05-31,AA,US_Corporate,BAMLC0A2CAA,0.50
2025-05-31,A,US_Corporate,BAMLC0A3CA,0.77
2025-05-31,BBB,US_Corporate,BAMLC0A4CBBB,1.16
2025-05-31,BB,US_High_Yield,BAMLH0A1HYBB,1.97
2025-05-31,B,US_High_Yield,BAMLH0A2HYB,3.51
2025-05-31,CCC_and_lower,US_High_Yield,BAMLH0A3HYC,9.13
2025-06-02,AAA,US_Corporate,BAMLC0A1CAAA,0.33
2025-06-02,AA,US_Corporate,BAMLC0A2CAA,0.49
2025-06-02,A,US_Corporate,BAMLC0A3CA,0.76
2025-06-02,BBB,US_Corporate,BAMLC0A4CBBB,1.15
2025-06-02,BB,US_High_Yield,BAMLH0A1HYBB,1.92
2025-06-02,B,US_High_Yield,BAMLH0A2HYB,3.40
2025-06-02,CCC_and_lower,US_High_Yield,BAMLH0A3HYC,9.22
2025-06-03,AAA,US_Corporate,BAMLC0A1CAAA,0.32
2025-06-03,AA,US_Corporate,BAMLC0A2CAA,0.48
2025-06-03,A,US_Corporate,BAMLC0A3CA,0.74
2025-06-03,BBB,US_Corporate,BAMLC0A4CBBB,1.12
2025-06-03,BB,US_High_Yield,BAMLH0A1HYBB,1.84
2025-06-03,B,US_High_Yield,BAMLH0A2HYB,3.33
2025-06-03,CCC_and_lower,US_High_Yield,BAMLH0A3HYC,9.16
2025-06-04,AAA,US_Corporate,BAMLC0A1CAAA,0.33
2025-06-04,AA,US_Corporate,BAMLC0A2CAA,0.48
2025-06-04,A,US_Corporate,BAMLC0A3CA,0.74
2025-06-04,BBB,US_Corporate,BAMLC0A4CBBB,1.12
2025-06-04,BB,US_High_Yield,BAMLH0A1HYBB,1.87
2025-06-04,B,US_High_Yield,BAMLH0A2HYB,3.37
2025-06-04,CCC_and_lower,US_High_Yield,BAMLH0A3HYC,9.30
2025-06-05,AAA,US_Corporate,BAMLC0A1CAAA,0.34
2025-06-05,AA,US_Corporate,BAMLC0A2CAA,0.49
2025-06-05,A,US_Corporate,BAMLC0A3CA,0.75
2025-06-05,BBB,US_Corporate,BAMLC0A4CBBB,1.12
2025-06-05,BB,US_High_Yield,BAMLH0A1HYBB,1.81
2025-06-05,B,US_High_Yield,BAMLH0A2HYB,3.31
2025-06-05,CCC_and_lower,US_High_Yield,BAMLH0A3HYC,9.29
2025-06-06,AAA,US_Corporate,BAMLC0A1CAAA,0.33
2025-06-06,AA,US_Corporate,BAMLC0A2CAA,0.48
2025-06-06,A,US_Corporate,BAMLC0A3CA,0.73
2025-06-06,BBB,US_Corporate,BAMLC0A4CBBB,1.10
2025-06-06,BB,US_High_Yield,BAMLH0A1HYBB,1.75
2025-06-06,B,US_High_Yield,BAMLH0A2HYB,3.20
2025-06-06,CCC_and_lower,US_High_Yield,BAMLH0A3HYC,9.15
2025-06-09,AAA,US_Corporate,BAMLC0A1CAAA,0.33
2025-06-09,AA,US_Corporate,BAMLC0A2CAA,0.47
2025-06-09,A,US_Corporate,BAMLC0A3CA,0.72
2025-06-09,BBB,US_Corporate,BAMLC0A4CBBB,1.09
2025-06-09,BB,US_High_Yield,BAMLH0A1HYBB,1.75
2025-06-09,B,US_High_Yield,BAMLH0A2HYB,3.24
2025-06-09,CCC_and_lower,US_High_Yield,BAMLH0A3HYC,9.23
2025-06-10,AAA,US_Corporate,BAMLC0A1CAAA,0.33
2025-06-10,AA,US_Corporate,BAMLC0A2CAA,0.48
2025-06-10,A,US_Corporate,BAMLC0A3CA,0.73
2025-06-10,BBB,US_Corporate,BAMLC0A4CBBB,1.09
2025-06-10,BB,US_High_Yield,BAMLH0A1HYBB,1.74
2025-06-10,B,US_High_Yield,BAMLH0A2HYB,3.24
2025-06-10,CCC_and_lower,US_High_Yield,BAMLH0A3HYC,9.30
2025-06-11,AAA,US_Corporate,BAMLC0A1CAAA,0.33
2025-06-11,AA,US_Corporate,BAMLC0A2CAA,0.48
2025-06-11,A,US_Corporate,BAMLC0A3CA,0.73
2025-06-11,BBB,US_Corporate,BAMLC0A4CBBB,1.09
2025-06-11,BB,US_High_Yield,BAMLH0A1HYBB,1.76
2025-06-11,B,US_High_Yield,BAMLH0A2HYB,3.24
2025-06-11,CCC_and_lower,US_High_Yield,BAMLH0A3HYC,9.26
2025-06-12,AAA,US_Corporate,BAMLC0A1CAAA,0.34
2025-06-12,AA,US_Corporate,BAMLC0A2CAA,0.49
2025-06-12,A,US_Corporate,BAMLC0A3CA,0.73
2025-06-12,BBB,US_Corporate,BAMLC0A4CBBB,1.10
2025-06-12,BB,US_High_Yield,BAMLH0A1HYBB,1.82
2025-06-12,B,US_High_Yield,BAMLH0A2HYB,3.29
2025-06-12,CCC_and_lower,US_High_Yield,BAMLH0A3HYC,9.23
2025-06-13,AAA,US_Corporate,BAMLC0A1CAAA,0.35
2025-06-13,AA,US_Corporate,BAMLC0A2CAA,0.49
2025-06-13,A,US_Corporate,BAMLC0A3CA,0.74
2025-06-13,BBB,US_Corporate,BAMLC0A4CBBB,1.10
2025-06-13,BB,US_High_Yield,BAMLH0A1HYBB,1.82
2025-06-13,B,US_High_Yield,BAMLH0A2HYB,3.29
2025-06-13,CCC_and_lower,US_High_Yield,BAMLH0A3HYC,9.27
2025-06-16,AAA,US_Corporate,BAMLC0A1CAAA,0.33
2025-06-16,AA,US_Corporate,BAMLC0A2CAA,0.48
2025-06-16,A,US_Corporate,BAMLC0A3CA,0.73
2025-06-16,BBB,US_Corporate,BAMLC0A4CBBB,1.08
2025-06-16,BB,US_High_Yield,BAMLH0A1HYBB,1.78
2025-06-16,B,US_High_Yield,BAMLH0A2HYB,3.21
2025-06-16,CCC_and_lower,US_High_Yield,BAMLH0A3HYC,9.04
2025-06-17,AAA,US_Corporate,BAMLC0A1CAAA,0.34
2025-06-17,AA,US_Corporate,BAMLC0A2CAA,0.49
2025-06-17,A,US_Corporate,BAMLC0A3CA,0.74
2025-06-17,BBB,US_Corporate,BAMLC0A4CBBB,1.10
2025-06-17,BB,US_High_Yield,BAMLH0A1HYBB,1.86
2025-06-17,B,US_High_Yield,BAMLH0A2HYB,3.28
2025-06-17,CCC_and_lower,US_High_Yield,BAMLH0A3HYC,9.11
2025-06-18,AAA,US_Corporate,BAMLC0A1CAAA,0.35
2025-06-18,AA,US_Corporate,BAMLC0A2CAA,0.50
2025-06-18,A,US_Corporate,BAMLC0A3CA,0.74
2025-06-18,BBB,US_Corporate,BAMLC0A4CBBB,1.10
2025-06-18,BB,US_High_Yield,BAMLH0A1HYBB,1.84
2025-06-18,B,US_High_Yield,BAMLH0A2HYB,3.25
2025-06-18,CCC_and_lower,US_High_Yield,BAMLH0A3HYC,9.14
2025-06-19,AAA,US_Corporate,BAMLC0A1CAAA,0.35
2025-06-19,AA,US_Corporate,BAMLC0A2CAA,0.50
2025-06-19,A,US_Corporate,BAMLC0A3CA,0.74
2025-06-19,BBB,US_Corporate,BAMLC0A4CBBB,1.10
2025-06-19,BB,US_High_Yield,BAMLH0A1HYBB,1.84
2025-06-19,B,US_High_Yield,BAMLH0A2HYB,3.25
2025-06-19,CCC_and_lower,US_High_Yield,BAMLH0A3HYC,9.14
2025-06-20,AAA,US_Corporate,BAMLC0A1CAAA,0.34
2025-06-20,AA,US_Corporate,BAMLC0A2CAA,0.50
2025-06-20,A,US_Corporate,BAMLC0A3CA,0.74
2025-06-20,BBB,US_Corporate,BAMLC0A4CBBB,1.10
2025-06-20,BB,US_High_Yield,BAMLH0A1HYBB,1.82
2025-06-20,B,US_High_Yield,BAMLH0A2HYB,3.21
2025-06-20,CCC_and_lower,US_High_Yield,BAMLH0A3HYC,9.14
2025-06-23,AAA,US_Corporate,BAMLC0A1CAAA,0.36
2025-06-23,AA,US_Corporate,BAMLC0A2CAA,0.50
2025-06-23,A,US_Corporate,BAMLC0A3CA,0.75
2025-06-23,BBB,US_Corporate,BAMLC0A4CBBB,1.12
2025-06-23,BB,US_High_Yield,BAMLH0A1HYBB,1.82
2025-06-23,B,US_High_Yield,BAMLH0A2HYB,3.20
2025-06-23,CCC_and_lower,US_High_Yield,BAMLH0A3HYC,9.05
2025-06-24,AAA,US_Corporate,BAMLC0A1CAAA,0.35
2025-06-24,AA,US_Corporate,BAMLC0A2CAA,0.49
2025-06-24,A,US_Corporate,BAMLC0A3CA,0.74
2025-06-24,BBB,US_Corporate,BAMLC0A4CBBB,1.10
2025-06-24,BB,US_High_Yield,BAMLH0A1HYBB,1.76
2025-06-24,B,US_High_Yield,BAMLH0A2HYB,3.14
2025-06-24,CCC_and_lower,US_High_Yield,BAMLH0A3HYC,8.95
2025-06-25,AAA,US_Corporate,BAMLC0A1CAAA,0.36
2025-06-25,AA,US_Corporate,BAMLC0A2CAA,0.50
2025-06-25,A,US_Corporate,BAMLC0A3CA,0.74
2025-06-25,BBB,US_Corporate,BAMLC0A4CBBB,1.11
2025-06-25,BB,US_High_Yield,BAMLH0A1HYBB,1.76
2025-06-25,B,US_High_Yield,BAMLH0A2HYB,3.11
2025-06-25,CCC_and_lower,US_High_Yield,BAMLH0A3HYC,8.92
2025-06-26,AAA,US_Corporate,BAMLC0A1CAAA,0.37
2025-06-26,AA,US_Corporate,BAMLC0A2CAA,0.50
2025-06-26,A,US_Corporate,BAMLC0A3CA,0.74
2025-06-26,BBB,US_Corporate,BAMLC0A4CBBB,1.11
2025-06-26,BB,US_High_Yield,BAMLH0A1HYBB,1.75
2025-06-26,B,US_High_Yield,BAMLH0A2HYB,3.10
2025-06-26,CCC_and_lower,US_High_Yield,BAMLH0A3HYC,8.95
2025-06-27,AAA,US_Corporate,BAMLC0A1CAAA,0.36
2025-06-27,AA,US_Corporate,BAMLC0A2CAA,0.50
2025-06-27,A,US_Corporate,BAMLC0A3CA,0.74
2025-06-27,BBB,US_Corporate,BAMLC0A4CBBB,1.10
2025-06-27,BB,US_High_Yield,BAMLH0A1HYBB,1.73
2025-06-27,B,US_High_Yield,BAMLH0A2HYB,3.11
2025-06-27,CCC_and_lower,US_High_Yield,BAMLH0A3HYC,8.88
2025-06-30,AAA,US_Corporate,BAMLC0A1CAAA,0.35
2025-06-30,AA,US_Corporate,BAMLC0A2CAA,0.49
2025-06-30,A,US_Corporate,BAMLC0A3CA,0.73
2025-06-30,BBB,US_Corporate,BAMLC0A4CBBB,1.08
2025-06-30,BB,US_High_Yield,BAMLH0A1HYBB,1.71
2025-06-30,B,US_High_Yield,BAMLH0A2HYB,3.05
2025-06-30,CCC_and_lower,US_High_Yield,BAMLH0A3HYC,8.86
2025-07-01,AAA,US_Corporate,BAMLC0A1CAAA,0.33
2025-07-01,AA,US_Corporate,BAMLC0A2CAA,0.48
2025-07-01,A,US_Corporate,BAMLC0A3CA,0.71
2025-07-01,BBB,US_Corporate,BAMLC0A4CBBB,1.06
2025-07-01,BB,US_High_Yield,BAMLH0A1HYBB,1.67
2025-07-01,B,US_High_Yield,BAMLH0A2HYB,3.00
2025-07-01,CCC_and_lower,US_High_Yield,BAMLH0A3HYC,8.76
2025-07-02,AAA,US_Corporate,BAMLC0A1CAAA,0.32
2025-07-02,AA,US_Corporate,BAMLC0A2CAA,0.46
2025-07-02,A,US_Corporate,BAMLC0A3CA,0.69
2025-07-02,BBB,US_Corporate,BAMLC0A4CBBB,1.03
2025-07-02,BB,US_High_Yield,BAMLH0A1HYBB,1.66
2025-07-02,B,US_High_Yield,BAMLH0A2HYB,2.95
2025-07-02,CCC_and_lower,US_High_Yield,BAMLH0A3HYC,8.71
2025-07-03,AAA,US_Corporate,BAMLC0A1CAAA,0.31
2025-07-03,AA,US_Corporate,BAMLC0A2CAA,0.45
2025-07-03,A,US_Corporate,BAMLC0A3CA,0.67
2025-07-03,BBB,US_Corporate,BAMLC0A4CBBB,1.01
2025-07-03,BB,US_High_Yield,BAMLH0A1HYBB,1.60
2025-07-03,B,US_High_Yield,BAMLH0A2HYB,2.85
2025-07-03,CCC_and_lower,US_High_Yield,BAMLH0A3HYC,8.61
2025-07-04,AAA,US_Corporate,BAMLC0A1CAAA,0.31
2025-07-04,AA,US_Corporate,BAMLC0A2CAA,0.45
2025-07-04,A,US_Corporate,BAMLC0A3CA,0.67
2025-07-04,BBB,US_Corporate,BAMLC0A4CBBB,1.01
2025-07-04,BB,US_High_Yield,BAMLH0A1HYBB,1.60
2025-07-04,B,US_High_Yield,BAMLH0A2HYB,2.85
2025-07-04,CCC_and_lower,US_High_Yield,BAMLH0A3HYC,8.61
2025-07-07,AAA,US_Corporate,BAMLC0A1CAAA,0.31
2025-07-07,AA,US_Corporate,BAMLC0A2CAA,0.45
2025-07-07,A,US_Corporate,BAMLC0A3CA,0.68
2025-07-07,BBB,US_Corporate,BAMLC0A4CBBB,1.02
2025-07-07,BB,US_High_Yield,BAMLH0A1HYBB,1.66
2025-07-07,B,US_High_Yield,BAMLH0A2HYB,2.92
2025-07-07,CCC_and_lower,US_High_Yield,BAMLH0A3HYC,8.59
2025-07-08,AAA,US_Corporate,BAMLC0A1CAAA,0.31
2025-07-08,AA,US_Corporate,BAMLC0A2CAA,0.46
2025-07-08,A,US_Corporate,BAMLC0A3CA,0.69
2025-07-08,BBB,US_Corporate,BAMLC0A4CBBB,1.02
2025-07-08,BB,US_High_Yield,BAMLH0A1HYBB,1.72
2025-07-08,B,US_High_Yield,BAMLH0A2HYB,2.99
2025-07-08,CCC_and_lower,US_High_Yield,BAMLH0A3HYC,8.60
2025-07-09,AAA,US_Corporate,BAMLC0A1CAAA,0.33
2025-07-09,AA,US_Corporate,BAMLC0A2CAA,0.47
2025-07-09,A,US_Corporate,BAMLC0A3CA,0.70
2025-07-09,BBB,US_Corporate,BAMLC0A4CBBB,1.04
2025-07-09,BB,US_High_Yield,BAMLH0A1HYBB,1.75
2025-07-09,B,US_High_Yield,BAMLH0A2HYB,3.00
2025-07-09,CCC_and_lower,US_High_Yield,BAMLH0A3HYC,8.57
2025-07-10,AAA,US_Corporate,BAMLC0A1CAAA,0.33
2025-07-10,AA,US_Corporate,BAMLC0A2CAA,0.47
2025-07-10,A,US_Corporate,BAMLC0A3CA,0.70
2025-07-10,BBB,US_Corporate,BAMLC0A4CBBB,1.03
2025-07-10,BB,US_High_Yield,BAMLH0A1HYBB,1.74
2025-07-10,B,US_High_Yield,BAMLH0A2HYB,2.98
2025-07-10,CCC_and_lower,US_High_Yield,BAMLH0A3HYC,8.53
2025-07-11,AAA,US_Corporate,BAMLC0A1CAAA,0.33
2025-07-11,AA,US_Corporate,BAMLC0A2CAA,0.47
2025-07-11,A,US_Corporate,BAMLC0A3CA,0.69
2025-07-11,BBB,US_Corporate,BAMLC0A4CBBB,1.03
2025-07-11,BB,US_High_Yield,BAMLH0A1HYBB,1.77
2025-07-11,B,US_High_Yield,BAMLH0A2HYB,3.04
2025-07-11,CCC_and_lower,US_High_Yield,BAMLH0A3HYC,8.57
2025-07-14,AAA,US_Corporate,BAMLC0A1CAAA,0.33
2025-07-14,AA,US_Corporate,BAMLC0A2CAA,0.47
2025-07-14,A,US_Corporate,BAMLC0A3CA,0.69
2025-07-14,BBB,US_Corporate,BAMLC0A4CBBB,1.03
2025-07-14,BB,US_High_Yield,BAMLH0A1HYBB,1.76
2025-07-14,B,US_High_Yield,BAMLH0A2HYB,3.03
2025-07-14,CCC_and_lower,US_High_Yield,BAMLH0A3HYC,8.54
2025-07-15,AAA,US_Corporate,BAMLC0A1CAAA,0.32
2025-07-15,AA,US_Corporate,BAMLC0A2CAA,0.46
2025-07-15,A,US_Corporate,BAMLC0A3CA,0.68
2025-07-15,BBB,US_Corporate,BAMLC0A4CBBB,1.01
2025-07-15,BB,US_High_Yield,BAMLH0A1HYBB,1.75
2025-07-15,B,US_High_Yield,BAMLH0A2HYB,3.04
2025-07-15,CCC_and_lower,US_High_Yield,BAMLH0A3HYC,8.51
2025-07-16,AAA,US_Corporate,BAMLC0A1CAAA,0.32
2025-07-16,AA,US_Corporate,BAMLC0A2CAA,0.45
2025-07-16,A,US_Corporate,BAMLC0A3CA,0.67
2025-07-16,BBB,US_Corporate,BAMLC0A4CBBB,1.02
2025-07-16,BB,US_High_Yield,BAMLH0A1HYBB,1.79
2025-07-16,B,US_High_Yield,BAMLH0A2HYB,3.10
2025-07-16,CCC_and_lower,US_High_Yield,BAMLH0A3HYC,8.57
2025-07-17,AAA,US_Corporate,BAMLC0A1CAAA,0.32
2025-07-17,AA,US_Corporate,BAMLC0A2CAA,0.44
2025-07-17,A,US_Corporate,BAMLC0A3CA,0.66
2025-07-17,BBB,US_Corporate,BAMLC0A4CBBB,1.01
2025-07-17,BB,US_High_Yield,BAMLH0A1HYBB,1.72
2025-07-17,B,US_High_Yield,BAMLH0A2HYB,2.99
2025-07-17,CCC_and_lower,US_High_Yield,BAMLH0A3HYC,8.52
2025-07-18,AAA,US_Corporate,BAMLC0A1CAAA,0.31
2025-07-18,AA,US_Corporate,BAMLC0A2CAA,0.44
2025-07-18,A,US_Corporate,BAMLC0A3CA,0.66
2025-07-18,BBB,US_Corporate,BAMLC0A4CBBB,1.01
2025-07-18,BB,US_High_Yield,BAMLH0A1HYBB,1.73
2025-07-18,B,US_High_Yield,BAMLH0A2HYB,3.00
2025-07-18,CCC_and_lower,US_High_Yield,BAMLH0A3HYC,8.54
2025-07-21,AAA,US_Corporate,BAMLC0A1CAAA,0.31
2025-07-21,AA,US_Corporate,BAMLC0A2CAA,0.44
2025-07-21,A,US_Corporate,BAMLC0A3CA,0.66
2025-07-21,BBB,US_Corporate,BAMLC0A4CBBB,1.01
2025-07-21,BB,US_High_Yield,BAMLH0A1HYBB,1.71
2025-07-21,B,US_High_Yield,BAMLH0A2HYB,2.96
2025-07-21,CCC_and_lower,US_High_Yield,BAMLH0A3HYC,8.44
2025-07-22,AAA,US_Corporate,BAMLC0A1CAAA,0.32
2025-07-22,AA,US_Corporate,BAMLC0A2CAA,0.45
2025-07-22,A,US_Corporate,BAMLC0A3CA,0.67
2025-07-22,BBB,US_Corporate,BAMLC0A4CBBB,1.02
2025-07-22,BB,US_High_Yield,BAMLH0A1HYBB,1.72
2025-07-22,B,US_High_Yield,BAMLH0A2HYB,2.97
2025-07-22,CCC_and_lower,US_High_Yield,BAMLH0A3HYC,8.42
2025-07-23,AAA,US_Corporate,BAMLC0A1CAAA,0.31
2025-07-23,AA,US_Corporate,BAMLC0A2CAA,0.44
2025-07-23,A,US_Corporate,BAMLC0A3CA,0.66
2025-07-23,BBB,US_Corporate,BAMLC0A4CBBB,1.00
2025-07-23,BB,US_High_Yield,BAMLH0A1HYBB,1.66
2025-07-23,B,US_High_Yield,BAMLH0A2HYB,2.89
2025-07-23,CCC_and_lower,US_High_Yield,BAMLH0A3HYC,8.34
2025-07-24,AAA,US_Corporate,BAMLC0A1CAAA,0.31
2025-07-24,AA,US_Corporate,BAMLC0A2CAA,0.44
2025-07-24,A,US_Corporate,BAMLC0A3CA,0.65
2025-07-24,BBB,US_Corporate,BAMLC0A4CBBB,0.99
2025-07-24,BB,US_High_Yield,BAMLH0A1HYBB,1.64
2025-07-24,B,US_High_Yield,BAMLH0A2HYB,2.91
2025-07-24,CCC_and_lower,US_High_Yield,BAMLH0A3HYC,8.31
2025-07-25,AAA,US_Corporate,BAMLC0A1CAAA,0.31
2025-07-25,AA,US_Corporate,BAMLC0A2CAA,0.43
2025-07-25,A,US_Corporate,BAMLC0A3CA,0.64
2025-07-25,BBB,US_Corporate,BAMLC0A4CBBB,0.99
2025-07-25,BB,US_High_Yield,BAMLH0A1HYBB,1.67
2025-07-25,B,US_High_Yield,BAMLH0A2HYB,2.92
2025-07-25,CCC_and_lower,US_High_Yield,BAMLH0A3HYC,8.34
2025-07-28,AAA,US_Corporate,BAMLC0A1CAAA,0.31
2025-07-28,AA,US_Corporate,BAMLC0A2CAA,0.43
2025-07-28,A,US_Corporate,BAMLC0A3CA,0.64
2025-07-28,BBB,US_Corporate,BAMLC0A4CBBB,0.98
2025-07-28,BB,US_High_Yield,BAMLH0A1HYBB,1.64
2025-07-28,B,US_High_Yield,BAMLH0A2HYB,2.90
2025-07-28,CCC_and_lower,US_High_Yield,BAMLH0A3HYC,8.27
2025-07-29,AAA,US_Corporate,BAMLC0A1CAAA,0.32
2025-07-29,AA,US_Corporate,BAMLC0A2CAA,0.44
2025-07-29,A,US_Corporate,BAMLC0A3CA,0.65
2025-07-29,BBB,US_Corporate,BAMLC0A4CBBB,1.00
2025-07-29,BB,US_High_Yield,BAMLH0A1HYBB,1.69
2025-07-29,B,US_High_Yield,BAMLH0A2HYB,2.95
2025-07-29,CCC_and_lower,US_High_Yield,BAMLH0A3HYC,8.35
2025-07-30,AAA,US_Corporate,BAMLC0A1CAAA,0.32
2025-07-30,AA,US_Corporate,BAMLC0A2CAA,0.44
2025-07-30,A,US_Corporate,BAMLC0A3CA,0.65
2025-07-30,BBB,US_Corporate,BAMLC0A4CBBB,0.99
2025-07-30,BB,US_High_Yield,BAMLH0A1HYBB,1.71
2025-07-30,B,US_High_Yield,BAMLH0A2HYB,2.98
2025-07-30,CCC_and_lower,US_High_Yield,BAMLH0A3HYC,8.39
2025-07-31,AAA,US_Corporate,BAMLC0A1CAAA,0.31
2025-07-31,AA,US_Corporate,BAMLC0A2CAA,0.44
2025-07-31,A,US_Corporate,BAMLC0A3CA,0.65
2025-07-31,BBB,US_Corporate,BAMLC0A4CBBB,0.99
2025-07-31,BB,US_High_Yield,BAMLH0A1HYBB,1.74
2025-07-31,B,US_High_Yield,BAMLH0A2HYB,2.98
2025-07-31,CCC_and_lower,US_High_Yield,BAMLH0A3HYC,8.24
2025-08-01,AAA,US_Corporate,BAMLC0A1CAAA,0.34
2025-08-01,AA,US_Corporate,BAMLC0A2CAA,0.47
2025-08-01,A,US_Corporate,BAMLC0A3CA,0.68
2025-08-01,BBB,US_Corporate,BAMLC0A4CBBB,1.04
2025-08-01,BB,US_High_Yield,BAMLH0A1HYBB,1.97
2025-08-01,B,US_High_Yield,BAMLH0A2HYB,3.27
2025-08-01,CCC_and_lower,US_High_Yield,BAMLH0A3HYC,8.67
2025-08-04,AAA,US_Corporate,BAMLC0A1CAAA,0.33
2025-08-04,AA,US_Corporate,BAMLC0A2CAA,0.47
2025-08-04,A,US_Corporate,BAMLC0A3CA,0.69
2025-08-04,BBB,US_Corporate,BAMLC0A4CBBB,1.04
2025-08-04,BB,US_High_Yield,BAMLH0A1HYBB,1.88
2025-08-04,B,US_High_Yield,BAMLH0A2HYB,3.15
2025-08-04,CCC_and_lower,US_High_Yield,BAMLH0A3HYC,8.47
2025-08-05,AAA,US_Corporate,BAMLC0A1CAAA,0.33
2025-08-05,AA,US_Corporate,BAMLC0A2CAA,0.47
2025-08-05,A,US_Corporate,BAMLC0A3CA,0.68
2025-08-05,BBB,US_Corporate,BAMLC0A4CBBB,1.03
2025-08-05,BB,US_High_Yield,BAMLH0A1HYBB,1.84
2025-08-05,B,US_High_Yield,BAMLH0A2HYB,3.13
2025-08-05,CCC_and_lower,US_High_Yield,BAMLH0A3HYC,8.44
2025-08-06,AAA,US_Corporate,BAMLC0A1CAAA,0.32
2025-08-06,AA,US_Corporate,BAMLC0A2CAA,0.46
2025-08-06,A,US_Corporate,BAMLC0A3CA,0.67
2025-08-06,BBB,US_Corporate,BAMLC0A4CBBB,1.02
2025-08-06,BB,US_High_Yield,BAMLH0A1HYBB,1.85
2025-08-06,B,US_High_Yield,BAMLH0A2HYB,3.10
2025-08-06,CCC_and_lower,US_High_Yield,BAMLH0A3HYC,8.39
2025-08-07,AAA,US_Corporate,BAMLC0A1CAAA,0.31
2025-08-07,AA,US_Corporate,BAMLC0A2CAA,0.45
2025-08-07,A,US_Corporate,BAMLC0A3CA,0.67
2025-08-07,BBB,US_Corporate,BAMLC0A4CBBB,1.01
2025-08-07,BB,US_High_Yield,BAMLH0A1HYBB,1.82
2025-08-07,B,US_High_Yield,BAMLH0A2HYB,3.08
2025-08-07,CCC_and_lower,US_High_Yield,BAMLH0A3HYC,8.35
2025-08-08,AAA,US_Corporate,BAMLC0A1CAAA,0.31
2025-08-08,AA,US_Corporate,BAMLC0A2CAA,0.45
2025-08-08,A,US_Corporate,BAMLC0A3CA,0.67
2025-08-08,BBB,US_Corporate,BAMLC0A4CBBB,1.01
2025-08-08,BB,US_High_Yield,BAMLH0A1HYBB,1.81
2025-08-08,B,US_High_Yield,BAMLH0A2HYB,3.08
2025-08-08,CCC_and_lower,US_High_Yield,BAMLH0A3HYC,8.29
2025-08-11,AAA,US_Corporate,BAMLC0A1CAAA,0.32
2025-08-11,AA,US_Corporate,BAMLC0A2CAA,0.46
2025-08-11,A,US_Corporate,BAMLC0A3CA,0.67
2025-08-11,BBB,US_Corporate,BAMLC0A4CBBB,1.01
2025-08-11,BB,US_High_Yield,BAMLH0A1HYBB,1.81
2025-08-11,B,US_High_Yield,BAMLH0A2HYB,3.09
2025-08-11,CCC_and_lower,US_High_Yield,BAMLH0A3HYC,8.35
2025-08-12,AAA,US_Corporate,BAMLC0A1CAAA,0.30
2025-08-12,AA,US_Corporate,BAMLC0A2CAA,0.44
2025-08-12,A,US_Corporate,BAMLC0A3CA,0.65
2025-08-12,BBB,US_Corporate,BAMLC0A4CBBB,1.00
2025-08-12,BB,US_High_Yield,BAMLH0A1HYBB,1.80
2025-08-12,B,US_High_Yield,BAMLH0A2HYB,3.09
2025-08-12,CCC_and_lower,US_High_Yield,BAMLH0A3HYC,8.27
2025-08-13,AAA,US_Corporate,BAMLC0A1CAAA,0.30
2025-08-13,AA,US_Corporate,BAMLC0A2CAA,0.43
2025-08-13,A,US_Corporate,BAMLC0A3CA,0.64
2025-08-13,BBB,US_Corporate,BAMLC0A4CBBB,0.98
2025-08-13,BB,US_High_Yield,BAMLH0A1HYBB,1.78
2025-08-13,B,US_High_Yield,BAMLH0A2HYB,3.06
2025-08-13,CCC_and_lower,US_High_Yield,BAMLH0A3HYC,8.16
2025-08-14,AAA,US_Corporate,BAMLC0A1CAAA,0.29
2025-08-14,AA,US_Corporate,BAMLC0A2CAA,0.42
2025-08-14,A,US_Corporate,BAMLC0A3CA,0.63
2025-08-14,BBB,US_Corporate,BAMLC0A4CBBB,0.97
2025-08-14,BB,US_High_Yield,BAMLH0A1HYBB,1.78
2025-08-14,B,US_High_Yield,BAMLH0A2HYB,3.07
2025-08-14,CCC_and_lower,US_High_Yield,BAMLH0A3HYC,8.11
2025-08-15,AAA,US_Corporate,BAMLC0A1CAAA,0.27
2025-08-15,AA,US_Corporate,BAMLC0A2CAA,0.42
2025-08-15,A,US_Corporate,BAMLC0A3CA,0.62
2025-08-15,BBB,US_Corporate,BAMLC0A4CBBB,0.96
2025-08-15,BB,US_High_Yield,BAMLH0A1HYBB,1.76
2025-08-15,B,US_High_Yield,BAMLH0A2HYB,3.05
2025-08-15,CCC_and_lower,US_High_Yield,BAMLH0A3HYC,8.12
2025-08-18,AAA,US_Corporate,BAMLC0A1CAAA,0.28
2025-08-18,AA,US_Corporate,BAMLC0A2CAA,0.41
2025-08-18,A,US_Corporate,BAMLC0A3CA,0.62
2025-08-18,BBB,US_Corporate,BAMLC0A4CBBB,0.96
2025-08-18,BB,US_High_Yield,BAMLH0A1HYBB,1.76
2025-08-18,B,US_High_Yield,BAMLH0A2HYB,3.04
2025-08-18,CCC_and_lower,US_High_Yield,BAMLH0A3HYC,8.16
2025-08-19,AAA,US_Corporate,BAMLC0A1CAAA,0.29
2025-08-19,AA,US_Corporate,BAMLC0A2CAA,0.42
2025-08-19,A,US_Corporate,BAMLC0A3CA,0.63
2025-08-19,BBB,US_Corporate,BAMLC0A4CBBB,0.97
2025-08-19,BB,US_High_Yield,BAMLH0A1HYBB,1.78
2025-08-19,B,US_High_Yield,BAMLH0A2HYB,3.06
2025-08-19,CCC_and_lower,US_High_Yield,BAMLH0A3HYC,8.17
2025-08-20,AAA,US_Corporate,BAMLC0A1CAAA,0.30
2025-08-20,AA,US_Corporate,BAMLC0A2CAA,0.43
2025-08-20,A,US_Corporate,BAMLC0A3CA,0.64
2025-08-20,BBB,US_Corporate,BAMLC0A4CBBB,0.98
2025-08-20,BB,US_High_Yield,BAMLH0A1HYBB,1.81
2025-08-20,B,US_High_Yield,BAMLH0A2HYB,3.10
2025-08-20,CCC_and_lower,US_High_Yield,BAMLH0A3HYC,8.24
2025-08-21,AAA,US_Corporate,BAMLC0A1CAAA,0.29
2025-08-21,AA,US_Corporate,BAMLC0A2CAA,0.43
2025-08-21,A,US_Corporate,BAMLC0A3CA,0.64
2025-08-21,BBB,US_Corporate,BAMLC0A4CBBB,0.98
2025-08-21,BB,US_High_Yield,BAMLH0A1HYBB,1.81
2025-08-21,B,US_High_Yield,BAMLH0A2HYB,3.12
2025-08-21,CCC_and_lower,US_High_Yield,BAMLH0A3HYC,8.26
2025-08-22,AAA,US_Corporate,BAMLC0A1CAAA,0.29
2025-08-22,AA,US_Corporate,BAMLC0A2CAA,0.43
2025-08-22,A,US_Corporate,BAMLC0A3CA,0.64
2025-08-22,BBB,US_Corporate,BAMLC0A4CBBB,0.97
2025-08-22,BB,US_High_Yield,BAMLH0A1HYBB,1.76
2025-08-22,B,US_High_Yield,BAMLH0A2HYB,3.04
2025-08-22,CCC_and_lower,US_High_Yield,BAMLH0A3HYC,8.17
2025-08-25,AAA,US_Corporate,BAMLC0A1CAAA,0.28
2025-08-25,AA,US_Corporate,BAMLC0A2CAA,0.42
2025-08-25,A,US_Corporate,BAMLC0A3CA,0.63
2025-08-25,BBB,US_Corporate,BAMLC0A4CBBB,0.96
2025-08-25,BB,US_High_Yield,BAMLH0A1HYBB,1.69
2025-08-25,B,US_High_Yield,BAMLH0A2HYB,2.93
2025-08-25,CCC_and_lower,US_High_Yield,BAMLH0A3HYC,8.09
2025-08-26,AAA,US_Corporate,BAMLC0A1CAAA,0.29
2025-08-26,AA,US_Corporate,BAMLC0A2CAA,0.43
2025-08-26,A,US_Corporate,BAMLC0A3CA,0.64
2025-08-26,BBB,US_Corporate,BAMLC0A4CBBB,0.98
2025-08-26,BB,US_High_Yield,BAMLH0A1HYBB,1.72
2025-08-26,B,US_High_Yield,BAMLH0A2HYB,2.89
2025-08-26,CCC_and_lower,US_High_Yield,BAMLH0A3HYC,7.89
2025-08-27,AAA,US_Corporate,BAMLC0A1CAAA,0.29
2025-08-27,AA,US_Corporate,BAMLC0A2CAA,0.44
2025-08-27,A,US_Corporate,BAMLC0A3CA,0.65
2025-08-27,BBB,US_Corporate,BAMLC0A4CBBB,0.99
2025-08-27,BB,US_High_Yield,BAMLH0A1HYBB,1.74
2025-08-27,B,US_High_Yield,BAMLH0A2HYB,2.86
2025-08-27,CCC_and_lower,US_High_Yield,BAMLH0A3HYC,7.85
2025-08-28,AAA,US_Corporate,BAMLC0A1CAAA,0.30
2025-08-28,AA,US_Corporate,BAMLC0A2CAA,0.44
2025-08-28,A,US_Corporate,BAMLC0A3CA,0.65
2025-08-28,BBB,US_Corporate,BAMLC0A4CBBB,0.99
2025-08-28,BB,US_High_Yield,BAMLH0A1HYBB,1.72
2025-08-28,B,US_High_Yield,BAMLH0A2HYB,2.81
2025-08-28,CCC_and_lower,US_High_Yield,BAMLH0A3HYC,7.83
2025-08-29,AAA,US_Corporate,BAMLC0A1CAAA,0.31
2025-08-29,AA,US_Corporate,BAMLC0A2CAA,0.45
2025-08-29,A,US_Corporate,BAMLC0A3CA,0.67
2025-08-29,BBB,US_Corporate,BAMLC0A4CBBB,1.01
2025-08-29,BB,US_High_Yield,BAMLH0A1HYBB,1.77
2025-08-29,B,US_High_Yield,BAMLH0A2HYB,2.91
2025-08-29,CCC_and_lower,US_High_Yield,BAMLH0A3HYC,7.88
2025-08-31,AAA,US_Corporate,BAMLC0A1CAAA,0.33
2025-08-31,AA,US_Corporate,BAMLC0A2CAA,0.45
2025-08-31,A,US_Corporate,BAMLC0A3CA,0.68
2025-08-31,BBB,US_Corporate,BAMLC0A4CBBB,1.02
2025-08-31,BB,US_High_Yield,BAMLH0A1HYBB,1.79
2025-08-31,B,US_High_Yield,BAMLH0A2HYB,2.98
2025-08-31,CCC_and_lower,US_High_Yield,BAMLH0A3HYC,7.98
2025-09-01,AAA,US_Corporate,BAMLC0A1CAAA,0.33
2025-09-01,AA,US_Corporate,BAMLC0A2CAA,0.45
2025-09-01,A,US_Corporate,BAMLC0A3CA,0.68
2025-09-01,BBB,US_Corporate,BAMLC0A4CBBB,1.02
2025-09-01,BB,US_High_Yield,BAMLH0A1HYBB,1.79
2025-09-01,B,US_High_Yield,BAMLH0A2HYB,2.98
2025-09-01,CCC_and_lower,US_High_Yield,BAMLH0A3HYC,7.98
2025-09-02,AAA,US_Corporate,BAMLC0A1CAAA,0.33
2025-09-02,AA,US_Corporate,BAMLC0A2CAA,0.46
2025-09-02,A,US_Corporate,BAMLC0A3CA,0.68
2025-09-02,BBB,US_Corporate,BAMLC0A4CBBB,1.03
2025-09-02,BB,US_High_Yield,BAMLH0A1HYBB,1.86
2025-09-02,B,US_High_Yield,BAMLH0A2HYB,3.07
2025-09-02,CCC_and_lower,US_High_Yield,BAMLH0A3HYC,8.14
2025-09-03,AAA,US_Corporate,BAMLC0A1CAAA,0.32
2025-09-03,AA,US_Corporate,BAMLC0A2CAA,0.45
2025-09-03,A,US_Corporate,BAMLC0A3CA,0.67
2025-09-03,BBB,US_Corporate,BAMLC0A4CBBB,1.02
2025-09-03,BB,US_High_Yield,BAMLH0A1HYBB,1.82
2025-09-03,B,US_High_Yield,BAMLH0A2HYB,3.02
2025-09-03,CCC_and_lower,US_High_Yield,BAMLH0A3HYC,8.06
2025-09-04,AAA,US_Corporate,BAMLC0A1CAAA,0.31
2025-09-04,AA,US_Corporate,BAMLC0A2CAA,0.44
2025-09-04,A,US_Corporate,BAMLC0A3CA,0.66
2025-09-04,BBB,US_Corporate,BAMLC0A4CBBB,1.00
2025-09-04,BB,US_High_Yield,BAMLH0A1HYBB,1.78
2025-09-04,B,US_High_Yield,BAMLH0A2HYB,2.98
2025-09-04,CCC_and_lower,US_High_Yield,BAMLH0A3HYC,8.05
2025-09-05,AAA,US_Corporate,BAMLC0A1CAAA,0.31
2025-09-05,AA,US_Corporate,BAMLC0A2CAA,0.44
2025-09-05,A,US_Corporate,BAMLC0A3CA,0.66
2025-09-05,BBB,US_Corporate,BAMLC0A4CBBB,1.00
2025-09-05,BB,US_High_Yield,BAMLH0A1HYBB,1.79
2025-09-05,B,US_High_Yield,BAMLH0A2HYB,2.95
2025-09-05,CCC_and_lower,US_High_Yield,BAMLH0A3HYC,8.03
2025-09-08,AAA,US_Corporate,BAMLC0A1CAAA,0.32
2025-09-08,AA,US_Corporate,BAMLC0A2CAA,0.45
2025-09-08,A,US_Corporate,BAMLC0A3CA,0.66
2025-09-08,BBB,US_Corporate,BAMLC0A4CBBB,1.01
2025-09-08,BB,US_High_Yield,BAMLH0A1HYBB,1.79
2025-09-08,B,US_High_Yield,BAMLH0A2HYB,2.97
2025-09-08,CCC_and_lower,US_High_Yield,BAMLH0A3HYC,8.01
2025-09-09,AAA,US_Corporate,BAMLC0A1CAAA,0.32
2025-09-09,AA,US_Corporate,BAMLC0A2CAA,0.45
2025-09-09,A,US_Corporate,BAMLC0A3CA,0.66
2025-09-09,BBB,US_Corporate,BAMLC0A4CBBB,1.01
2025-09-09,BB,US_High_Yield,BAMLH0A1HYBB,1.82
2025-09-09,B,US_High_Yield,BAMLH0A2HYB,3.01
2025-09-09,CCC_and_lower,US_High_Yield,BAMLH0A3HYC,8.05
2025-09-10,AAA,US_Corporate,BAMLC0A1CAAA,0.31
2025-09-10,AA,US_Corporate,BAMLC0A2CAA,0.45
2025-09-10,A,US_Corporate,BAMLC0A3CA,0.65
2025-09-10,BBB,US_Corporate,BAMLC0A4CBBB,1.00
2025-09-10,BB,US_High_Yield,BAMLH0A1HYBB,1.79
2025-09-10,B,US_High_Yield,BAMLH0A2HYB,2.98
2025-09-10,CCC_and_lower,US_High_Yield,BAMLH0A3HYC,8.00
2025-09-11,AAA,US_Corporate,BAMLC0A1CAAA,0.31
2025-09-11,AA,US_Corporate,BAMLC0A2CAA,0.44
2025-09-11,A,US_Corporate,BAMLC0A3CA,0.64
2025-09-11,BBB,US_Corporate,BAMLC0A4CBBB,0.98
2025-09-11,BB,US_High_Yield,BAMLH0A1HYBB,1.74
2025-09-11,B,US_High_Yield,BAMLH0A2HYB,2.91
2025-09-11,CCC_and_lower,US_High_Yield,BAMLH0A3HYC,7.92
2025-09-12,AAA,US_Corporate,BAMLC0A1CAAA,0.30
2025-09-12,AA,US_Corporate,BAMLC0A2CAA,0.43
2025-09-12,A,US_Corporate,BAMLC0A3CA,0.63
2025-09-12,BBB,US_Corporate,BAMLC0A4CBBB,0.97
2025-09-12,BB,US_High_Yield,BAMLH0A1HYBB,1.75
2025-09-12,B,US_High_Yield,BAMLH0A2HYB,2.93
2025-09-12,CCC_and_lower,US_High_Yield,BAMLH0A3HYC,7.97
2025-09-15,AAA,US_Corporate,BAMLC0A1CAAA,0.29
2025-09-15,AA,US_Corporate,BAMLC0A2CAA,0.42
2025-09-15,A,US_Corporate,BAMLC0A3CA,0.62
2025-09-15,BBB,US_Corporate,BAMLC0A4CBBB,0.95
2025-09-15,BB,US_High_Yield,BAMLH0A1HYBB,1.72
2025-09-15,B,US_High_Yield,BAMLH0A2HYB,2.85
2025-09-15,CCC_and_lower,US_High_Yield,BAMLH0A3HYC,7.94
2025-09-16,AAA,US_Corporate,BAMLC0A1CAAA,0.30
2025-09-16,AA,US_Corporate,BAMLC0A2CAA,0.43
2025-09-16,A,US_Corporate,BAMLC0A3CA,0.63
2025-09-16,BBB,US_Corporate,BAMLC0A4CBBB,0.96
2025-09-16,BB,US_High_Yield,BAMLH0A1HYBB,1.75
2025-09-16,B,US_High_Yield,BAMLH0A2HYB,2.90
2025-09-16,CCC_and_lower,US_High_Yield,BAMLH0A3HYC,8.07
2025-09-17,AAA,US_Corporate,BAMLC0A1CAAA,0.31
2025-09-17,AA,US_Corporate,BAMLC0A2CAA,0.43
2025-09-17,A,US_Corporate,BAMLC0A3CA,0.63
2025-09-17,BBB,US_Corporate,BAMLC0A4CBBB,0.96
2025-09-17,BB,US_High_Yield,BAMLH0A1HYBB,1.74
2025-09-17,B,US_High_Yield,BAMLH0A2HYB,2.88
2025-09-17,CCC_and_lower,US_High_Yield,BAMLH0A3HYC,8.08
2025-09-18,AAA,US_Corporate,BAMLC0A1CAAA,0.29
2025-09-18,AA,US_Corporate,BAMLC0A2CAA,0.42
2025-09-18,A,US_Corporate,BAMLC0A3CA,0.62
2025-09-18,BBB,US_Corporate,BAMLC0A4CBBB,0.94
2025-09-18,BB,US_High_Yield,BAMLH0A1HYBB,1.68
2025-09-18,B,US_High_Yield,BAMLH0A2HYB,2.82
2025-09-18,CCC_and_lower,US_High_Yield,BAMLH0A3HYC,7.95
2025-09-19,AAA,US_Corporate,BAMLC0A1CAAA,0.29
2025-09-19,AA,US_Corporate,BAMLC0A2CAA,0.41
2025-09-19,A,US_Corporate,BAMLC0A3CA,0.61
2025-09-19,BBB,US_Corporate,BAMLC0A4CBBB,0.93
2025-09-19,BB,US_High_Yield,BAMLH0A1HYBB,1.68
2025-09-19,B,US_High_Yield,BAMLH0A2HYB,2.82
2025-09-19,CCC_and_lower,US_High_Yield,BAMLH0A3HYC,7.97
2025-09-22,AAA,US_Corporate,BAMLC0A1CAAA,0.29
2025-09-22,AA,US_Corporate,BAMLC0A2CAA,0.41
2025-09-22,A,US_Corporate,BAMLC0A3CA,0.61
2025-09-22,BBB,US_Corporate,BAMLC0A4CBBB,0.93
2025-09-22,BB,US_High_Yield,BAMLH0A1HYBB,1.66
2025-09-22,B,US_High_Yield,BAMLH0A2HYB,2.78
2025-09-22,CCC_and_lower,US_High_Yield,BAMLH0A3HYC,7.90
2025-09-23,AAA,US_Corporate,BAMLC0A1CAAA,0.30
2025-09-23,AA,US_Corporate,BAMLC0A2CAA,0.42
2025-09-23,A,US_Corporate,BAMLC0A3CA,0.62
2025-09-23,BBB,US_Corporate,BAMLC0A4CBBB,0.94
2025-09-23,BB,US_High_Yield,BAMLH0A1HYBB,1.69
2025-09-23,B,US_High_Yield,BAMLH0A2HYB,2.79
2025-09-23,CCC_and_lower,US_High_Yield,BAMLH0A3HYC,7.93
2025-09-24,AAA,US_Corporate,BAMLC0A1CAAA,0.31
2025-09-24,AA,US_Corporate,BAMLC0A2CAA,0.43
2025-09-24,A,US_Corporate,BAMLC0A3CA,0.63
2025-09-24,BBB,US_Corporate,BAMLC0A4CBBB,0.95
2025-09-24,BB,US_High_Yield,BAMLH0A1HYBB,1.69
2025-09-24,B,US_High_Yield,BAMLH0A2HYB,2.76
2025-09-24,CCC_and_lower,US_High_Yield,BAMLH0A3HYC,7.94
2025-09-25,AAA,US_Corporate,BAMLC0A1CAAA,0.32
2025-09-25,AA,US_Corporate,BAMLC0A2CAA,0.44
2025-09-25,A,US_Corporate,BAMLC0A3CA,0.63
2025-09-25,BBB,US_Corporate,BAMLC0A4CBBB,0.96
2025-09-25,BB,US_High_Yield,BAMLH0A1HYBB,1.72
2025-09-25,B,US_High_Yield,BAMLH0A2HYB,2.86
2025-09-25,CCC_and_lower,US_High_Yield,BAMLH0A3HYC,8.03
2025-09-26,AAA,US_Corporate,BAMLC0A1CAAA,0.31
2025-09-26,AA,US_Corporate,BAMLC0A2CAA,0.43
2025-09-26,A,US_Corporate,BAMLC0A3CA,0.62
2025-09-26,BBB,US_Corporate,BAMLC0A4CBBB,0.95
2025-09-26,BB,US_High_Yield,BAMLH0A1HYBB,1.72
2025-09-26,B,US_High_Yield,BAMLH0A2HYB,2.84
2025-09-26,CCC_and_lower,US_High_Yield,BAMLH0A3HYC,8.01
2025-09-29,AAA,US_Corporate,BAMLC0A1CAAA,0.31
2025-09-29,AA,US_Corporate,BAMLC0A2CAA,0.42
2025-09-29,A,US_Corporate,BAMLC0A3CA,0.62
2025-09-29,BBB,US_Corporate,BAMLC0A4CBBB,0.94
2025-09-29,BB,US_High_Yield,BAMLH0A1HYBB,1.71
2025-09-29,B,US_High_Yield,BAMLH0A2HYB,2.82
2025-09-29,CCC_and_lower,US_High_Yield,BAMLH0A3HYC,7.98
2025-09-30,AAA,US_Corporate,BAMLC0A1CAAA,0.31
2025-09-30,AA,US_Corporate,BAMLC0A2CAA,0.43
2025-09-30,A,US_Corporate,BAMLC0A3CA,0.63
2025-09-30,BBB,US_Corporate,BAMLC0A4CBBB,0.97
2025-09-30,BB,US_High_Yield,BAMLH0A1HYBB,1.77
2025-09-30,B,US_High_Yield,BAMLH0A2HYB,2.83
2025-09-30,CCC_and_lower,US_High_Yield,BAMLH0A3HYC,8.07
2025-10-01,AAA,US_Corporate,BAMLC0A1CAAA,0.31
2025-10-01,AA,US_Corporate,BAMLC0A2CAA,0.43
2025-10-01,A,US_Corporate,BAMLC0A3CA,0.63
2025-10-01,BBB,US_Corporate,BAMLC0A4CBBB,0.97
2025-10-01,BB,US_High_Yield,BAMLH0A1HYBB,1.80
2025-10-01,B,US_High_Yield,BAMLH0A2HYB,2.82
2025-10-01,CCC_and_lower,US_High_Yield,BAMLH0A3HYC,8.10
2025-10-02,AAA,US_Corporate,BAMLC0A1CAAA,0.30
2025-10-02,AA,US_Corporate,BAMLC0A2CAA,0.43
2025-10-02,A,US_Corporate,BAMLC0A3CA,0.62
2025-10-02,BBB,US_Corporate,BAMLC0A4CBBB,0.96
2025-10-02,BB,US_High_Yield,BAMLH0A1HYBB,1.79
2025-10-02,B,US_High_Yield,BAMLH0A2HYB,2.83
2025-10-02,CCC_and_lower,US_High_Yield,BAMLH0A3HYC,8.12
2025-10-03,AAA,US_Corporate,BAMLC0A1CAAA,0.30
2025-10-03,AA,US_Corporate,BAMLC0A2CAA,0.42
2025-10-03,A,US_Corporate,BAMLC0A3CA,0.61
2025-10-03,BBB,US_Corporate,BAMLC0A4CBBB,0.95
2025-10-03,BB,US_High_Yield,BAMLH0A1HYBB,1.76
2025-10-03,B,US_High_Yield,BAMLH0A2HYB,2.84
2025-10-03,CCC_and_lower,US_High_Yield,BAMLH0A3HYC,8.11
2025-10-06,AAA,US_Corporate,BAMLC0A1CAAA,0.29
2025-10-06,AA,US_Corporate,BAMLC0A2CAA,0.42
2025-10-06,A,US_Corporate,BAMLC0A3CA,0.61
2025-10-06,BBB,US_Corporate,BAMLC0A4CBBB,0.94
2025-10-06,BB,US_High_Yield,BAMLH0A1HYBB,1.73
2025-10-06,B,US_High_Yield,BAMLH0A2HYB,2.80
2025-10-06,CCC_and_lower,US_High_Yield,BAMLH0A3HYC,8.04
2025-10-07,AAA,US_Corporate,BAMLC0A1CAAA,0.30
2025-10-07,AA,US_Corporate,BAMLC0A2CAA,0.43
2025-10-07,A,US_Corporate,BAMLC0A3CA,0.62
2025-10-07,BBB,US_Corporate,BAMLC0A4CBBB,0.95
2025-10-07,BB,US_High_Yield,BAMLH0A1HYBB,1.78
2025-10-07,B,US_High_Yield,BAMLH0A2HYB,2.87
2025-10-07,CCC_and_lower,US_High_Yield,BAMLH0A3HYC,8.12
2025-10-08,AAA,US_Corporate,BAMLC0A1CAAA,0.30
2025-10-08,AA,US_Corporate,BAMLC0A2CAA,0.43
2025-10-08,A,US_Corporate,BAMLC0A3CA,0.62
2025-10-08,BBB,US_Corporate,BAMLC0A4CBBB,0.95
2025-10-08,BB,US_High_Yield,BAMLH0A1HYBB,1.79
2025-10-08,B,US_High_Yield,BAMLH0A2HYB,2.89
2025-10-08,CCC_and_lower,US_High_Yield,BAMLH0A3HYC,8.19
2025-10-09,AAA,US_Corporate,BAMLC0A1CAAA,0.32
2025-10-09,AA,US_Corporate,BAMLC0A2CAA,0.44
2025-10-09,A,US_Corporate,BAMLC0A3CA,0.63
2025-10-09,BBB,US_Corporate,BAMLC0A4CBBB,0.98
2025-10-09,BB,US_High_Yield,BAMLH0A1HYBB,1.87
2025-10-09,B,US_High_Yield,BAMLH0A2HYB,3.02
2025-10-09,CCC_and_lower,US_High_Yield,BAMLH0A3HYC,8.38
2025-10-10,AAA,US_Corporate,BAMLC0A1CAAA,0.34
2025-10-10,AA,US_Corporate,BAMLC0A2CAA,0.47
2025-10-10,A,US_Corporate,BAMLC0A3CA,0.66
2025-10-10,BBB,US_Corporate,BAMLC0A4CBBB,1.02
2025-10-10,BB,US_High_Yield,BAMLH0A1HYBB,2.07
2025-10-10,B,US_High_Yield,BAMLH0A2HYB,3.28
2025-10-10,CCC_and_lower,US_High_Yield,BAMLH0A3HYC,8.74
2025-10-13,AAA,US_Corporate,BAMLC0A1CAAA,0.34
2025-10-13,AA,US_Corporate,BAMLC0A2CAA,0.47
2025-10-13,A,US_Corporate,BAMLC0A3CA,0.66
2025-10-13,BBB,US_Corporate,BAMLC0A4CBBB,1.02
2025-10-13,BB,US_High_Yield,BAMLH0A1HYBB,2.07
2025-10-13,B,US_High_Yield,BAMLH0A2HYB,3.28
2025-10-13,CCC_and_lower,US_High_Yield,BAMLH0A3HYC,8.74
2025-10-14,AAA,US_Corporate,BAMLC0A1CAAA,0.34
2025-10-14,AA,US_Corporate,BAMLC0A2CAA,0.47
2025-10-14,A,US_Corporate,BAMLC0A3CA,0.66
2025-10-14,BBB,US_Corporate,BAMLC0A4CBBB,1.02
2025-10-14,BB,US_High_Yield,BAMLH0A1HYBB,2.01
2025-10-14,B,US_High_Yield,BAMLH0A2HYB,3.20
2025-10-14,CCC_and_lower,US_High_Yield,BAMLH0A3HYC,8.63
2025-10-15,AAA,US_Corporate,BAMLC0A1CAAA,0.32
2025-10-15,AA,US_Corporate,BAMLC0A2CAA,0.45
2025-10-15,A,US_Corporate,BAMLC0A3CA,0.64
2025-10-15,BBB,US_Corporate,BAMLC0A4CBBB,0.99
2025-10-15,BB,US_High_Yield,BAMLH0A1HYBB,1.86
2025-10-15,B,US_High_Yield,BAMLH0A2HYB,3.02
2025-10-15,CCC_and_lower,US_High_Yield,BAMLH0A3HYC,8.47
2025-10-16,AAA,US_Corporate,BAMLC0A1CAAA,0.33
2025-10-16,AA,US_Corporate,BAMLC0A2CAA,0.46
2025-10-16,A,US_Corporate,BAMLC0A3CA,0.65
2025-10-16,BBB,US_Corporate,BAMLC0A4CBBB,1.01
2025-10-16,BB,US_High_Yield,BAMLH0A1HYBB,1.95
2025-10-16,B,US_High_Yield,BAMLH0A2HYB,3.11
2025-10-16,CCC_and_lower,US_High_Yield,BAMLH0A3HYC,8.56
2025-10-17,AAA,US_Corporate,BAMLC0A1CAAA,0.32
2025-10-17,AA,US_Corporate,BAMLC0A2CAA,0.46
2025-10-17,A,US_Corporate,BAMLC0A3CA,0.65
2025-10-17,BBB,US_Corporate,BAMLC0A4CBBB,1.01
2025-10-17,BB,US_High_Yield,BAMLH0A1HYBB,1.95
2025-10-17,B,US_High_Yield,BAMLH0A2HYB,3.12
2025-10-17,CCC_and_lower,US_High_Yield,BAMLH0A3HYC,8.57
2025-10-20,AAA,US_Corporate,BAMLC0A1CAAA,0.31
2025-10-20,AA,US_Corporate,BAMLC0A2CAA,0.45
2025-10-20,A,US_Corporate,BAMLC0A3CA,0.64
2025-10-20,BBB,US_Corporate,BAMLC0A4CBBB,1.00
2025-10-20,BB,US_High_Yield,BAMLH0A1HYBB,1.90
2025-10-20,B,US_High_Yield,BAMLH0A2HYB,3.07
2025-10-20,CCC_and_lower,US_High_Yield,BAMLH0A3HYC,8.48
2025-10-21,AAA,US_Corporate,BAMLC0A1CAAA,0.32
2025-10-21,AA,US_Corporate,BAMLC0A2CAA,0.45
2025-10-21,A,US_Corporate,BAMLC0A3CA,0.65
2025-10-21,BBB,US_Corporate,BAMLC0A4CBBB,1.01
2025-10-21,BB,US_High_Yield,BAMLH0A1HYBB,1.88
2025-10-21,B,US_High_Yield,BAMLH0A2HYB,3.06
2025-10-21,CCC_and_lower,US_High_Yield,BAMLH0A3HYC,8.47
2025-10-22,AAA,US_Corporate,BAMLC0A1CAAA,0.33
2025-10-22,AA,US_Corporate,BAMLC0A2CAA,0.46
2025-10-22,A,US_Corporate,BAMLC0A3CA,0.66
2025-10-22,BBB,US_Corporate,BAMLC0A4CBBB,1.02
2025-10-22,BB,US_High_Yield,BAMLH0A1HYBB,1.91
2025-10-22,B,US_High_Yield,BAMLH0A2HYB,3.10
2025-10-22,CCC_and_lower,US_High_Yield,BAMLH0A3HYC,8.54
2025-10-23,AAA,US_Corporate,BAMLC0A1CAAA,0.31
2025-10-23,AA,US_Corporate,BAMLC0A2CAA,0.45
2025-10-23,A,US_Corporate,BAMLC0A3CA,0.64
2025-10-23,BBB,US_Corporate,BAMLC0A4CBBB,1.00
2025-10-23,BB,US_High_Yield,BAMLH0A1HYBB,1.85
2025-10-23,B,US_High_Yield,BAMLH0A2HYB,3.06
2025-10-23,CCC_and_lower,US_High_Yield,BAMLH0A3HYC,8.53
2025-10-24,AAA,US_Corporate,BAMLC0A1CAAA,0.31
2025-10-24,AA,US_Corporate,BAMLC0A2CAA,0.44
2025-10-24,A,US_Corporate,BAMLC0A3CA,0.63
2025-10-24,BBB,US_Corporate,BAMLC0A4CBBB,0.98
2025-10-24,BB,US_High_Yield,BAMLH0A1HYBB,1.78
2025-10-24,B,US_High_Yield,BAMLH0A2HYB,2.96
2025-10-24,CCC_and_lower,US_High_Yield,BAMLH0A3HYC,8.43
2025-10-27,AAA,US_Corporate,BAMLC0A1CAAA,0.30
2025-10-27,AA,US_Corporate,BAMLC0A2CAA,0.43
2025-10-27,A,US_Corporate,BAMLC0A3CA,0.62
2025-10-27,BBB,US_Corporate,BAMLC0A4CBBB,0.97
2025-10-27,BB,US_High_Yield,BAMLH0A1HYBB,1.71
2025-10-27,B,US_High_Yield,BAMLH0A2HYB,2.89
2025-10-27,CCC_and_lower,US_High_Yield,BAMLH0A3HYC,8.27
2025-10-28,AAA,US_Corporate,BAMLC0A1CAAA,0.30
2025-10-28,AA,US_Corporate,BAMLC0A2CAA,0.43
2025-10-28,A,US_Corporate,BAMLC0A3CA,0.62
2025-10-28,BBB,US_Corporate,BAMLC0A4CBBB,0.97
2025-10-28,BB,US_High_Yield,BAMLH0A1HYBB,1.73
2025-10-28,B,US_High_Yield,BAMLH0A2HYB,2.91
2025-10-28,CCC_and_lower,US_High_Yield,BAMLH0A3HYC,8.29
2025-10-29,AAA,US_Corporate,BAMLC0A1CAAA,0.30
2025-10-29,AA,US_Corporate,BAMLC0A2CAA,0.43
2025-10-29,A,US_Corporate,BAMLC0A3CA,0.61
2025-10-29,BBB,US_Corporate,BAMLC0A4CBBB,0.96
2025-10-29,BB,US_High_Yield,BAMLH0A1HYBB,1.68
2025-10-29,B,US_High_Yield,BAMLH0A2HYB,2.84
2025-10-29,CCC_and_lower,US_High_Yield,BAMLH0A3HYC,8.22
2025-10-30,AAA,US_Corporate,BAMLC0A1CAAA,0.33
2025-10-30,AA,US_Corporate,BAMLC0A2CAA,0.45
2025-10-30,A,US_Corporate,BAMLC0A3CA,0.63
2025-10-30,BBB,US_Corporate,BAMLC0A4CBBB,0.98
2025-10-30,BB,US_High_Yield,BAMLH0A1HYBB,1.76
2025-10-30,B,US_High_Yield,BAMLH0A2HYB,2.93
2025-10-30,CCC_and_lower,US_High_Yield,BAMLH0A3HYC,8.33
2025-10-31,AAA,US_Corporate,BAMLC0A1CAAA,0.35
2025-10-31,AA,US_Corporate,BAMLC0A2CAA,0.47
2025-10-31,A,US_Corporate,BAMLC0A3CA,0.66
2025-10-31,BBB,US_Corporate,BAMLC0A4CBBB,1.02
2025-10-31,BB,US_High_Yield,BAMLH0A1HYBB,1.79
2025-10-31,B,US_High_Yield,BAMLH0A2HYB,3.07
2025-10-31,CCC_and_lower,US_High_Yield,BAMLH0A3HYC,8.65
2025-11-03,AAA,US_Corporate,BAMLC0A1CAAA,0.38
2025-11-03,AA,US_Corporate,BAMLC0A2CAA,0.49
2025-11-03,A,US_Corporate,BAMLC0A3CA,0.68
2025-11-03,BBB,US_Corporate,BAMLC0A4CBBB,1.04
2025-11-03,BB,US_High_Yield,BAMLH0A1HYBB,1.87
2025-11-03,B,US_High_Yield,BAMLH0A2HYB,3.16
2025-11-03,CCC_and_lower,US_High_Yield,BAMLH0A3HYC,8.85
2025-11-04,AAA,US_Corporate,BAMLC0A1CAAA,0.38
2025-11-04,AA,US_Corporate,BAMLC0A2CAA,0.49
2025-11-04,A,US_Corporate,BAMLC0A3CA,0.68
2025-11-04,BBB,US_Corporate,BAMLC0A4CBBB,1.04
2025-11-04,BB,US_High_Yield,BAMLH0A1HYBB,1.95
2025-11-04,B,US_High_Yield,BAMLH0A2HYB,3.26
2025-11-04,CCC_and_lower,US_High_Yield,BAMLH0A3HYC,8.97
2025-11-05,AAA,US_Corporate,BAMLC0A1CAAA,0.36
2025-11-05,AA,US_Corporate,BAMLC0A2CAA,0.47
2025-11-05,A,US_Corporate,BAMLC0A3CA,0.66
2025-11-05,BBB,US_Corporate,BAMLC0A4CBBB,1.02
2025-11-05,BB,US_High_Yield,BAMLH0A1HYBB,1.87
2025-11-05,B,US_High_Yield,BAMLH0A2HYB,3.19
2025-11-05,CCC_and_lower,US_High_Yield,BAMLH0A3HYC,8.85
2025-11-06,AAA,US_Corporate,BAMLC0A1CAAA,0.36
2025-11-06,AA,US_Corporate,BAMLC0A2CAA,0.48
2025-11-06,A,US_Corporate,BAMLC0A3CA,0.67
2025-11-06,BBB,US_Corporate,BAMLC0A4CBBB,1.04
2025-11-06,BB,US_High_Yield,BAMLH0A1HYBB,1.95
2025-11-06,B,US_High_Yield,BAMLH0A2HYB,3.28
2025-11-06,CCC_and_lower,US_High_Yield,BAMLH0A3HYC,8.90
2025-11-07,AAA,US_Corporate,BAMLC0A1CAAA,0.37
2025-11-07,AA,US_Corporate,BAMLC0A2CAA,0.49
2025-11-07,A,US_Corporate,BAMLC0A3CA,0.69
2025-11-07,BBB,US_Corporate,BAMLC0A4CBBB,1.06
2025-11-07,BB,US_High_Yield,BAMLH0A1HYBB,1.96
2025-11-07,B,US_High_Yield,BAMLH0A2HYB,3.32
2025-11-07,CCC_and_lower,US_High_Yield,BAMLH0A3HYC,8.98
2025-11-10,AAA,US_Corporate,BAMLC0A1CAAA,0.36
2025-11-10,AA,US_Corporate,BAMLC0A2CAA,0.48
2025-11-10,A,US_Corporate,BAMLC0A3CA,0.68
2025-11-10,BBB,US_Corporate,BAMLC0A4CBBB,1.05
2025-11-10,BB,US_High_Yield,BAMLH0A1HYBB,1.83
2025-11-10,B,US_High_Yield,BAMLH0A2HYB,3.16
2025-11-10,CCC_and_lower,US_High_Yield,BAMLH0A3HYC,8.88
2025-11-11,AAA,US_Corporate,BAMLC0A1CAAA,0.36
2025-11-11,AA,US_Corporate,BAMLC0A2CAA,0.48
2025-11-11,A,US_Corporate,BAMLC0A3CA,0.68
2025-11-11,BBB,US_Corporate,BAMLC0A4CBBB,1.05
2025-11-11,BB,US_High_Yield,BAMLH0A1HYBB,1.83
2025-11-11,B,US_High_Yield,BAMLH0A2HYB,3.16
2025-11-11,CCC_and_lower,US_High_Yield,BAMLH0A3HYC,8.88
2025-11-12,AAA,US_Corporate,BAMLC0A1CAAA,0.36
2025-11-12,AA,US_Corporate,BAMLC0A2CAA,0.49
2025-11-12,A,US_Corporate,BAMLC0A3CA,0.68
2025-11-12,BBB,US_Corporate,BAMLC0A4CBBB,1.05
2025-11-12,BB,US_High_Yield,BAMLH0A1HYBB,1.82
2025-11-12,B,US_High_Yield,BAMLH0A2HYB,3.15
2025-11-12,CCC_and_lower,US_High_Yield,BAMLH0A3HYC,8.95
2025-11-13,AAA,US_Corporate,BAMLC0A1CAAA,0.36
2025-11-13,AA,US_Corporate,BAMLC0A2CAA,0.49
2025-11-13,A,US_Corporate,BAMLC0A3CA,0.69
2025-11-13,BBB,US_Corporate,BAMLC0A4CBBB,1.06
2025-11-13,BB,US_High_Yield,BAMLH0A1HYBB,1.89
2025-11-13,B,US_High_Yield,BAMLH0A2HYB,3.23
2025-11-13,CCC_and_lower,US_High_Yield,BAMLH0A3HYC,9.07
2025-11-14,AAA,US_Corporate,BAMLC0A1CAAA,0.36
2025-11-14,AA,US_Corporate,BAMLC0A2CAA,0.48
2025-11-14,A,US_Corporate,BAMLC0A3CA,0.68
2025-11-14,BBB,US_Corporate,BAMLC0A4CBBB,1.06
2025-11-14,BB,US_High_Yield,BAMLH0A1HYBB,1.85
2025-11-14,B,US_High_Yield,BAMLH0A2HYB,3.25
2025-11-14,CCC_and_lower,US_High_Yield,BAMLH0A3HYC,9.02
2025-11-17,AAA,US_Corporate,BAMLC0A1CAAA,0.36
2025-11-17,AA,US_Corporate,BAMLC0A2CAA,0.49
2025-11-17,A,US_Corporate,BAMLC0A3CA,0.69
2025-11-17,BBB,US_Corporate,BAMLC0A4CBBB,1.06
2025-11-17,BB,US_High_Yield,BAMLH0A1HYBB,1.90
2025-11-17,B,US_High_Yield,BAMLH0A2HYB,3.32
2025-11-17,CCC_and_lower,US_High_Yield,BAMLH0A3HYC,9.08
2025-11-18,AAA,US_Corporate,BAMLC0A1CAAA,0.37
2025-11-18,AA,US_Corporate,BAMLC0A2CAA,0.49
2025-11-18,A,US_Corporate,BAMLC0A3CA,0.69
2025-11-18,BBB,US_Corporate,BAMLC0A4CBBB,1.07
2025-11-18,BB,US_High_Yield,BAMLH0A1HYBB,1.95
2025-11-18,B,US_High_Yield,BAMLH0A2HYB,3.40
2025-11-18,CCC_and_lower,US_High_Yield,BAMLH0A3HYC,9.22
2025-11-19,AAA,US_Corporate,BAMLC0A1CAAA,0.36
2025-11-19,AA,US_Corporate,BAMLC0A2CAA,0.49
2025-11-19,A,US_Corporate,BAMLC0A3CA,0.69
2025-11-19,BBB,US_Corporate,BAMLC0A4CBBB,1.07
2025-11-19,BB,US_High_Yield,BAMLH0A1HYBB,1.93
2025-11-19,B,US_High_Yield,BAMLH0A2HYB,3.36
2025-11-19,CCC_and_lower,US_High_Yield,BAMLH0A3HYC,9.19
2025-11-20,AAA,US_Corporate,BAMLC0A1CAAA,0.37
2025-11-20,AA,US_Corporate,BAMLC0A2CAA,0.50
2025-11-20,A,US_Corporate,BAMLC0A3CA,0.70
2025-11-20,BBB,US_Corporate,BAMLC0A4CBBB,1.08
2025-11-20,BB,US_High_Yield,BAMLH0A1HYBB,1.95
2025-11-20,B,US_High_Yield,BAMLH0A2HYB,3.34
2025-11-20,CCC_and_lower,US_High_Yield,BAMLH0A3HYC,9.20
2025-11-21,AAA,US_Corporate,BAMLC0A1CAAA,0.37
2025-11-21,AA,US_Corporate,BAMLC0A2CAA,0.50
2025-11-21,A,US_Corporate,BAMLC0A3CA,0.70
2025-11-21,BBB,US_Corporate,BAMLC0A4CBBB,1.09
2025-11-21,BB,US_High_Yield,BAMLH0A1HYBB,1.97
2025-11-21,B,US_High_Yield,BAMLH0A2HYB,3.37
2025-11-21,CCC_and_lower,US_High_Yield,BAMLH0A3HYC,9.20
2025-11-24,AAA,US_Corporate,BAMLC0A1CAAA,0.36
2025-11-24,AA,US_Corporate,BAMLC0A2CAA,0.50
2025-11-24,A,US_Corporate,BAMLC0A3CA,0.69
2025-11-24,BBB,US_Corporate,BAMLC0A4CBBB,1.08
2025-11-24,BB,US_High_Yield,BAMLH0A1HYBB,1.92
2025-11-24,B,US_High_Yield,BAMLH0A2HYB,3.30
2025-11-24,CCC_and_lower,US_High_Yield,BAMLH0A3HYC,9.19
2025-11-25,AAA,US_Corporate,BAMLC0A1CAAA,0.35
2025-11-25,AA,US_Corporate,BAMLC0A2CAA,0.49
2025-11-25,A,US_Corporate,BAMLC0A3CA,0.68
2025-11-25,BBB,US_Corporate,BAMLC0A4CBBB,1.07
2025-11-25,BB,US_High_Yield,BAMLH0A1HYBB,1.89
2025-11-25,B,US_High_Yield,BAMLH0A2HYB,3.25
2025-11-25,CCC_and_lower,US_High_Yield,BAMLH0A3HYC,9.16
2025-11-26,AAA,US_Corporate,BAMLC0A1CAAA,0.34
2025-11-26,AA,US_Corporate,BAMLC0A2CAA,0.48
2025-11-26,A,US_Corporate,BAMLC0A3CA,0.67
2025-11-26,BBB,US_Corporate,BAMLC0A4CBBB,1.05
2025-11-26,BB,US_High_Yield,BAMLH0A1HYBB,1.79
2025-11-26,B,US_High_Yield,BAMLH0A2HYB,3.12
2025-11-26,CCC_and_lower,US_High_Yield,BAMLH0A3HYC,9.14
2025-11-27,AAA,US_Corporate,BAMLC0A1CAAA,0.34
2025-11-27,AA,US_Corporate,BAMLC0A2CAA,0.48
2025-11-27,A,US_Corporate,BAMLC0A3CA,0.67
2025-11-27,BBB,US_Corporate,BAMLC0A4CBBB,1.05
2025-11-27,BB,US_High_Yield,BAMLH0A1HYBB,1.79
2025-11-27,B,US_High_Yield,BAMLH0A2HYB,3.12
2025-11-27,CCC_and_lower,US_High_Yield,BAMLH0A3HYC,9.14
2025-11-28,AAA,US_Corporate,BAMLC0A1CAAA,0.33
2025-11-28,AA,US_Corporate,BAMLC0A2CAA,0.47
2025-11-28,A,US_Corporate,BAMLC0A3CA,0.66
2025-11-28,BBB,US_Corporate,BAMLC0A4CBBB,1.04
2025-11-28,BB,US_High_Yield,BAMLH0A1HYBB,1.73
2025-11-28,B,US_High_Yield,BAMLH0A2HYB,3.06
2025-11-28,CCC_and_lower,US_High_Yield,BAMLH0A3HYC,9.17
2025-11-30,AAA,US_Corporate,BAMLC0A1CAAA,0.34
2025-11-30,AA,US_Corporate,BAMLC0A2CAA,0.49
2025-11-30,A,US_Corporate,BAMLC0A3CA,0.67
2025-11-30,BBB,US_Corporate,BAMLC0A4CBBB,1.05
2025-11-30,BB,US_High_Yield,BAMLH0A1HYBB,1.76
2025-11-30,B,US_High_Yield,BAMLH0A2HYB,3.05
2025-11-30,CCC_and_lower,US_High_Yield,BAMLH0A3HYC,8.94
2025-12-01,AAA,US_Corporate,BAMLC0A1CAAA,0.33
2025-12-01,AA,US_Corporate,BAMLC0A2CAA,0.49
2025-12-01,A,US_Corporate,BAMLC0A3CA,0.67
2025-12-01,BBB,US_Corporate,BAMLC0A4CBBB,1.04
2025-12-01,BB,US_High_Yield,BAMLH0A1HYBB,1.78
2025-12-01,B,US_High_Yield,BAMLH0A2HYB,3.07
2025-12-01,CCC_and_lower,US_High_Yield,BAMLH0A3HYC,8.97
2025-12-02,AAA,US_Corporate,BAMLC0A1CAAA,0.33
2025-12-02,AA,US_Corporate,BAMLC0A2CAA,0.48
2025-12-02,A,US_Corporate,BAMLC0A3CA,0.66
2025-12-02,BBB,US_Corporate,BAMLC0A4CBBB,1.03
2025-12-02,BB,US_High_Yield,BAMLH0A1HYBB,1.77
2025-12-02,B,US_High_Yield,BAMLH0A2HYB,3.05
2025-12-02,CCC_and_lower,US_High_Yield,BAMLH0A3HYC,8.97
2025-12-03,AAA,US_Corporate,BAMLC0A1CAAA,0.33
2025-12-03,AA,US_Corporate,BAMLC0A2CAA,0.48
2025-12-03,A,US_Corporate,BAMLC0A3CA,0.66
2025-12-03,BBB,US_Corporate,BAMLC0A4CBBB,1.03
2025-12-03,BB,US_High_Yield,BAMLH0A1HYBB,1.75
2025-12-03,B,US_High_Yield,BAMLH0A2HYB,3.01
2025-12-03,CCC_and_lower,US_High_Yield,BAMLH0A3HYC,8.79
2025-12-04,AAA,US_Corporate,BAMLC0A1CAAA,0.33
2025-12-04,AA,US_Corporate,BAMLC0A2CAA,0.48
2025-12-04,A,US_Corporate,BAMLC0A3CA,0.65
2025-12-04,BBB,US_Corporate,BAMLC0A4CBBB,1.02
2025-12-04,BB,US_High_Yield,BAMLH0A1HYBB,1.76
2025-12-04,B,US_High_Yield,BAMLH0A2HYB,2.98
2025-12-04,CCC_and_lower,US_High_Yield,BAMLH0A3HYC,8.78
2025-12-05,AAA,US_Corporate,BAMLC0A1CAAA,0.33
2025-12-05,AA,US_Corporate,BAMLC0A2CAA,0.47
2025-12-05,A,US_Corporate,BAMLC0A3CA,0.64
2025-12-05,BBB,US_Corporate,BAMLC0A4CBBB,1.01
2025-12-05,BB,US_High_Yield,BAMLH0A1HYBB,1.73
2025-12-05,B,US_High_Yield,BAMLH0A2HYB,2.95
2025-12-05,CCC_and_lower,US_High_Yield,BAMLH0A3HYC,8.68
2025-12-08,AAA,US_Corporate,BAMLC0A1CAAA,0.32
2025-12-08,AA,US_Corporate,BAMLC0A2CAA,0.47
2025-12-08,A,US_Corporate,BAMLC0A3CA,0.64
2025-12-08,BBB,US_Corporate,BAMLC0A4CBBB,1.00
2025-12-08,BB,US_High_Yield,BAMLH0A1HYBB,1.76
2025-12-08,B,US_High_Yield,BAMLH0A2HYB,3.00
2025-12-08,CCC_and_lower,US_High_Yield,BAMLH0A3HYC,8.71
2025-12-09,AAA,US_Corporate,BAMLC0A1CAAA,0.33
2025-12-09,AA,US_Corporate,BAMLC0A2CAA,0.47
2025-12-09,A,US_Corporate,BAMLC0A3CA,0.64
2025-12-09,BBB,US_Corporate,BAMLC0A4CBBB,1.00
2025-12-09,BB,US_High_Yield,BAMLH0A1HYBB,1.77
2025-12-09,B,US_High_Yield,BAMLH0A2HYB,3.00
2025-12-09,CCC_and_lower,US_High_Yield,BAMLH0A3HYC,8.76
2025-12-10,AAA,US_Corporate,BAMLC0A1CAAA,0.32
2025-12-10,AA,US_Corporate,BAMLC0A2CAA,0.47
2025-12-10,A,US_Corporate,BAMLC0A3CA,0.64
2025-12-10,BBB,US_Corporate,BAMLC0A4CBBB,1.00
2025-12-10,BB,US_High_Yield,BAMLH0A1HYBB,1.79
2025-12-10,B,US_High_Yield,BAMLH0A2HYB,3.00
2025-12-10,CCC_and_lower,US_High_Yield,BAMLH0A3HYC,8.83
2025-12-11,AAA,US_Corporate,BAMLC0A1CAAA,0.33
2025-12-11,AA,US_Corporate,BAMLC0A2CAA,0.47
2025-12-11,A,US_Corporate,BAMLC0A3CA,0.64
2025-12-11,BBB,US_Corporate,BAMLC0A4CBBB,1.00
2025-12-11,BB,US_High_Yield,BAMLH0A1HYBB,1.76
2025-12-11,B,US_High_Yield,BAMLH0A2HYB,2.97
2025-12-11,CCC_and_lower,US_High_Yield,BAMLH0A3HYC,8.77
2025-12-12,AAA,US_Corporate,BAMLC0A1CAAA,0.34
2025-12-12,AA,US_Corporate,BAMLC0A2CAA,0.48
2025-12-12,A,US_Corporate,BAMLC0A3CA,0.65
2025-12-12,BBB,US_Corporate,BAMLC0A4CBBB,1.01
2025-12-12,BB,US_High_Yield,BAMLH0A1HYBB,1.79
2025-12-12,B,US_High_Yield,BAMLH0A2HYB,3.02
2025-12-12,CCC_and_lower,US_High_Yield,BAMLH0A3HYC,8.76
2025-12-15,AAA,US_Corporate,BAMLC0A1CAAA,0.35
2025-12-15,AA,US_Corporate,BAMLC0A2CAA,0.49
2025-12-15,A,US_Corporate,BAMLC0A3CA,0.65
2025-12-15,BBB,US_Corporate,BAMLC0A4CBBB,1.02
2025-12-15,BB,US_High_Yield,BAMLH0A1HYBB,1.78
2025-12-15,B,US_High_Yield,BAMLH0A2HYB,3.04
2025-12-15,CCC_and_lower,US_High_Yield,BAMLH0A3HYC,8.79
2025-12-16,AAA,US_Corporate,BAMLC0A1CAAA,0.36
2025-12-16,AA,US_Corporate,BAMLC0A2CAA,0.49
2025-12-16,A,US_Corporate,BAMLC0A3CA,0.66
2025-12-16,BBB,US_Corporate,BAMLC0A4CBBB,1.03
2025-12-16,BB,US_High_Yield,BAMLH0A1HYBB,1.85
2025-12-16,B,US_High_Yield,BAMLH0A2HYB,3.11
2025-12-16,CCC_and_lower,US_High_Yield,BAMLH0A3HYC,8.87
2025-12-17,AAA,US_Corporate,BAMLC0A1CAAA,0.36
2025-12-17,AA,US_Corporate,BAMLC0A2CAA,0.49
2025-12-17,A,US_Corporate,BAMLC0A3CA,0.66
2025-12-17,BBB,US_Corporate,BAMLC0A4CBBB,1.03
2025-12-17,BB,US_High_Yield,BAMLH0A1HYBB,1.85
2025-12-17,B,US_High_Yield,BAMLH0A2HYB,3.11
2025-12-17,CCC_and_lower,US_High_Yield,BAMLH0A3HYC,8.92
2025-12-18,AAA,US_Corporate,BAMLC0A1CAAA,0.35
2025-12-18,AA,US_Corporate,BAMLC0A2CAA,0.49
2025-12-18,A,US_Corporate,BAMLC0A3CA,0.66
2025-12-18,BBB,US_Corporate,BAMLC0A4CBBB,1.03
2025-12-18,BB,US_High_Yield,BAMLH0A1HYBB,1.81
2025-12-18,B,US_High_Yield,BAMLH0A2HYB,3.07
2025-12-18,CCC_and_lower,US_High_Yield,BAMLH0A3HYC,8.91
2025-12-19,AAA,US_Corporate,BAMLC0A1CAAA,0.35
2025-12-19,AA,US_Corporate,BAMLC0A2CAA,0.49
2025-12-19,A,US_Corporate,BAMLC0A3CA,0.66
2025-12-19,BBB,US_Corporate,BAMLC0A4CBBB,1.02
2025-12-19,BB,US_High_Yield,BAMLH0A1HYBB,1.77
2025-12-19,B,US_High_Yield,BAMLH0A2HYB,3.02
2025-12-19,CCC_and_lower,US_High_Yield,BAMLH0A3HYC,8.84
2025-12-22,AAA,US_Corporate,BAMLC0A1CAAA,0.35
2025-12-22,AA,US_Corporate,BAMLC0A2CAA,0.49
2025-12-22,A,US_Corporate,BAMLC0A3CA,0.65
2025-12-22,BBB,US_Corporate,BAMLC0A4CBBB,1.02
2025-12-22,BB,US_High_Yield,BAMLH0A1HYBB,1.74
2025-12-22,B,US_High_Yield,BAMLH0A2HYB,3.02
2025-12-22,CCC_and_lower,US_High_Yield,BAMLH0A3HYC,8.80
2025-12-23,AAA,US_Corporate,BAMLC0A1CAAA,0.35
2025-12-23,AA,US_Corporate,BAMLC0A2CAA,0.48
2025-12-23,A,US_Corporate,BAMLC0A3CA,0.65
2025-12-23,BBB,US_Corporate,BAMLC0A4CBBB,1.01
2025-12-23,BB,US_High_Yield,BAMLH0A1HYBB,1.70
2025-12-23,B,US_High_Yield,BAMLH0A2HYB,2.94
2025-12-23,CCC_and_lower,US_High_Yield,BAMLH0A3HYC,8.73
2025-12-24,AAA,US_Corporate,BAMLC0A1CAAA,0.35
2025-12-24,AA,US_Corporate,BAMLC0A2CAA,0.48
2025-12-24,A,US_Corporate,BAMLC0A3CA,0.64
2025-12-24,BBB,US_Corporate,BAMLC0A4CBBB,1.00
2025-12-24,BB,US_High_Yield,BAMLH0A1HYBB,1.72
2025-12-24,B,US_High_Yield,BAMLH0A2HYB,2.96
2025-12-24,CCC_and_lower,US_High_Yield,BAMLH0A3HYC,8.75
2025-12-26,AAA,US_Corporate,BAMLC0A1CAAA,0.35
2025-12-26,AA,US_Corporate,BAMLC0A2CAA,0.48
2025-12-26,A,US_Corporate,BAMLC0A3CA,0.64
2025-12-26,BBB,US_Corporate,BAMLC0A4CBBB,1.00
2025-12-26,BB,US_High_Yield,BAMLH0A1HYBB,1.73
2025-12-26,B,US_High_Yield,BAMLH0A2HYB,2.97
2025-12-26,CCC_and_lower,US_High_Yield,BAMLH0A3HYC,8.80
2025-12-29,AAA,US_Corporate,BAMLC0A1CAAA,0.35
2025-12-29,AA,US_Corporate,BAMLC0A2CAA,0.48
2025-12-29,A,US_Corporate,BAMLC0A3CA,0.64
2025-12-29,BBB,US_Corporate,BAMLC0A4CBBB,1.00
2025-12-29,BB,US_High_Yield,BAMLH0A1HYBB,1.74
2025-12-29,B,US_High_Yield,BAMLH0A2HYB,3.00
2025-12-29,CCC_and_lower,US_High_Yield,BAMLH0A3HYC,8.78
2025-12-30,AAA,US_Corporate,BAMLC0A1CAAA,0.35
2025-12-30,AA,US_Corporate,BAMLC0A2CAA,0.48
2025-12-30,A,US_Corporate,BAMLC0A3CA,0.65
2025-12-30,BBB,US_Corporate,BAMLC0A4CBBB,1.01
2025-12-30,BB,US_High_Yield,BAMLH0A1HYBB,1.71
2025-12-30,B,US_High_Yield,BAMLH0A2HYB,2.98
2025-12-30,CCC_and_lower,US_High_Yield,BAMLH0A3HYC,8.73
2025-12-31,AAA,US_Corporate,BAMLC0A1CAAA,0.34
2025-12-31,AA,US_Corporate,BAMLC0A2CAA,0.49
2025-12-31,A,US_Corporate,BAMLC0A3CA,0.65
2025-12-31,BBB,US_Corporate,BAMLC0A4CBBB,1.01
2025-12-31,BB,US_High_Yield,BAMLH0A1HYBB,1.69
2025-12-31,B,US_High_Yield,BAMLH0A2HYB,3.01
2025-12-31,CCC_and_lower,US_High_Yield,BAMLH0A3HYC,8.85
2026-01-02,AAA,US_Corporate,BAMLC0A1CAAA,0.35
2026-01-02,AA,US_Corporate,BAMLC0A2CAA,0.49
2026-01-02,A,US_Corporate,BAMLC0A3CA,0.65
2026-01-02,BBB,US_Corporate,BAMLC0A4CBBB,1.01
2026-01-02,BB,US_High_Yield,BAMLH0A1HYBB,1.71
2026-01-02,B,US_High_Yield,BAMLH0A2HYB,3.02
2026-01-02,CCC_and_lower,US_High_Yield,BAMLH0A3HYC,8.88
2026-01-05,AAA,US_Corporate,BAMLC0A1CAAA,0.35
2026-01-05,AA,US_Corporate,BAMLC0A2CAA,0.49
2026-01-05,A,US_Corporate,BAMLC0A3CA,0.65
2026-01-05,BBB,US_Corporate,BAMLC0A4CBBB,1.01
2026-01-05,BB,US_High_Yield,BAMLH0A1HYBB,1.69
2026-01-05,B,US_High_Yield,BAMLH0A2HYB,3.01
2026-01-05,CCC_and_lower,US_High_Yield,BAMLH0A3HYC,8.83
2026-01-06,AAA,US_Corporate,BAMLC0A1CAAA,0.34
2026-01-06,AA,US_Corporate,BAMLC0A2CAA,0.48
2026-01-06,A,US_Corporate,BAMLC0A3CA,0.64
2026-01-06,BBB,US_Corporate,BAMLC0A4CBBB,1.00
2026-01-06,BB,US_High_Yield,BAMLH0A1HYBB,1.68
2026-01-06,B,US_High_Yield,BAMLH0A2HYB,2.98
2026-01-06,CCC_and_lower,US_High_Yield,BAMLH0A3HYC,8.74
2026-01-07,AAA,US_Corporate,BAMLC0A1CAAA,0.35
2026-01-07,AA,US_Corporate,BAMLC0A2CAA,0.49
2026-01-07,A,US_Corporate,BAMLC0A3CA,0.65
2026-01-07,BBB,US_Corporate,BAMLC0A4CBBB,1.01
2026-01-07,BB,US_High_Yield,BAMLH0A1HYBB,1.70
2026-01-07,B,US_High_Yield,BAMLH0A2HYB,2.97
2026-01-07,CCC_and_lower,US_High_Yield,BAMLH0A3HYC,8.70
2026-01-08,AAA,US_Corporate,BAMLC0A1CAAA,0.34
2026-01-08,AA,US_Corporate,BAMLC0A2CAA,0.49
2026-01-08,A,US_Corporate,BAMLC0A3CA,0.65
2026-01-08,BBB,US_Corporate,BAMLC0A4CBBB,1.01
2026-01-08,BB,US_High_Yield,BAMLH0A1HYBB,1.67
2026-01-08,B,US_High_Yield,BAMLH0A2HYB,2.95
2026-01-08,CCC_and_lower,US_High_Yield,BAMLH0A3HYC,8.68
2026-01-09,AAA,US_Corporate,BAMLC0A1CAAA,0.34
2026-01-09,AA,US_Corporate,BAMLC0A2CAA,0.48
2026-01-09,A,US_Corporate,BAMLC0A3CA,0.64
2026-01-09,BBB,US_Corporate,BAMLC0A4CBBB,0.99
2026-01-09,BB,US_High_Yield,BAMLH0A1HYBB,1.65
2026-01-09,B,US_High_Yield,BAMLH0A2HYB,2.93
2026-01-09,CCC_and_lower,US_High_Yield,BAMLH0A3HYC,8.65
2026-01-12,AAA,US_Corporate,BAMLC0A1CAAA,0.34
2026-01-12,AA,US_Corporate,BAMLC0A2CAA,0.48
2026-01-12,A,US_Corporate,BAMLC0A3CA,0.64
2026-01-12,BBB,US_Corporate,BAMLC0A4CBBB,0.99
2026-01-12,BB,US_High_Yield,BAMLH0A1HYBB,1.65
2026-01-12,B,US_High_Yield,BAMLH0A2HYB,2.92
2026-01-12,CCC_and_lower,US_High_Yield,BAMLH0A3HYC,8.64
2026-01-13,AAA,US_Corporate,BAMLC0A1CAAA,0.34
2026-01-13,AA,US_Corporate,BAMLC0A2CAA,0.48
2026-01-13,A,US_Corporate,BAMLC0A3CA,0.63
2026-01-13,BBB,US_Corporate,BAMLC0A4CBBB,0.98
2026-01-13,BB,US_High_Yield,BAMLH0A1HYBB,1.66
2026-01-13,B,US_High_Yield,BAMLH0A2HYB,2.93
2026-01-13,CCC_and_lower,US_High_Yield,BAMLH0A3HYC,8.64
2026-01-14,AAA,US_Corporate,BAMLC0A1CAAA,0.35
2026-01-14,AA,US_Corporate,BAMLC0A2CAA,0.48
2026-01-14,A,US_Corporate,BAMLC0A3CA,0.63
2026-01-14,BBB,US_Corporate,BAMLC0A4CBBB,0.98
2026-01-14,BB,US_High_Yield,BAMLH0A1HYBB,1.67
2026-01-14,B,US_High_Yield,BAMLH0A2HYB,2.96
2026-01-14,CCC_and_lower,US_High_Yield,BAMLH0A3HYC,8.63
2026-01-15,AAA,US_Corporate,BAMLC0A1CAAA,0.34
2026-01-15,AA,US_Corporate,BAMLC0A2CAA,0.47
2026-01-15,A,US_Corporate,BAMLC0A3CA,0.62
2026-01-15,BBB,US_Corporate,BAMLC0A4CBBB,0.97
2026-01-15,BB,US_High_Yield,BAMLH0A1HYBB,1.62
2026-01-15,B,US_High_Yield,BAMLH0A2HYB,2.90
2026-01-15,CCC_and_lower,US_High_Yield,BAMLH0A3HYC,8.56
2026-01-16,AAA,US_Corporate,BAMLC0A1CAAA,0.34
2026-01-16,AA,US_Corporate,BAMLC0A2CAA,0.46
2026-01-16,A,US_Corporate,BAMLC0A3CA,0.62
2026-01-16,BBB,US_Corporate,BAMLC0A4CBBB,0.96
2026-01-16,BB,US_High_Yield,BAMLH0A1HYBB,1.58
2026-01-16,B,US_High_Yield,BAMLH0A2HYB,2.81
2026-01-16,CCC_and_lower,US_High_Yield,BAMLH0A3HYC,8.52
2026-01-19,AAA,US_Corporate,BAMLC0A1CAAA,0.34
2026-01-19,AA,US_Corporate,BAMLC0A2CAA,0.46
2026-01-19,A,US_Corporate,BAMLC0A3CA,0.61
2026-01-19,BBB,US_Corporate,BAMLC0A4CBBB,0.96
2026-01-19,BB,US_High_Yield,BAMLH0A1HYBB,1.58
2026-01-19,B,US_High_Yield,BAMLH0A2HYB,2.81
2026-01-19,CCC_and_lower,US_High_Yield,BAMLH0A3HYC,8.51
2026-01-20,AAA,US_Corporate,BAMLC0A1CAAA,0.33
2026-01-20,AA,US_Corporate,BAMLC0A2CAA,0.46
2026-01-20,A,US_Corporate,BAMLC0A3CA,0.62
2026-01-20,BBB,US_Corporate,BAMLC0A4CBBB,0.96
2026-01-20,BB,US_High_Yield,BAMLH0A1HYBB,1.65
2026-01-20,B,US_High_Yield,BAMLH0A2HYB,2.90
2026-01-20,CCC_and_lower,US_High_Yield,BAMLH0A3HYC,8.64
2026-01-21,AAA,US_Corporate,BAMLC0A1CAAA,0.33
2026-01-21,AA,US_Corporate,BAMLC0A2CAA,0.45
2026-01-21,A,US_Corporate,BAMLC0A3CA,0.60
2026-01-21,BBB,US_Corporate,BAMLC0A4CBBB,0.95
2026-01-21,BB,US_High_Yield,BAMLH0A1HYBB,1.62
2026-01-21,B,US_High_Yield,BAMLH0A2HYB,2.85
2026-01-21,CCC_and_lower,US_High_Yield,BAMLH0A3HYC,8.55
2026-01-22,AAA,US_Corporate,BAMLC0A1CAAA,0.32
2026-01-22,AA,US_Corporate,BAMLC0A2CAA,0.44
2026-01-22,A,US_Corporate,BAMLC0A3CA,0.59
2026-01-22,BBB,US_Corporate,BAMLC0A4CBBB,0.93
2026-01-22,BB,US_High_Yield,BAMLH0A1HYBB,1.57
2026-01-22,B,US_High_Yield,BAMLH0A2HYB,2.81
2026-01-22,CCC_and_lower,US_High_Yield,BAMLH0A3HYC,8.43
2026-01-23,AAA,US_Corporate,BAMLC0A1CAAA,0.32
2026-01-23,AA,US_Corporate,BAMLC0A2CAA,0.45
2026-01-23,A,US_Corporate,BAMLC0A3CA,0.60
2026-01-23,BBB,US_Corporate,BAMLC0A4CBBB,0.94
2026-01-23,BB,US_High_Yield,BAMLH0A1HYBB,1.61
2026-01-23,B,US_High_Yield,BAMLH0A2HYB,2.85
2026-01-23,CCC_and_lower,US_High_Yield,BAMLH0A3HYC,8.49
2026-01-26,AAA,US_Corporate,BAMLC0A1CAAA,0.33
2026-01-26,AA,US_Corporate,BAMLC0A2CAA,0.46
2026-01-26,A,US_Corporate,BAMLC0A3CA,0.60
2026-01-26,BBB,US_Corporate,BAMLC0A4CBBB,0.94
2026-01-26,BB,US_High_Yield,BAMLH0A1HYBB,1.62
2026-01-26,B,US_High_Yield,BAMLH0A2HYB,2.86
2026-01-26,CCC_and_lower,US_High_Yield,BAMLH0A3HYC,8.52
2026-01-27,AAA,US_Corporate,BAMLC0A1CAAA,0.32
2026-01-27,AA,US_Corporate,BAMLC0A2CAA,0.45
2026-01-27,A,US_Corporate,BAMLC0A3CA,0.60
2026-01-27,BBB,US_Corporate,BAMLC0A4CBBB,0.94
2026-01-27,BB,US_High_Yield,BAMLH0A1HYBB,1.64
2026-01-27,B,US_High_Yield,BAMLH0A2HYB,2.91
2026-01-27,CCC_and_lower,US_High_Yield,BAMLH0A3HYC,8.46
2026-01-28,AAA,US_Corporate,BAMLC0A1CAAA,0.31
2026-01-28,AA,US_Corporate,BAMLC0A2CAA,0.45
2026-01-28,A,US_Corporate,BAMLC0A3CA,0.59
2026-01-28,BBB,US_Corporate,BAMLC0A4CBBB,0.93
2026-01-28,BB,US_High_Yield,BAMLH0A1HYBB,1.65
2026-01-28,B,US_High_Yield,BAMLH0A2HYB,2.94
2026-01-28,CCC_and_lower,US_High_Yield,BAMLH0A3HYC,8.38
2026-01-29,AAA,US_Corporate,BAMLC0A1CAAA,0.33
2026-01-29,AA,US_Corporate,BAMLC0A2CAA,0.45
2026-01-29,A,US_Corporate,BAMLC0A3CA,0.60
2026-01-29,BBB,US_Corporate,BAMLC0A4CBBB,0.94
2026-01-29,BB,US_High_Yield,BAMLH0A1HYBB,1.68
2026-01-29,B,US_High_Yield,BAMLH0A2HYB,2.99
2026-01-29,CCC_and_lower,US_High_Yield,BAMLH0A3HYC,8.54
2026-01-30,AAA,US_Corporate,BAMLC0A1CAAA,0.33
2026-01-30,AA,US_Corporate,BAMLC0A2CAA,0.45
2026-01-30,A,US_Corporate,BAMLC0A3CA,0.60
2026-01-30,BBB,US_Corporate,BAMLC0A4CBBB,0.94
2026-01-30,BB,US_High_Yield,BAMLH0A1HYBB,1.71
2026-01-30,B,US_High_Yield,BAMLH0A2HYB,3.06
2026-01-30,CCC_and_lower,US_High_Yield,BAMLH0A3HYC,8.55
2026-01-31,AAA,US_Corporate,BAMLC0A1CAAA,0.33
2026-01-31,AA,US_Corporate,BAMLC0A2CAA,0.46
2026-01-31,A,US_Corporate,BAMLC0A3CA,0.61
2026-01-31,BBB,US_Corporate,BAMLC0A4CBBB,0.95
2026-01-31,BB,US_High_Yield,BAMLH0A1HYBB,1.74
2026-01-31,B,US_High_Yield,BAMLH0A2HYB,3.14
2026-01-31,CCC_and_lower,US_High_Yield,BAMLH0A3HYC,8.74
2026-02-02,AAA,US_Corporate,BAMLC0A1CAAA,0.33
2026-02-02,AA,US_Corporate,BAMLC0A2CAA,0.45
2026-02-02,A,US_Corporate,BAMLC0A3CA,0.60
2026-02-02,BBB,US_Corporate,BAMLC0A4CBBB,0.93
2026-02-02,BB,US_High_Yield,BAMLH0A1HYBB,1.67
2026-02-02,B,US_High_Yield,BAMLH0A2HYB,3.06
2026-02-02,CCC_and_lower,US_High_Yield,BAMLH0A3HYC,8.68
2026-02-03,AAA,US_Corporate,BAMLC0A1CAAA,0.33
2026-02-03,AA,US_Corporate,BAMLC0A2CAA,0.45
2026-02-03,A,US_Corporate,BAMLC0A3CA,0.60
2026-02-03,BBB,US_Corporate,BAMLC0A4CBBB,0.94
2026-02-03,BB,US_High_Yield,BAMLH0A1HYBB,1.72
2026-02-03,B,US_High_Yield,BAMLH0A2HYB,3.09
2026-02-03,CCC_and_lower,US_High_Yield,BAMLH0A3HYC,8.74
2026-02-04,AAA,US_Corporate,BAMLC0A1CAAA,0.34
2026-02-04,AA,US_Corporate,BAMLC0A2CAA,0.46
2026-02-04,A,US_Corporate,BAMLC0A3CA,0.61
2026-02-04,BBB,US_Corporate,BAMLC0A4CBBB,0.95
2026-02-04,BB,US_High_Yield,BAMLH0A1HYBB,1.71
2026-02-04,B,US_High_Yield,BAMLH0A2HYB,3.11
2026-02-04,CCC_and_lower,US_High_Yield,BAMLH0A3HYC,8.80
2026-02-05,AAA,US_Corporate,BAMLC0A1CAAA,0.35
2026-02-05,AA,US_Corporate,BAMLC0A2CAA,0.47
2026-02-05,A,US_Corporate,BAMLC0A3CA,0.62
2026-02-05,BBB,US_Corporate,BAMLC0A4CBBB,0.96
2026-02-05,BB,US_High_Yield,BAMLH0A1HYBB,1.80
2026-02-05,B,US_High_Yield,BAMLH0A2HYB,3.23
2026-02-05,CCC_and_lower,US_High_Yield,BAMLH0A3HYC,9.00
2026-02-06,AAA,US_Corporate,BAMLC0A1CAAA,0.35
2026-02-06,AA,US_Corporate,BAMLC0A2CAA,0.48
2026-02-06,A,US_Corporate,BAMLC0A3CA,0.62
2026-02-06,BBB,US_Corporate,BAMLC0A4CBBB,0.96
2026-02-06,BB,US_High_Yield,BAMLH0A1HYBB,1.71
2026-02-06,B,US_High_Yield,BAMLH0A2HYB,3.12
2026-02-06,CCC_and_lower,US_High_Yield,BAMLH0A3HYC,8.92
2026-02-09,AAA,US_Corporate,BAMLC0A1CAAA,0.35
2026-02-09,AA,US_Corporate,BAMLC0A2CAA,0.48
2026-02-09,A,US_Corporate,BAMLC0A3CA,0.62
2026-02-09,BBB,US_Corporate,BAMLC0A4CBBB,0.96
2026-02-09,BB,US_High_Yield,BAMLH0A1HYBB,1.68
2026-02-09,B,US_High_Yield,BAMLH0A2HYB,3.10
2026-02-09,CCC_and_lower,US_High_Yield,BAMLH0A3HYC,8.87
2026-02-10,AAA,US_Corporate,BAMLC0A1CAAA,0.37
2026-02-10,AA,US_Corporate,BAMLC0A2CAA,0.49
2026-02-10,A,US_Corporate,BAMLC0A3CA,0.63
2026-02-10,BBB,US_Corporate,BAMLC0A4CBBB,0.98
2026-02-10,BB,US_High_Yield,BAMLH0A1HYBB,1.69
2026-02-10,B,US_High_Yield,BAMLH0A2HYB,3.13
2026-02-10,CCC_and_lower,US_High_Yield,BAMLH0A3HYC,8.92
2026-02-11,AAA,US_Corporate,BAMLC0A1CAAA,0.36
2026-02-11,AA,US_Corporate,BAMLC0A2CAA,0.48
2026-02-11,A,US_Corporate,BAMLC0A3CA,0.63
2026-02-11,BBB,US_Corporate,BAMLC0A4CBBB,0.98
2026-02-11,BB,US_High_Yield,BAMLH0A1HYBB,1.68
2026-02-11,B,US_High_Yield,BAMLH0A2HYB,3.09
2026-02-11,CCC_and_lower,US_High_Yield,BAMLH0A3HYC,8.85
2026-02-12,AAA,US_Corporate,BAMLC0A1CAAA,0.37
2026-02-12,AA,US_Corporate,BAMLC0A2CAA,0.49
2026-02-12,A,US_Corporate,BAMLC0A3CA,0.63
2026-02-12,BBB,US_Corporate,BAMLC0A4CBBB,0.99
2026-02-12,BB,US_High_Yield,BAMLH0A1HYBB,1.75
2026-02-12,B,US_High_Yield,BAMLH0A2HYB,3.19
2026-02-12,CCC_and_lower,US_High_Yield,BAMLH0A3HYC,8.97
2026-02-13,AAA,US_Corporate,BAMLC0A1CAAA,0.37
2026-02-13,AA,US_Corporate,BAMLC0A2CAA,0.50
2026-02-13,A,US_Corporate,BAMLC0A3CA,0.65
2026-02-13,BBB,US_Corporate,BAMLC0A4CBBB,1.00
2026-02-13,BB,US_High_Yield,BAMLH0A1HYBB,1.78
2026-02-13,B,US_High_Yield,BAMLH0A2HYB,3.23
2026-02-13,CCC_and_lower,US_High_Yield,BAMLH0A3HYC,9.06
2026-02-16,AAA,US_Corporate,BAMLC0A1CAAA,0.37
2026-02-16,AA,US_Corporate,BAMLC0A2CAA,0.50
2026-02-16,A,US_Corporate,BAMLC0A3CA,0.65
2026-02-16,BBB,US_Corporate,BAMLC0A4CBBB,1.00
2026-02-16,BB,US_High_Yield,BAMLH0A1HYBB,1.77
2026-02-16,B,US_High_Yield,BAMLH0A2HYB,3.21
2026-02-16,CCC_and_lower,US_High_Yield,BAMLH0A3HYC,8.96
2026-02-17,AAA,US_Corporate,BAMLC0A1CAAA,0.38
2026-02-17,AA,US_Corporate,BAMLC0A2CAA,0.50
2026-02-17,A,US_Corporate,BAMLC0A3CA,0.65
2026-02-17,BBB,US_Corporate,BAMLC0A4CBBB,1.01
2026-02-17,BB,US_High_Yield,BAMLH0A1HYBB,1.77
2026-02-17,B,US_High_Yield,BAMLH0A2HYB,3.22
2026-02-17,CCC_and_lower,US_High_Yield,BAMLH0A3HYC,9.00
2026-02-18,AAA,US_Corporate,BAMLC0A1CAAA,0.36
2026-02-18,AA,US_Corporate,BAMLC0A2CAA,0.49
2026-02-18,A,US_Corporate,BAMLC0A3CA,0.64
2026-02-18,BBB,US_Corporate,BAMLC0A4CBBB,0.99
2026-02-18,BB,US_High_Yield,BAMLH0A1HYBB,1.71
2026-02-18,B,US_High_Yield,BAMLH0A2HYB,3.12
2026-02-18,CCC_and_lower,US_High_Yield,BAMLH0A3HYC,8.87
2026-02-19,AAA,US_Corporate,BAMLC0A1CAAA,0.37
2026-02-19,AA,US_Corporate,BAMLC0A2CAA,0.49
2026-02-19,A,US_Corporate,BAMLC0A3CA,0.64
2026-02-19,BBB,US_Corporate,BAMLC0A4CBBB,0.99
2026-02-19,BB,US_High_Yield,BAMLH0A1HYBB,1.72
2026-02-19,B,US_High_Yield,BAMLH0A2HYB,3.14
2026-02-19,CCC_and_lower,US_High_Yield,BAMLH0A3HYC,8.88
2026-02-20,AAA,US_Corporate,BAMLC0A1CAAA,0.36
2026-02-20,AA,US_Corporate,BAMLC0A2CAA,0.48
2026-02-20,A,US_Corporate,BAMLC0A3CA,0.63
2026-02-20,BBB,US_Corporate,BAMLC0A4CBBB,0.99
2026-02-20,BB,US_High_Yield,BAMLH0A1HYBB,1.70
2026-02-20,B,US_High_Yield,BAMLH0A2HYB,3.12
2026-02-20,CCC_and_lower,US_High_Yield,BAMLH0A3HYC,8.87
2026-02-23,AAA,US_Corporate,BAMLC0A1CAAA,0.38
2026-02-23,AA,US_Corporate,BAMLC0A2CAA,0.50
2026-02-23,A,US_Corporate,BAMLC0A3CA,0.65
2026-02-23,BBB,US_Corporate,BAMLC0A4CBBB,1.01
2026-02-23,BB,US_High_Yield,BAMLH0A1HYBB,1.78
2026-02-23,B,US_High_Yield,BAMLH0A2HYB,3.23
2026-02-23,CCC_and_lower,US_High_Yield,BAMLH0A3HYC,9.04
2026-02-24,AAA,US_Corporate,BAMLC0A1CAAA,0.38
2026-02-24,AA,US_Corporate,BAMLC0A2CAA,0.51
2026-02-24,A,US_Corporate,BAMLC0A3CA,0.66
2026-02-24,BBB,US_Corporate,BAMLC0A4CBBB,1.02
2026-02-24,BB,US_High_Yield,BAMLH0A1HYBB,1.78
2026-02-24,B,US_High_Yield,BAMLH0A2HYB,3.23
2026-02-24,CCC_and_lower,US_High_Yield,BAMLH0A3HYC,9.15
2026-02-25,AAA,US_Corporate,BAMLC0A1CAAA,0.38
2026-02-25,AA,US_Corporate,BAMLC0A2CAA,0.50
2026-02-25,A,US_Corporate,BAMLC0A3CA,0.66
2026-02-25,BBB,US_Corporate,BAMLC0A4CBBB,1.01
2026-02-25,BB,US_High_Yield,BAMLH0A1HYBB,1.75
2026-02-25,B,US_High_Yield,BAMLH0A2HYB,3.20
2026-02-25,CCC_and_lower,US_High_Yield,BAMLH0A3HYC,9.18
2026-02-26,AAA,US_Corporate,BAMLC0A1CAAA,0.39
2026-02-26,AA,US_Corporate,BAMLC0A2CAA,0.51
2026-02-26,A,US_Corporate,BAMLC0A3CA,0.68
2026-02-26,BBB,US_Corporate,BAMLC0A4CBBB,1.03
2026-02-26,BB,US_High_Yield,BAMLH0A1HYBB,1.79
2026-02-26,B,US_High_Yield,BAMLH0A2HYB,3.23
2026-02-26,CCC_and_lower,US_High_Yield,BAMLH0A3HYC,9.27
2026-02-27,AAA,US_Corporate,BAMLC0A1CAAA,0.41
2026-02-27,AA,US_Corporate,BAMLC0A2CAA,0.54
2026-02-27,A,US_Corporate,BAMLC0A3CA,0.71
2026-02-27,BBB,US_Corporate,BAMLC0A4CBBB,1.07
2026-02-27,BB,US_High_Yield,BAMLH0A1HYBB,1.89
2026-02-27,B,US_High_Yield,BAMLH0A2HYB,3.38
2026-02-27,CCC_and_lower,US_High_Yield,BAMLH0A3HYC,9.50
2026-02-28,AAA,US_Corporate,BAMLC0A1CAAA,0.43
2026-02-28,AA,US_Corporate,BAMLC0A2CAA,0.55
2026-02-28,A,US_Corporate,BAMLC0A3CA,0.71
2026-02-28,BBB,US_Corporate,BAMLC0A4CBBB,1.08
2026-02-28,BB,US_High_Yield,BAMLH0A1HYBB,1.91
2026-02-28,B,US_High_Yield,BAMLH0A2HYB,3.45
2026-02-28,CCC_and_lower,US_High_Yield,BAMLH0A3HYC,9.52
2026-03-02,AAA,US_Corporate,BAMLC0A1CAAA,0.42
2026-03-02,AA,US_Corporate,BAMLC0A2CAA,0.53
2026-03-02,A,US_Corporate,BAMLC0A3CA,0.70
2026-03-02,BBB,US_Corporate,BAMLC0A4CBBB,1.06
2026-03-02,BB,US_High_Yield,BAMLH0A1HYBB,1.82
2026-03-02,B,US_High_Yield,BAMLH0A2HYB,3.36
2026-03-02,CCC_and_lower,US_High_Yield,BAMLH0A3HYC,9.45
2026-03-03,AAA,US_Corporate,BAMLC0A1CAAA,0.40
2026-03-03,AA,US_Corporate,BAMLC0A2CAA,0.53
2026-03-03,A,US_Corporate,BAMLC0A3CA,0.69
2026-03-03,BBB,US_Corporate,BAMLC0A4CBBB,1.06
2026-03-03,BB,US_High_Yield,BAMLH0A1HYBB,1.86
2026-03-03,B,US_High_Yield,BAMLH0A2HYB,3.44
2026-03-03,CCC_and_lower,US_High_Yield,BAMLH0A3HYC,9.57
2026-03-04,AAA,US_Corporate,BAMLC0A1CAAA,0.38
2026-03-04,AA,US_Corporate,BAMLC0A2CAA,0.51
2026-03-04,A,US_Corporate,BAMLC0A3CA,0.67
2026-03-04,BBB,US_Corporate,BAMLC0A4CBBB,1.03
2026-03-04,BB,US_High_Yield,BAMLH0A1HYBB,1.76
2026-03-04,B,US_High_Yield,BAMLH0A2HYB,3.27
2026-03-04,CCC_and_lower,US_High_Yield,BAMLH0A3HYC,9.42
2026-03-05,AAA,US_Corporate,BAMLC0A1CAAA,0.39
2026-03-05,AA,US_Corporate,BAMLC0A2CAA,0.51
2026-03-05,A,US_Corporate,BAMLC0A3CA,0.68
2026-03-05,BBB,US_Corporate,BAMLC0A4CBBB,1.04
2026-03-05,BB,US_High_Yield,BAMLH0A1HYBB,1.80
2026-03-05,B,US_High_Yield,BAMLH0A2HYB,3.31
2026-03-05,CCC_and_lower,US_High_Yield,BAMLH0A3HYC,9.44
2026-03-06,AAA,US_Corporate,BAMLC0A1CAAA,0.40
2026-03-06,AA,US_Corporate,BAMLC0A2CAA,0.53
2026-03-06,A,US_Corporate,BAMLC0A3CA,0.69
2026-03-06,BBB,US_Corporate,BAMLC0A4CBBB,1.06
2026-03-06,BB,US_High_Yield,BAMLH0A1HYBB,1.91
2026-03-06,B,US_High_Yield,BAMLH0A2HYB,3.45
2026-03-06,CCC_and_lower,US_High_Yield,BAMLH0A3HYC,9.59
2026-03-09,AAA,US_Corporate,BAMLC0A1CAAA,0.40
2026-03-09,AA,US_Corporate,BAMLC0A2CAA,0.53
2026-03-09,A,US_Corporate,BAMLC0A3CA,0.70
2026-03-09,BBB,US_Corporate,BAMLC0A4CBBB,1.07
2026-03-09,BB,US_High_Yield,BAMLH0A1HYBB,1.96
2026-03-09,B,US_High_Yield,BAMLH0A2HYB,3.52
2026-03-09,CCC_and_lower,US_High_Yield,BAMLH0A3HYC,9.69
2026-03-10,AAA,US_Corporate,BAMLC0A1CAAA,0.41
2026-03-10,AA,US_Corporate,BAMLC0A2CAA,0.54
2026-03-10,A,US_Corporate,BAMLC0A3CA,0.69
2026-03-10,BBB,US_Corporate,BAMLC0A4CBBB,1.06
2026-03-10,BB,US_High_Yield,BAMLH0A1HYBB,1.87
2026-03-10,B,US_High_Yield,BAMLH0A2HYB,3.37
2026-03-10,CCC_and_lower,US_High_Yield,BAMLH0A3HYC,9.45
2026-03-11,AAA,US_Corporate,BAMLC0A1CAAA,0.42
2026-03-11,AA,US_Corporate,BAMLC0A2CAA,0.56
2026-03-11,A,US_Corporate,BAMLC0A3CA,0.73
2026-03-11,BBB,US_Corporate,BAMLC0A4CBBB,1.09
2026-03-11,BB,US_High_Yield,BAMLH0A1HYBB,1.90
2026-03-11,B,US_High_Yield,BAMLH0A2HYB,3.39
2026-03-11,CCC_and_lower,US_High_Yield,BAMLH0A3HYC,9.45
2026-03-12,AAA,US_Corporate,BAMLC0A1CAAA,0.45
2026-03-12,AA,US_Corporate,BAMLC0A2CAA,0.58
2026-03-12,A,US_Corporate,BAMLC0A3CA,0.76
2026-03-12,BBB,US_Corporate,BAMLC0A4CBBB,1.12
2026-03-12,BB,US_High_Yield,BAMLH0A1HYBB,1.97
2026-03-12,B,US_High_Yield,BAMLH0A2HYB,3.49
2026-03-12,CCC_and_lower,US_High_Yield,BAMLH0A3HYC,9.61
2026-03-13,AAA,US_Corporate,BAMLC0A1CAAA,0.45
2026-03-13,AA,US_Corporate,BAMLC0A2CAA,0.60
2026-03-13,A,US_Corporate,BAMLC0A3CA,0.78
2026-03-13,BBB,US_Corporate,BAMLC0A4CBBB,1.15
2026-03-13,BB,US_High_Yield,BAMLH0A1HYBB,2.06
2026-03-13,B,US_High_Yield,BAMLH0A2HYB,3.60
2026-03-13,CCC_and_lower,US_High_Yield,BAMLH0A3HYC,9.78
2026-03-16,AAA,US_Corporate,BAMLC0A1CAAA,0.45
2026-03-16,AA,US_Corporate,BAMLC0A2CAA,0.60
2026-03-16,A,US_Corporate,BAMLC0A3CA,0.79
2026-03-16,BBB,US_Corporate,BAMLC0A4CBBB,1.16
2026-03-16,BB,US_High_Yield,BAMLH0A1HYBB,2.06
2026-03-16,B,US_High_Yield,BAMLH0A2HYB,3.58
2026-03-16,CCC_and_lower,US_High_Yield,BAMLH0A3HYC,9.73
2026-03-17,AAA,US_Corporate,BAMLC0A1CAAA,0.43
2026-03-17,AA,US_Corporate,BAMLC0A2CAA,0.58
2026-03-17,A,US_Corporate,BAMLC0A3CA,0.77
2026-03-17,BBB,US_Corporate,BAMLC0A4CBBB,1.14
2026-03-17,BB,US_High_Yield,BAMLH0A1HYBB,2.02
2026-03-17,B,US_High_Yield,BAMLH0A2HYB,3.52
2026-03-17,CCC_and_lower,US_High_Yield,BAMLH0A3HYC,9.63
2026-03-18,AAA,US_Corporate,BAMLC0A1CAAA,0.41
2026-03-18,AA,US_Corporate,BAMLC0A2CAA,0.57
2026-03-18,A,US_Corporate,BAMLC0A3CA,0.76
2026-03-18,BBB,US_Corporate,BAMLC0A4CBBB,1.13
2026-03-18,BB,US_High_Yield,BAMLH0A1HYBB,2.00
2026-03-18,B,US_High_Yield,BAMLH0A2HYB,3.51
2026-03-18,CCC_and_lower,US_High_Yield,BAMLH0A3HYC,9.64
2026-03-19,AAA,US_Corporate,BAMLC0A1CAAA,0.41
2026-03-19,AA,US_Corporate,BAMLC0A2CAA,0.56
2026-03-19,A,US_Corporate,BAMLC0A3CA,0.75
2026-03-19,BBB,US_Corporate,BAMLC0A4CBBB,1.13
2026-03-19,BB,US_High_Yield,BAMLH0A1HYBB,2.04
2026-03-19,B,US_High_Yield,BAMLH0A2HYB,3.61
2026-03-19,CCC_and_lower,US_High_Yield,BAMLH0A3HYC,9.76
2026-03-20,AAA,US_Corporate,BAMLC0A1CAAA,0.41
2026-03-20,AA,US_Corporate,BAMLC0A2CAA,0.55
2026-03-20,A,US_Corporate,BAMLC0A3CA,0.73
2026-03-20,BBB,US_Corporate,BAMLC0A4CBBB,1.11
2026-03-20,BB,US_High_Yield,BAMLH0A1HYBB,2.00
2026-03-20,B,US_High_Yield,BAMLH0A2HYB,3.57
2026-03-20,CCC_and_lower,US_High_Yield,BAMLH0A3HYC,9.79
2026-03-23,AAA,US_Corporate,BAMLC0A1CAAA,0.39
2026-03-23,AA,US_Corporate,BAMLC0A2CAA,0.54
2026-03-23,A,US_Corporate,BAMLC0A3CA,0.73
2026-03-23,BBB,US_Corporate,BAMLC0A4CBBB,1.11
2026-03-23,BB,US_High_Yield,BAMLH0A1HYBB,1.97
2026-03-23,B,US_High_Yield,BAMLH0A2HYB,3.50
2026-03-23,CCC_and_lower,US_High_Yield,BAMLH0A3HYC,9.75
2026-03-24,AAA,US_Corporate,BAMLC0A1CAAA,0.38
2026-03-24,AA,US_Corporate,BAMLC0A2CAA,0.54
2026-03-24,A,US_Corporate,BAMLC0A3CA,0.72
2026-03-24,BBB,US_Corporate,BAMLC0A4CBBB,1.09
2026-03-24,BB,US_High_Yield,BAMLH0A1HYBB,1.96
2026-03-24,B,US_High_Yield,BAMLH0A2HYB,3.50
2026-03-24,CCC_and_lower,US_High_Yield,BAMLH0A3HYC,9.77
2026-03-25,AAA,US_Corporate,BAMLC0A1CAAA,0.38
2026-03-25,AA,US_Corporate,BAMLC0A2CAA,0.54
2026-03-25,A,US_Corporate,BAMLC0A3CA,0.72
2026-03-25,BBB,US_Corporate,BAMLC0A4CBBB,1.09
2026-03-25,BB,US_High_Yield,BAMLH0A1HYBB,1.95
2026-03-25,B,US_High_Yield,BAMLH0A2HYB,3.46
2026-03-25,CCC_and_lower,US_High_Yield,BAMLH0A3HYC,9.74
2026-03-26,AAA,US_Corporate,BAMLC0A1CAAA,0.40
2026-03-26,AA,US_Corporate,BAMLC0A2CAA,0.55
2026-03-26,A,US_Corporate,BAMLC0A3CA,0.73
2026-03-26,BBB,US_Corporate,BAMLC0A4CBBB,1.11
2026-03-26,BB,US_High_Yield,BAMLH0A1HYBB,1.99
2026-03-26,B,US_High_Yield,BAMLH0A2HYB,3.51
2026-03-26,CCC_and_lower,US_High_Yield,BAMLH0A3HYC,9.84
2026-03-27,AAA,US_Corporate,BAMLC0A1CAAA,0.42
2026-03-27,AA,US_Corporate,BAMLC0A2CAA,0.57
2026-03-27,A,US_Corporate,BAMLC0A3CA,0.76
2026-03-27,BBB,US_Corporate,BAMLC0A4CBBB,1.14
2026-03-27,BB,US_High_Yield,BAMLH0A1HYBB,2.18
2026-03-27,B,US_High_Yield,BAMLH0A2HYB,3.73
2026-03-27,CCC_and_lower,US_High_Yield,BAMLH0A3HYC,10.13
2026-03-30,AAA,US_Corporate,BAMLC0A1CAAA,0.43
2026-03-30,AA,US_Corporate,BAMLC0A2CAA,0.58
2026-03-30,A,US_Corporate,BAMLC0A3CA,0.77
2026-03-30,BBB,US_Corporate,BAMLC0A4CBBB,1.16
2026-03-30,BB,US_High_Yield,BAMLH0A1HYBB,2.22
2026-03-30,B,US_High_Yield,BAMLH0A2HYB,3.77
2026-03-30,CCC_and_lower,US_High_Yield,BAMLH0A3HYC,10.20
2026-03-31,AAA,US_Corporate,BAMLC0A1CAAA,0.40
2026-03-31,AA,US_Corporate,BAMLC0A2CAA,0.56
2026-03-31,A,US_Corporate,BAMLC0A3CA,0.75
2026-03-31,BBB,US_Corporate,BAMLC0A4CBBB,1.13
2026-03-31,BB,US_High_Yield,BAMLH0A1HYBB,2.08
2026-03-31,B,US_High_Yield,BAMLH0A2HYB,3.61
2026-03-31,CCC_and_lower,US_High_Yield,BAMLH0A3HYC,9.94
2026-04-01,AAA,US_Corporate,BAMLC0A1CAAA,0.38
2026-04-01,AA,US_Corporate,BAMLC0A2CAA,0.54
2026-04-01,A,US_Corporate,BAMLC0A3CA,0.73
2026-04-01,BBB,US_Corporate,BAMLC0A4CBBB,1.10
2026-04-01,BB,US_High_Yield,BAMLH0A1HYBB,1.97
2026-04-01,B,US_High_Yield,BAMLH0A2HYB,3.46
2026-04-01,CCC_and_lower,US_High_Yield,BAMLH0A3HYC,9.81
2026-04-02,AAA,US_Corporate,BAMLC0A1CAAA,0.37
2026-04-02,AA,US_Corporate,BAMLC0A2CAA,0.53
2026-04-02,A,US_Corporate,BAMLC0A3CA,0.71
2026-04-02,BBB,US_Corporate,BAMLC0A4CBBB,1.09
2026-04-02,BB,US_High_Yield,BAMLH0A1HYBB,1.98
2026-04-02,B,US_High_Yield,BAMLH0A2HYB,3.47
2026-04-02,CCC_and_lower,US_High_Yield,BAMLH0A3HYC,9.88
2026-04-03,AAA,US_Corporate,BAMLC0A1CAAA,0.37
2026-04-03,AA,US_Corporate,BAMLC0A2CAA,0.53
2026-04-03,A,US_Corporate,BAMLC0A3CA,0.72
2026-04-03,BBB,US_Corporate,BAMLC0A4CBBB,1.09
2026-04-03,BB,US_High_Yield,BAMLH0A1HYBB,1.94
2026-04-03,B,US_High_Yield,BAMLH0A2HYB,3.42
2026-04-03,CCC_and_lower,US_High_Yield,BAMLH0A3HYC,9.89
2026-04-06,AAA,US_Corporate,BAMLC0A1CAAA,0.35
2026-04-06,AA,US_Corporate,BAMLC0A2CAA,0.52
2026-04-06,A,US_Corporate,BAMLC0A3CA,0.70
2026-04-06,BBB,US_Corporate,BAMLC0A4CBBB,1.07
2026-04-06,BB,US_High_Yield,BAMLH0A1HYBB,1.86
2026-04-06,B,US_High_Yield,BAMLH0A2HYB,3.34
2026-04-06,CCC_and_lower,US_High_Yield,BAMLH0A3HYC,9.76
2026-04-07,AAA,US_Corporate,BAMLC0A1CAAA,0.37
2026-04-07,AA,US_Corporate,BAMLC0A2CAA,0.53
2026-04-07,A,US_Corporate,BAMLC0A3CA,0.71
2026-04-07,BBB,US_Corporate,BAMLC0A4CBBB,1.08
2026-04-07,BB,US_High_Yield,BAMLH0A1HYBB,1.92
2026-04-07,B,US_High_Yield,BAMLH0A2HYB,3.41
2026-04-07,CCC_and_lower,US_High_Yield,BAMLH0A3HYC,9.83
2026-04-08,AAA,US_Corporate,BAMLC0A1CAAA,0.35
2026-04-08,AA,US_Corporate,BAMLC0A2CAA,0.51
2026-04-08,A,US_Corporate,BAMLC0A3CA,0.69
2026-04-08,BBB,US_Corporate,BAMLC0A4CBBB,1.05
2026-04-08,BB,US_High_Yield,BAMLH0A1HYBB,1.78
2026-04-08,B,US_High_Yield,BAMLH0A2HYB,3.20
2026-04-08,CCC_and_lower,US_High_Yield,BAMLH0A3HYC,9.53
2026-04-09,AAA,US_Corporate,BAMLC0A1CAAA,0.35
2026-04-09,AA,US_Corporate,BAMLC0A2CAA,0.51
2026-04-09,A,US_Corporate,BAMLC0A3CA,0.68
2026-04-09,BBB,US_Corporate,BAMLC0A4CBBB,1.05
2026-04-09,BB,US_High_Yield,BAMLH0A1HYBB,1.75
2026-04-09,B,US_High_Yield,BAMLH0A2HYB,3.16
2026-04-09,CCC_and_lower,US_High_Yield,BAMLH0A3HYC,9.46
2026-04-10,AAA,US_Corporate,BAMLC0A1CAAA,0.35
2026-04-10,AA,US_Corporate,BAMLC0A2CAA,0.50
2026-04-10,A,US_Corporate,BAMLC0A3CA,0.68
2026-04-10,BBB,US_Corporate,BAMLC0A4CBBB,1.04
2026-04-10,BB,US_High_Yield,BAMLH0A1HYBB,1.77
2026-04-10,B,US_High_Yield,BAMLH0A2HYB,3.20
2026-04-10,CCC_and_lower,US_High_Yield,BAMLH0A3HYC,9.54
2026-04-13,AAA,US_Corporate,BAMLC0A1CAAA,0.34
2026-04-13,AA,US_Corporate,BAMLC0A2CAA,0.50
2026-04-13,A,US_Corporate,BAMLC0A3CA,0.68
2026-04-13,BBB,US_Corporate,BAMLC0A4CBBB,1.04
2026-04-13,BB,US_High_Yield,BAMLH0A1HYBB,1.79
2026-04-13,B,US_High_Yield,BAMLH0A2HYB,3.19
2026-04-13,CCC_and_lower,US_High_Yield,BAMLH0A3HYC,9.58
2026-04-14,AAA,US_Corporate,BAMLC0A1CAAA,0.33
2026-04-14,AA,US_Corporate,BAMLC0A2CAA,0.49
2026-04-14,A,US_Corporate,BAMLC0A3CA,0.67
2026-04-14,BBB,US_Corporate,BAMLC0A4CBBB,1.02
2026-04-14,BB,US_High_Yield,BAMLH0A1HYBB,1.72
2026-04-14,B,US_High_Yield,BAMLH0A2HYB,3.06
2026-04-14,CCC_and_lower,US_High_Yield,BAMLH0A3HYC,9.31
2026-04-15,AAA,US_Corporate,BAMLC0A1CAAA,0.33
2026-04-15,AA,US_Corporate,BAMLC0A2CAA,0.49
2026-04-15,A,US_Corporate,BAMLC0A3CA,0.66
2026-04-15,BBB,US_Corporate,BAMLC0A4CBBB,1.01
2026-04-15,BB,US_High_Yield,BAMLH0A1HYBB,1.73
2026-04-15,B,US_High_Yield,BAMLH0A2HYB,3.07
2026-04-15,CCC_and_lower,US_High_Yield,BAMLH0A3HYC,9.24
2026-04-16,AAA,US_Corporate,BAMLC0A1CAAA,0.33
2026-04-16,AA,US_Corporate,BAMLC0A2CAA,0.49
2026-04-16,A,US_Corporate,BAMLC0A3CA,0.67
2026-04-16,BBB,US_Corporate,BAMLC0A4CBBB,1.01
2026-04-16,BB,US_High_Yield,BAMLH0A1HYBB,1.75
2026-04-16,B,US_High_Yield,BAMLH0A2HYB,3.08
2026-04-16,CCC_and_lower,US_High_Yield,BAMLH0A3HYC,9.21
2026-04-17,AAA,US_Corporate,BAMLC0A1CAAA,0.33
2026-04-17,AA,US_Corporate,BAMLC0A2CAA,0.49
2026-04-17,A,US_Corporate,BAMLC0A3CA,0.67
2026-04-17,BBB,US_Corporate,BAMLC0A4CBBB,1.01
2026-04-17,BB,US_High_Yield,BAMLH0A1HYBB,1.74
2026-04-17,B,US_High_Yield,BAMLH0A2HYB,3.03
2026-04-17,CCC_and_lower,US_High_Yield,BAMLH0A3HYC,9.12
2026-04-20,AAA,US_Corporate,BAMLC0A1CAAA,0.34
2026-04-20,AA,US_Corporate,BAMLC0A2CAA,0.50
2026-04-20,A,US_Corporate,BAMLC0A3CA,0.67
2026-04-20,BBB,US_Corporate,BAMLC0A4CBBB,1.01
2026-04-20,BB,US_High_Yield,BAMLH0A1HYBB,1.77
2026-04-20,B,US_High_Yield,BAMLH0A2HYB,3.07
2026-04-20,CCC_and_lower,US_High_Yield,BAMLH0A3HYC,9.15
2026-04-21,AAA,US_Corporate,BAMLC0A1CAAA,0.34
2026-04-21,AA,US_Corporate,BAMLC0A2CAA,0.50
2026-04-21,A,US_Corporate,BAMLC0A3CA,0.67
2026-04-21,BBB,US_Corporate,BAMLC0A4CBBB,1.00
2026-04-21,BB,US_High_Yield,BAMLH0A1HYBB,1.74
2026-04-21,B,US_High_Yield,BAMLH0A2HYB,3.07
2026-04-21,CCC_and_lower,US_High_Yield,BAMLH0A3HYC,9.13
2026-04-22,AAA,US_Corporate,BAMLC0A1CAAA,0.33
2026-04-22,AA,US_Corporate,BAMLC0A2CAA,0.49
2026-04-22,A,US_Corporate,BAMLC0A3CA,0.66
2026-04-22,BBB,US_Corporate,BAMLC0A4CBBB,0.99
2026-04-22,BB,US_High_Yield,BAMLH0A1HYBB,1.73
2026-04-22,B,US_High_Yield,BAMLH0A2HYB,3.05
2026-04-22,CCC_and_lower,US_High_Yield,BAMLH0A3HYC,9.13
2026-04-23,AAA,US_Corporate,BAMLC0A1CAAA,0.35
2026-04-23,AA,US_Corporate,BAMLC0A2CAA,0.49
2026-04-23,A,US_Corporate,BAMLC0A3CA,0.66
2026-04-23,BBB,US_Corporate,BAMLC0A4CBBB,1.00
2026-04-23,BB,US_High_Yield,BAMLH0A1HYBB,1.74
2026-04-23,B,US_High_Yield,BAMLH0A2HYB,3.09
2026-04-23,CCC_and_lower,US_High_Yield,BAMLH0A3HYC,9.15
2026-04-24,AAA,US_Corporate,BAMLC0A1CAAA,0.36
2026-04-24,AA,US_Corporate,BAMLC0A2CAA,0.50
2026-04-24,A,US_Corporate,BAMLC0A3CA,0.67
2026-04-24,BBB,US_Corporate,BAMLC0A4CBBB,1.00
2026-04-24,BB,US_High_Yield,BAMLH0A1HYBB,1.75
2026-04-24,B,US_High_Yield,BAMLH0A2HYB,3.09
2026-04-24,CCC_and_lower,US_High_Yield,BAMLH0A3HYC,9.18
2026-04-27,AAA,US_Corporate,BAMLC0A1CAAA,0.36
2026-04-27,AA,US_Corporate,BAMLC0A2CAA,0.51
2026-04-27,A,US_Corporate,BAMLC0A3CA,0.67
2026-04-27,BBB,US_Corporate,BAMLC0A4CBBB,1.01
2026-04-27,BB,US_High_Yield,BAMLH0A1HYBB,1.74
2026-04-27,B,US_High_Yield,BAMLH0A2HYB,3.05
2026-04-27,CCC_and_lower,US_High_Yield,BAMLH0A3HYC,9.08
2026-04-28,AAA,US_Corporate,BAMLC0A1CAAA,0.37
2026-04-28,AA,US_Corporate,BAMLC0A2CAA,0.51
2026-04-28,A,US_Corporate,BAMLC0A3CA,0.68
2026-04-28,BBB,US_Corporate,BAMLC0A4CBBB,1.02
2026-04-28,BB,US_High_Yield,BAMLH0A1HYBB,1.75
2026-04-28,B,US_High_Yield,BAMLH0A2HYB,3.06
2026-04-28,CCC_and_lower,US_High_Yield,BAMLH0A3HYC,9.11
2026-04-29,AAA,US_Corporate,BAMLC0A1CAAA,0.36
2026-04-29,AA,US_Corporate,BAMLC0A2CAA,0.51
2026-04-29,A,US_Corporate,BAMLC0A3CA,0.67
2026-04-29,BBB,US_Corporate,BAMLC0A4CBBB,1.01
2026-04-29,BB,US_High_Yield,BAMLH0A1HYBB,1.72
2026-04-29,B,US_High_Yield,BAMLH0A2HYB,3.05
2026-04-29,CCC_and_lower,US_High_Yield,BAMLH0A3HYC,9.09
2026-04-30,AAA,US_Corporate,BAMLC0A1CAAA,0.37
2026-04-30,AA,US_Corporate,BAMLC0A2CAA,0.52
2026-04-30,A,US_Corporate,BAMLC0A3CA,0.68
2026-04-30,BBB,US_Corporate,BAMLC0A4CBBB,1.02
2026-04-30,BB,US_High_Yield,BAMLH0A1HYBB,1.74
2026-04-30,B,US_High_Yield,BAMLH0A2HYB,3.11
2026-04-30,CCC_and_lower,US_High_Yield,BAMLH0A3HYC,9.09
2026-05-01,AAA,US_Corporate,BAMLC0A1CAAA,0.37
2026-05-01,AA,US_Corporate,BAMLC0A2CAA,0.52
2026-05-01,A,US_Corporate,BAMLC0A3CA,0.67
2026-05-01,BBB,US_Corporate,BAMLC0A4CBBB,1.01
2026-05-01,BB,US_High_Yield,BAMLH0A1HYBB,1.69
2026-05-01,B,US_High_Yield,BAMLH0A2HYB,3.05
2026-05-01,CCC_and_lower,US_High_Yield,BAMLH0A3HYC,9.04
2026-05-04,AAA,US_Corporate,BAMLC0A1CAAA,0.37
2026-05-04,AA,US_Corporate,BAMLC0A2CAA,0.51
2026-05-04,A,US_Corporate,BAMLC0A3CA,0.67
2026-05-04,BBB,US_Corporate,BAMLC0A4CBBB,1.01
2026-05-04,BB,US_High_Yield,BAMLH0A1HYBB,1.70
2026-05-04,B,US_High_Yield,BAMLH0A2HYB,3.05
2026-05-04,CCC_and_lower,US_High_Yield,BAMLH0A3HYC,9.10
2026-05-05,AAA,US_Corporate,BAMLC0A1CAAA,0.36
2026-05-05,AA,US_Corporate,BAMLC0A2CAA,0.50
2026-05-05,A,US_Corporate,BAMLC0A3CA,0.65
2026-05-05,BBB,US_Corporate,BAMLC0A4CBBB,0.99
2026-05-05,BB,US_High_Yield,BAMLH0A1HYBB,1.69
2026-05-05,B,US_High_Yield,BAMLH0A2HYB,3.04
2026-05-05,CCC_and_lower,US_High_Yield,BAMLH0A3HYC,9.11
2026-05-06,AAA,US_Corporate,BAMLC0A1CAAA,0.37
2026-05-06,AA,US_Corporate,BAMLC0A2CAA,0.50
2026-05-06,A,US_Corporate,BAMLC0A3CA,0.65
2026-05-06,BBB,US_Corporate,BAMLC0A4CBBB,0.99
2026-05-06,BB,US_High_Yield,BAMLH0A1HYBB,1.68
2026-05-06,B,US_High_Yield,BAMLH0A2HYB,3.01
2026-05-06,CCC_and_lower,US_High_Yield,BAMLH0A3HYC,9.07
2026-05-07,AAA,US_Corporate,BAMLC0A1CAAA,0.38
2026-05-07,AA,US_Corporate,BAMLC0A2CAA,0.51
2026-05-07,A,US_Corporate,BAMLC0A3CA,0.66
2026-05-07,BBB,US_Corporate,BAMLC0A4CBBB,0.99
2026-05-07,BB,US_High_Yield,BAMLH0A1HYBB,1.71
2026-05-07,B,US_High_Yield,BAMLH0A2HYB,3.05
2026-05-07,CCC_and_lower,US_High_Yield,BAMLH0A3HYC,9.15
2026-05-08,AAA,US_Corporate,BAMLC0A1CAAA,0.38
2026-05-08,AA,US_Corporate,BAMLC0A2CAA,0.51
2026-05-08,A,US_Corporate,BAMLC0A3CA,0.66
2026-05-08,BBB,US_Corporate,BAMLC0A4CBBB,0.99
2026-05-08,BB,US_High_Yield,BAMLH0A1HYBB,1.73
2026-05-08,B,US_High_Yield,BAMLH0A2HYB,3.07
2026-05-08,CCC_and_lower,US_High_Yield,BAMLH0A3HYC,9.20
2026-05-11,AAA,US_Corporate,BAMLC0A1CAAA,0.37
2026-05-11,AA,US_Corporate,BAMLC0A2CAA,0.51
2026-05-11,A,US_Corporate,BAMLC0A3CA,0.65
2026-05-11,BBB,US_Corporate,BAMLC0A4CBBB,0.98
2026-05-11,BB,US_High_Yield,BAMLH0A1HYBB,1.69
2026-05-11,B,US_High_Yield,BAMLH0A2HYB,3.04
2026-05-11,CCC_and_lower,US_High_Yield,BAMLH0A3HYC,9.31
2026-05-12,AAA,US_Corporate,BAMLC0A1CAAA,0.36
2026-05-12,AA,US_Corporate,BAMLC0A2CAA,0.50
2026-05-12,A,US_Corporate,BAMLC0A3CA,0.64
2026-05-12,BBB,US_Corporate,BAMLC0A4CBBB,0.97
2026-05-12,BB,US_High_Yield,BAMLH0A1HYBB,1.72
2026-05-12,B,US_High_Yield,BAMLH0A2HYB,3.09
2026-05-12,CCC_and_lower,US_High_Yield,BAMLH0A3HYC,9.37
2026-05-13,AAA,US_Corporate,BAMLC0A1CAAA,0.35
2026-05-13,AA,US_Corporate,BAMLC0A2CAA,0.49
2026-05-13,A,US_Corporate,BAMLC0A3CA,0.63
2026-05-13,BBB,US_Corporate,BAMLC0A4CBBB,0.96
2026-05-13,BB,US_High_Yield,BAMLH0A1HYBB,1.71
2026-05-13,B,US_High_Yield,BAMLH0A2HYB,3.10
2026-05-13,CCC_and_lower,US_High_Yield,BAMLH0A3HYC,9.31
2026-05-14,AAA,US_Corporate,BAMLC0A1CAAA,0.35
2026-05-14,AA,US_Corporate,BAMLC0A2CAA,0.48
2026-05-14,A,US_Corporate,BAMLC0A3CA,0.63
2026-05-14,BBB,US_Corporate,BAMLC0A4CBBB,0.95
2026-05-14,BB,US_High_Yield,BAMLH0A1HYBB,1.66
2026-05-14,B,US_High_Yield,BAMLH0A2HYB,3.04
2026-05-14,CCC_and_lower,US_High_Yield,BAMLH0A3HYC,9.22
2026-05-15,AAA,US_Corporate,BAMLC0A1CAAA,0.33
2026-05-15,AA,US_Corporate,BAMLC0A2CAA,0.47
2026-05-15,A,US_Corporate,BAMLC0A3CA,0.62
2026-05-15,BBB,US_Corporate,BAMLC0A4CBBB,0.94
2026-05-15,BB,US_High_Yield,BAMLH0A1HYBB,1.68
2026-05-15,B,US_High_Yield,BAMLH0A2HYB,3.08
2026-05-15,CCC_and_lower,US_High_Yield,BAMLH0A3HYC,9.35
2026-05-18,AAA,US_Corporate,BAMLC0A1CAAA,0.33
2026-05-18,AA,US_Corporate,BAMLC0A2CAA,0.47
2026-05-18,A,US_Corporate,BAMLC0A3CA,0.62
2026-05-18,BBB,US_Corporate,BAMLC0A4CBBB,0.94
2026-05-18,BB,US_High_Yield,BAMLH0A1HYBB,1.70
2026-05-18,B,US_High_Yield,BAMLH0A2HYB,3.11
2026-05-18,CCC_and_lower,US_High_Yield,BAMLH0A3HYC,9.42
2026-05-19,AAA,US_Corporate,BAMLC0A1CAAA,0.34
2026-05-19,AA,US_Corporate,BAMLC0A2CAA,0.48
2026-05-19,A,US_Corporate,BAMLC0A3CA,0.63
2026-05-19,BBB,US_Corporate,BAMLC0A4CBBB,0.95
2026-05-19,BB,US_High_Yield,BAMLH0A1HYBB,1.72
2026-05-19,B,US_High_Yield,BAMLH0A2HYB,3.16
2026-05-19,CCC_and_lower,US_High_Yield,BAMLH0A3HYC,9.48
2026-05-20,AAA,US_Corporate,BAMLC0A1CAAA,0.33
2026-05-20,AA,US_Corporate,BAMLC0A2CAA,0.48
2026-05-20,A,US_Corporate,BAMLC0A3CA,0.63
2026-05-20,BBB,US_Corporate,BAMLC0A4CBBB,0.95
2026-05-20,BB,US_High_Yield,BAMLH0A1HYBB,1.68
2026-05-20,B,US_High_Yield,BAMLH0A2HYB,3.08
2026-05-20,CCC_and_lower,US_High_Yield,BAMLH0A3HYC,9.40
2026-05-21,AAA,US_Corporate,BAMLC0A1CAAA,0.33
2026-05-21,AA,US_Corporate,BAMLC0A2CAA,0.47
2026-05-21,A,US_Corporate,BAMLC0A3CA,0.62
2026-05-21,BBB,US_Corporate,BAMLC0A4CBBB,0.94
2026-05-21,BB,US_High_Yield,BAMLH0A1HYBB,1.66
2026-05-21,B,US_High_Yield,BAMLH0A2HYB,3.05
2026-05-21,CCC_and_lower,US_High_Yield,BAMLH0A3HYC,9.39
