{
"type": "FeatureCollection",
"name": "Transmission_Lines",
"crs": { "type": "name", "properties": { "name": "urn:ogc:def:crs:OGC:1.3:CRS84" } },
"features": [
{"type":"Feature","properties":{"OBJECTID":1712.0,"FENAME":null,"MILES":0.00621534,"Source":"100k and 24k DRG","Edit_date":"2020/01/28 16:27:45.000","GlobalID":"242b0c87-b111-43ae-ae33-349c119daaec","CartoDispl":100,"Shape__Len":32.816983519540706},"geometry":{"type":"LineString","coordinates":[[-122.818097516631767,45.373031689167476],[-122.81809740290781,45.372941684053544]]}},
{"type":"Feature","properties":{"OBJECTID":1339.0,"FENAME":null,"MILES":0.00624033,"Source":"100k and 24k DRG","Edit_date":"2006/01/12 16:00:00.000","GlobalID":"ce999fe2-c0cb-457c-b456-67c07e180aa2","CartoDispl":1,"Shape__Len":32.949005025341691},"geometry":{"type":"LineString","coordinates":[[-122.801813851510531,45.609809606325804],[-122.801703812550869,45.609856505218609]]}},
{"type":"Feature","properties":{"OBJECTID":1447.0,"FENAME":null,"MILES":0.0068356,"Source":"Orthoimagery and lidar","Edit_date":"2010/12/30 16:00:00.000","GlobalID":"28ed7e19-5ea1-4276-94b9-41e6230d97e8","CartoDispl":1,"Shape__Len":36.091932496198879},"geometry":{"type":"LineString","coordinates":[[-122.801890387603393,45.609892735202948],[-122.801813851510531,45.609809606325804]]}},
{"type":"Feature","properties":{"OBJECTID":1743.0,"FENAME":null,"MILES":0.00717776,"Source":"Orthoimagery and lidar","Edit_date":"2020/01/28 16:27:45.000","GlobalID":"1d4cc907-8e25-4f53-8bfe-935cf1ec3e68","CartoDispl":100,"Shape__Len":37.898667345929077},"geometry":{"type":"LineString","coordinates":[[-122.417208438375141,45.558362417270878],[-122.417337717847417,45.558311880965221]]}},
{"type":"Feature","properties":{"OBJECTID":276.0,"FENAME":null,"MILES":0.00818891,"Source":"Orthoimagery and lidar","Edit_date":"2020/01/28 08:37:05.000","GlobalID":"ca349df6-344e-49f6-9cf0-a333e77912e9","CartoDispl":12,"Shape__Len":43.237511111772626},"geometry":{"type":"LineString","coordinates":[[-122.779789292110465,45.327926587178204],[-122.779621240632466,45.327929879927808]]}},
{"type":"Feature","properties":{"OBJECTID":1689.0,"FENAME":null,"MILES":0.0086562,"Source":"100k and 24k DRG","Edit_date":"2020/01/28 11:24:21.000","GlobalID":"e97ca8fa-3fac-4529-90e3-1958bc81e170","CartoDispl":12,"Shape__Len":45.704711856677534},"geometry":{"type":"LineString","coordinates":[[-122.779325203759811,45.333849125075972],[-122.779147489090434,45.333850628486751]]}},
{"type":"Feature","properties":{"OBJECTID":1672.0,"FENAME":null,"MILES":0.01016012,"Source":"100k and 24k DRG","Edit_date":"2006/01/12 16:00:00.000","GlobalID":"7efbb314-9bb0-48e2-a9ab-c45b5adc2eb8","CartoDispl":1,"Shape__Len":53.645459663156089},"geometry":{"type":"LineString","coordinates":[[-122.82571740379845,45.430597799936493],[-122.825826893942633,45.430723110609016]]}},
{"type":"Feature","properties":{"OBJECTID":1668.0,"FENAME":null,"MILES":0.01090293,"Source":"100k and 24k DRG","Edit_date":"2006/01/12 16:00:00.000","GlobalID":"a860adca-8e71-411d-bcc0-180e268d12a9","CartoDispl":1,"Shape__Len":57.567507526301668},"geometry":{"type":"LineString","coordinates":[[-122.82619368624249,45.565543387897691],[-122.825968930312754,45.565543030484385]]}},
{"type":"Feature","properties":{"OBJECTID":1716.0,"FENAME":null,"MILES":0.01175621,"Source":"100k and 24k DRG","Edit_date":"2020/01/28 16:27:45.000","GlobalID":"85a38007-3938-4573-aef0-4669fdc91665","CartoDispl":100,"Shape__Len":62.073014359930731},"geometry":{"type":"LineString","coordinates":[[-122.818097425781289,45.372559120016589],[-122.817855986364592,45.372554238758141]]}},
{"type":"Feature","properties":{"OBJECTID":1707.0,"FENAME":null,"MILES":0.01251018,"Source":"100k and 24k DRG","Edit_date":"2020/01/28 08:40:40.000","GlobalID":"cd8f64f0-a5f3-4e26-80d5-4707d536d5c7","CartoDispl":12,"Shape__Len":66.053880597467938},"geometry":{"type":"LineString","coordinates":[[-122.817840486076136,45.373031287860222],[-122.818097516631767,45.373031689167476]]}},
{"type":"Feature","properties":{"OBJECTID":1670.0,"FENAME":null,"MILES":0.01367539,"Source":"100k and 24k DRG","Edit_date":"2006/01/12 16:00:00.000","GlobalID":"6b93f215-e61b-4e00-b91a-b5e33f81d127","CartoDispl":1,"Shape__Len":72.206033005619815},"geometry":{"type":"LineString","coordinates":[[-122.82619368624249,45.565543387897691],[-122.826193918672658,45.565345373780104]]}},
{"type":"Feature","properties":{"OBJECTID":1345.0,"FENAME":null,"MILES":0.01484273,"Source":"Orthoimagery and lidar","Edit_date":"2020/01/28 16:27:44.000","GlobalID":"77a9d9b4-8a64-4da8-a69a-369ffe801919","CartoDispl":100,"Shape__Len":78.369758108017223},"geometry":{"type":"LineString","coordinates":[[-122.27364070809999,45.429377730075416],[-122.273945944285131,45.429375500554201]]}},
{"type":"Feature","properties":{"OBJECTID":1407.0,"FENAME":null,"MILES":0.01701218,"Source":"Orthoimagery and lidar","Edit_date":"2020/01/28 16:27:45.000","GlobalID":"7bad0e40-41c9-46ff-a541-d6240f972f26","CartoDispl":100,"Shape__Len":89.824544157527114},"geometry":{"type":"LineString","coordinates":[[-122.378804643285918,45.370683784958302],[-122.379064633549859,45.370848434231611]]}},
{"type":"Feature","properties":{"OBJECTID":3876.0,"FENAME":null,"MILES":null,"Source":"Orthoimagery and lidar","Edit_date":"2020/01/28 15:57:56.000","GlobalID":"b741d646-386d-4efd-b156-951246ff3f01","CartoDispl":12,"Shape__Len":109.19132039128043},"geometry":{"type":"LineString","coordinates":[[-122.55916616932619,45.338378669377754],[-122.559173005954605,45.338678108851397]]}},
{"type":"Feature","properties":{"OBJECTID":1675.0,"FENAME":null,"MILES":0.02105745,"Source":"100k and 24k DRG","Edit_date":"2006/01/12 16:00:00.000","GlobalID":"5bf923f8-4f8e-48aa-99ac-1b69933a61e1","CartoDispl":1,"Shape__Len":111.18374595471082},"geometry":{"type":"LineString","coordinates":[[-122.82550689184032,45.430331950021539],[-122.825631784803591,45.430507660397389],[-122.82571740379845,45.430597799936493]]}},
{"type":"Feature","properties":{"OBJECTID":1453.0,"FENAME":null,"MILES":0.02294694,"Source":"Orthoimagery and lidar","Edit_date":"2020/01/28 16:27:45.000","GlobalID":"d028a744-4b9b-4abd-9568-cf0cd48f34f2","CartoDispl":100,"Shape__Len":121.16009668075554},"geometry":{"type":"LineString","coordinates":[[-122.4172238067991,45.558362390165513],[-122.417641792753798,45.558206891972134]]}},
{"type":"Feature","properties":{"OBJECTID":277.0,"FENAME":null,"MILES":0.02354681,"Source":"Orthoimagery and lidar","Edit_date":"2020/01/28 16:27:44.000","GlobalID":"78397d2c-e3a4-4ac8-9904-3b8e2dd7d730","CartoDispl":100,"Shape__Len":124.32750359140471},"geometry":{"type":"LineString","coordinates":[[-122.779383692104119,45.333083014621899],[-122.779374108215919,45.333423940076173]]}},
{"type":"Feature","properties":{"OBJECTID":1347.0,"FENAME":null,"MILES":0.02465187,"Source":"Orthoimagery and lidar","Edit_date":"2010/12/30 16:00:00.000","GlobalID":"5a984ee4-5e06-457e-833b-09c9b3ca70a0","CartoDispl":1,"Shape__Len":130.16223568924667},"geometry":{"type":"LineString","coordinates":[[-122.850668439135234,45.37439333726855],[-122.850203005587758,45.374534154512872]]}},
{"type":"Feature","properties":{"OBJECTID":3884.0,"FENAME":null,"MILES":null,"Source":"Orthoimagery and lidar","Edit_date":"2020/01/28 15:59:23.000","GlobalID":"46cf7857-a629-43b2-bc8c-09e993d8b7f3","CartoDispl":12,"Shape__Len":131.6794875213327},"geometry":{"type":"LineString","coordinates":[[-122.560530839876932,45.339492697600328],[-122.560526519631324,45.339238543253678],[-122.560672797897553,45.339266879861981]]}},
{"type":"Feature","properties":{"OBJECTID":3889.0,"FENAME":null,"MILES":null,"Source":"Orthoimagery and lidar","Edit_date":"2020/01/28 15:59:55.000","GlobalID":"3e5d14e9-68f1-4da1-a68d-9d019a3d27e0","CartoDispl":12,"Shape__Len":133.16944682316225},"geometry":{"type":"LineString","coordinates":[[-122.526305435411658,45.40270157442226],[-122.526312080004288,45.4030667752928]]}},
{"type":"Feature","properties":{"OBJECTID":1713.0,"FENAME":null,"MILES":0.02641804,"Source":"100k and 24k DRG","Edit_date":"2020/01/28 16:27:45.000","GlobalID":"3bec50b5-2180-422f-941d-0c16828f7341","CartoDispl":100,"Shape__Len":139.48753182003347},"geometry":{"type":"LineString","coordinates":[[-122.81809740290781,45.372941684053544],[-122.818097425781289,45.372559120016589]]}},
{"type":"Feature","properties":{"OBJECTID":1406.0,"FENAME":null,"MILES":0.02798655,"Source":"Orthoimagery and lidar","Edit_date":"2020/01/28 16:27:45.000","GlobalID":"e9d68e20-b6b4-4394-869a-1a44e4df1f4d","CartoDispl":100,"Shape__Len":147.76925975403535},"geometry":{"type":"LineString","coordinates":[[-122.378376940667096,45.370412920396937],[-122.378804643285918,45.370683784958302]]}},
{"type":"Feature","properties":{"OBJECTID":3873.0,"FENAME":null,"MILES":null,"Source":"Orthoimagery and lidar","Edit_date":"2020/01/28 16:27:46.000","GlobalID":"e6a8a3c0-1c44-41b6-8b75-bfda6283e9ce","CartoDispl":100,"Shape__Len":156.34108801049862},"geometry":{"type":"LineString","coordinates":[[-122.559774361951639,45.339100195913957],[-122.559953849056654,45.339506766340236],[-122.559958066648676,45.339506691823487]]}},
{"type":"Feature","properties":{"OBJECTID":2325.0,"FENAME":null,"MILES":0.02982167,"Source":"Orthoimagery and lidar","Edit_date":"2012/04/03 08:18:03.000","GlobalID":"f4c264d7-c0ec-4c72-aae8-56e61820c5d5","CartoDispl":1,"Shape__Len":157.45884696676367},"geometry":{"type":"LineString","coordinates":[[-122.850879693241268,45.144692675123132],[-122.85139414199206,45.144925040815473]]}},
{"type":"Feature","properties":{"OBJECTID":1405.0,"FENAME":null,"MILES":0.03126337,"Source":"Orthoimagery and lidar","Edit_date":"2020/01/28 16:27:45.000","GlobalID":"46eb6aca-c6b4-439e-8f1b-c64697899f78","CartoDispl":100,"Shape__Len":165.07098271982522},"geometry":{"type":"LineString","coordinates":[[-122.377899159522912,45.37011034357127],[-122.378376940667096,45.370412920396937]]}},
{"type":"Feature","properties":{"OBJECTID":3895.0,"FENAME":null,"MILES":null,"Source":"Orthoimagery and lidar","Edit_date":"2020/01/28 15:59:55.000","GlobalID":"2979f232-f47d-473f-87b6-0944ea229811","CartoDispl":12,"Shape__Len":166.12099118895782},"geometry":{"type":"LineString","coordinates":[[-122.527520386371393,45.402678037116118],[-122.528166823610093,45.40266392615856]]}},
{"type":"Feature","properties":{"OBJECTID":3894.0,"FENAME":null,"MILES":null,"Source":"Orthoimagery and lidar","Edit_date":"2020/01/28 15:59:55.000","GlobalID":"cf4ed476-46c0-49df-9aa7-b4c31cba71db","CartoDispl":12,"Shape__Len":169.32187642395368},"geometry":{"type":"LineString","coordinates":[[-122.52751064859045,45.402458160276865],[-122.528169855452035,45.402458117653737]]}},
{"type":"Feature","properties":{"OBJECTID":3896.0,"FENAME":null,"MILES":null,"Source":"Orthoimagery and lidar","Edit_date":"2020/01/28 15:59:55.000","GlobalID":"d6bee8b9-8d9b-44f9-b41f-26d39362caec","CartoDispl":12,"Shape__Len":170.06104505515486},"geometry":{"type":"LineString","coordinates":[[-122.528165654475004,45.402775283431978],[-122.527503570311865,45.402776922430903]]}},
{"type":"Feature","properties":{"OBJECTID":3897.0,"FENAME":null,"MILES":null,"Source":"Orthoimagery and lidar","Edit_date":"2020/01/28 15:59:55.000","GlobalID":"1b03dd77-ff96-4304-9a00-020e4414ac24","CartoDispl":12,"Shape__Len":170.80140696667803},"geometry":{"type":"LineString","coordinates":[[-122.527498618767282,45.402982766993155],[-122.528163538897587,45.402976859885833]]}},
{"type":"Feature","properties":{"OBJECTID":1404.0,"FENAME":null,"MILES":0.0326776,"Source":"Orthoimagery and lidar","Edit_date":"2020/01/28 16:27:45.000","GlobalID":"f473a988-b2a4-4be2-87bf-8670dab65ccc","CartoDispl":100,"Shape__Len":172.53809767715325},"geometry":{"type":"LineString","coordinates":[[-122.377399783716783,45.369794067255498],[-122.377899159522912,45.37011034357127]]}},
{"type":"Feature","properties":{"OBJECTID":3893.0,"FENAME":null,"MILES":null,"Source":"Orthoimagery and lidar","Edit_date":"2020/01/28 15:59:55.000","GlobalID":"3de0046a-2610-48fe-a5de-753246a9997d","CartoDispl":12,"Shape__Len":173.56024961232146},"geometry":{"type":"LineString","coordinates":[[-122.527495331021044,45.402368408090069],[-122.528170177464901,45.4023443976712]]}},
{"type":"Feature","properties":{"OBJECTID":1714.0,"FENAME":null,"MILES":0.03295137,"Source":"100k and 24k DRG","Edit_date":"2020/01/28 08:40:35.000","GlobalID":"388fe953-761e-48d4-a693-0ddbadb95e9c","CartoDispl":12,"Shape__Len":173.98355538774047},"geometry":{"type":"LineString","coordinates":[[-122.817840486076136,45.373031287860222],[-122.817855986364592,45.372554238758141]]}},
{"type":"Feature","properties":{"OBJECTID":2232.0,"FENAME":null,"MILES":0.03417987,"Source":"Orthoimagery and lidar","Edit_date":"2010/12/30 16:00:00.000","GlobalID":"721c49e6-52bb-4e7d-9b3c-f0eb4c3089d2","CartoDispl":1,"Shape__Len":180.46993695742455},"geometry":{"type":"LineString","coordinates":[[-123.020093466829437,44.904525157095179],[-123.020789837128632,44.904538183473186]]}},
{"type":"Feature","properties":{"OBJECTID":3881.0,"FENAME":null,"MILES":null,"Source":"Orthoimagery and lidar","Edit_date":"2020/01/28 15:57:41.000","GlobalID":"1abd6cb3-6fed-49f4-b3d5-3056001a6893","CartoDispl":12,"Shape__Len":187.74654686776469},"geometry":{"type":"LineString","coordinates":[[-122.558999422782577,45.339516824927692],[-122.559067754963138,45.339516492667435],[-122.559349558375672,45.339510629932661],[-122.559442364263901,45.33950898740639],[-122.559640633307907,45.339505478803389],[-122.55972932761874,45.339506886099045]]}},
{"type":"Feature","properties":{"OBJECTID":3882.0,"FENAME":null,"MILES":null,"Source":"Orthoimagery and lidar","Edit_date":"2020/01/28 15:57:41.000","GlobalID":"749cce01-f4e0-4b2d-befb-ad31e9e2c7b1","CartoDispl":12,"Shape__Len":191.21922447223949},"geometry":{"type":"LineString","coordinates":[[-122.559868218856408,45.339495496708444],[-122.559953849056654,45.339506766340236],[-122.560096441390954,45.339503365815688],[-122.560366212740689,45.339492636026669],[-122.560530839876932,45.339492697600328],[-122.560608868438905,45.339483814473169]]}},
{"type":"Feature","properties":{"OBJECTID":1647.0,"FENAME":null,"MILES":0.03844843,"Source":"Orthoimagery and lidar","Edit_date":"2019/10/11 08:07:04.000","GlobalID":"70247f16-ee60-4110-89ad-dc58e50b33c8","CartoDispl":1,"Shape__Len":203.00809516944705},"geometry":{"type":"LineString","coordinates":[[-122.763781270421489,45.61504904478894],[-122.763914610790422,45.614500263359851]]}},
{"type":"Feature","properties":{"OBJECTID":1678.0,"FENAME":null,"MILES":0.03862956,"Source":"100k and 24k DRG","Edit_date":"2020/01/28 16:27:45.000","GlobalID":"f49f4d2e-2bad-4585-978b-d2cd7497560b","CartoDispl":100,"Shape__Len":203.96439859256165},"geometry":{"type":"LineString","coordinates":[[-122.751987092576684,45.334355515648447],[-122.75120174510235,45.334433758954411]]}},
{"type":"Feature","properties":{"OBJECTID":3886.0,"FENAME":null,"MILES":null,"Source":"Orthoimagery and lidar","Edit_date":"2020/01/28 15:59:23.000","GlobalID":"a66a5f1d-5546-45e3-860a-2461ec1a0aa9","CartoDispl":12,"Shape__Len":238.3283334810591},"geometry":{"type":"LineString","coordinates":[[-122.560647358806278,45.3401345333317],[-122.560547693342841,45.339928572561043],[-122.560530839876932,45.339492697600328]]}},
{"type":"Feature","properties":{"OBJECTID":3891.0,"FENAME":null,"MILES":null,"Source":"Orthoimagery and lidar","Edit_date":"2020/01/28 15:59:55.000","GlobalID":"939bd51c-185d-42d2-ab85-493ac7b3107b","CartoDispl":12,"Shape__Len":242.99123617133731},"geometry":{"type":"LineString","coordinates":[[-122.525576229018441,45.402266858206211],[-122.525572230732791,45.40293328075208]]}},
{"type":"Feature","properties":{"OBJECTID":4185.0,"FENAME":null,"MILES":null,"Source":null,"Edit_date":"2020/03/10 16:27:14.000","GlobalID":"d9c92912-ec25-446d-9d81-127c90f8c12e","CartoDispl":1,"Shape__Len":260.52192110506127},"geometry":{"type":"LineString","coordinates":[[-122.999263380047125,44.984087576602498],[-122.999493438957543,44.983611391652801],[-122.999615597236101,44.983418754653336]]}},
{"type":"Feature","properties":{"OBJECTID":3878.0,"FENAME":null,"MILES":null,"Source":"Orthoimagery and lidar","Edit_date":"2020/01/28 16:27:46.000","GlobalID":"e5f061af-009c-4e34-a782-0d81717cc389","CartoDispl":100,"Shape__Len":262.59102967668969},"geometry":{"type":"LineString","coordinates":[[-122.558095482230641,45.338408404794357],[-122.558113346059542,45.338792115443816],[-122.558590029172379,45.338783684209346]]}},
{"type":"Feature","properties":{"OBJECTID":3883.0,"FENAME":null,"MILES":null,"Source":"Orthoimagery and lidar","Edit_date":"2020/01/28 15:58:02.000","GlobalID":"45d86ad3-2fa9-43e3-ac6a-3569fd6e3373","CartoDispl":12,"Shape__Len":265.62505640625039},"geometry":{"type":"LineString","coordinates":[[-122.560397303337751,45.34006723211143],[-122.56037137916131,45.3393389339669]]}},
{"type":"Feature","properties":{"OBJECTID":4250.0,"FENAME":null,"MILES":null,"Source":null,"Edit_date":"2020/03/19 10:36:24.000","GlobalID":"96b4b4ab-a5b4-423d-a093-225a579213fe","CartoDispl":1,"Shape__Len":267.84202779942552},"geometry":{"type":"LineString","coordinates":[[-122.327335848669875,45.469384457948443],[-122.327383988102596,45.468650679245343]]}},
{"type":"Feature","properties":{"OBJECTID":2320.0,"FENAME":null,"MILES":0.05086015,"Source":"Orthoimagery and lidar","Edit_date":"2012/04/03 08:18:03.000","GlobalID":"38e631e4-c14d-4f69-8656-9fb1146852a5","CartoDispl":1,"Shape__Len":268.54227043331463},"geometry":{"type":"LineString","coordinates":[[-122.839564244579236,45.144053407495285],[-122.83852360046761,45.144039008706535]]}},
{"type":"Feature","properties":{"OBJECTID":2310.0,"FENAME":null,"MILES":0.05111742,"Source":"Orthoimagery and lidar","Edit_date":"2012/04/03 08:18:03.000","GlobalID":"4dbc39c9-71e0-4091-8cb4-70efa17f7d59","CartoDispl":1,"Shape__Len":269.90040311512348},"geometry":{"type":"LineString","coordinates":[[-122.853231240546691,45.138127800811354],[-122.852993038273013,45.137896117746443],[-122.852419293652815,45.137693566559065]]}},
{"type":"Feature","properties":{"OBJECTID":3890.0,"FENAME":null,"MILES":null,"Source":"Orthoimagery and lidar","Edit_date":"2020/01/28 15:59:55.000","GlobalID":"5a719a02-47a4-4c5e-a2ed-fe3cb7c53c4a","CartoDispl":12,"Shape__Len":275.23624224519835},"geometry":{"type":"LineString","coordinates":[[-122.526738715304219,45.403018824167312],[-122.526725516743255,45.402264017713087]]}},
{"type":"Feature","properties":{"OBJECTID":3867.0,"FENAME":null,"MILES":null,"Source":"Orthoimagery and lidar","Edit_date":"2020/01/28 16:27:46.000","GlobalID":"8f818c73-37d2-4a78-a83f-438f51a1dbd2","CartoDispl":100,"Shape__Len":298.43420042133846},"geometry":{"type":"LineString","coordinates":[[-122.507007534617259,45.329402804334336],[-122.506857088460237,45.329661142355697],[-122.50666466986128,45.330032169677892],[-122.506637285880544,45.330099324860356],[-122.506639859857515,45.330173584058279]]}},
{"type":"Feature","properties":{"OBJECTID":1636.0,"FENAME":null,"MILES":0.0569788,"Source":"Orthoimagery and lidar","Edit_date":"2019/10/11 08:07:24.000","GlobalID":"9673d828-e47e-4074-af55-4e04bf4aacf5","CartoDispl":1,"Shape__Len":300.84870730362542},"geometry":{"type":"LineString","coordinates":[[-122.801703812550869,45.609856505218609],[-122.800733389499371,45.610322083353481]]}},
{"type":"Feature","properties":{"OBJECTID":2308.0,"FENAME":null,"MILES":0.05940243,"Source":"Orthoimagery and lidar","Edit_date":"2012/04/03 08:18:03.000","GlobalID":"e21e2f9d-9972-49ea-9479-fb1f55ddd00e","CartoDispl":1,"Shape__Len":313.64546076042046},"geometry":{"type":"LineString","coordinates":[[-122.849900641542874,45.134879906375453],[-122.850123340838408,45.135139723041789],[-122.850820451467115,45.135396911349616]]}},
{"type":"Feature","properties":{"OBJECTID":3557.0,"FENAME":null,"MILES":0.06334839,"Source":"Orthoimagery and lidar","Edit_date":"2020/01/28 15:55:41.000","GlobalID":"d98d111c-e09b-414e-814c-62cc15962776","CartoDispl":12,"Shape__Len":334.48009042867125},"geometry":{"type":"LineString","coordinates":[[-122.31871257945339,45.269437978814445],[-122.3185979069345,45.26978453060093],[-122.319352128652625,45.269962510119939]]}},
{"type":"Feature","properties":{"OBJECTID":1635.0,"FENAME":null,"MILES":0.06343922,"Source":"Orthoimagery and lidar","Edit_date":"2019/10/11 08:07:27.000","GlobalID":"319d95ec-0548-49a5-9362-1fd0bb7e7051","CartoDispl":1,"Shape__Len":334.95958358018288},"geometry":{"type":"LineString","coordinates":[[-122.801890387603393,45.609892735202948],[-122.800733389499371,45.610322083353481]]}},
{"type":"Feature","properties":{"OBJECTID":2188.0,"FENAME":null,"MILES":0.06452532,"Source":"Orthoimagery and lidar","Edit_date":"2010/12/30 16:00:00.000","GlobalID":"503fdfd9-1f05-4907-89e5-c4aafe4099ab","CartoDispl":1,"Shape__Len":340.69459988505537},"geometry":{"type":"LineString","coordinates":[[-122.977405992288453,44.928673554198284],[-122.976909889197643,44.928654458245852],[-122.976954974454472,44.928073689943837]]}},
{"type":"Feature","properties":{"OBJECTID":4186.0,"FENAME":null,"MILES":null,"Source":null,"Edit_date":"2020/03/10 16:27:19.000","GlobalID":"8f305788-55ae-4b74-8acb-79e58eb32271","CartoDispl":1,"Shape__Len":358.80084189216996},"geometry":{"type":"LineString","coordinates":[[-123.000700799074039,44.984820780857341],[-123.001159838546897,44.983892023219063]]}},
{"type":"Feature","properties":{"OBJECTID":1833.0,"FENAME":null,"MILES":0.06875045,"Source":"100k and 24k DRG","Edit_date":"2020/01/28 15:56:08.000","GlobalID":"17207606-3d7d-4e29-b583-25ff953691b5","CartoDispl":12,"Shape__Len":363.00309209639443},"geometry":{"type":"LineString","coordinates":[[-122.329207988307417,45.282954313469389],[-122.32797933908428,45.282465489863348]]}},
{"type":"Feature","properties":{"OBJECTID":2311.0,"FENAME":null,"MILES":0.07006476,"Source":"Orthoimagery and lidar","Edit_date":"2012/04/03 08:18:03.000","GlobalID":"5862ca09-f436-4e48-9736-96a5e8570241","CartoDispl":1,"Shape__Len":369.94261504731401},"geometry":{"type":"LineString","coordinates":[[-122.854068018399047,45.137030711343662],[-122.853112210860431,45.136621665176676],[-122.852835139134967,45.136513041969643]]}},
{"type":"Feature","properties":{"OBJECTID":3874.0,"FENAME":null,"MILES":null,"Source":"Orthoimagery and lidar","Edit_date":"2020/01/28 15:57:56.000","GlobalID":"24201b58-20c8-4ee3-b7f8-2bfc522054c9","CartoDispl":12,"Shape__Len":411.02140449358564},"geometry":{"type":"LineString","coordinates":[[-122.559067754963138,45.339516492667435],[-122.558983114396696,45.339035724566742],[-122.558968693545111,45.33839295932232]]}},
{"type":"Feature","properties":{"OBJECTID":1645.0,"FENAME":null,"MILES":0.07873936,"Source":"Orthoimagery and lidar","Edit_date":"2019/10/11 08:06:59.000","GlobalID":"687af90d-75fe-4b01-aba7-acaef3fd4e92","CartoDispl":1,"Shape__Len":415.74471720329791},"geometry":{"type":"LineString","coordinates":[[-122.764757822162835,45.61596015822397],[-122.763781270421489,45.61504904478894]]}},
{"type":"Feature","properties":{"OBJECTID":3555.0,"FENAME":null,"MILES":0.08034642,"Source":"Orthoimagery and lidar","Edit_date":"2020/01/28 16:27:46.000","GlobalID":"f6dd7480-5711-4855-898d-28410e5b12ca","CartoDispl":100,"Shape__Len":424.22987641257214},"geometry":{"type":"LineString","coordinates":[[-122.318505509966712,45.268946222212314],[-122.319122692559176,45.267867346534423]]}},
{"type":"Feature","properties":{"OBJECTID":2322.0,"FENAME":null,"MILES":0.08494886,"Source":"Orthoimagery and lidar","Edit_date":"2012/04/03 08:18:03.000","GlobalID":"3c1ef1ea-ebfd-4159-afbb-e4c3a711d49f","CartoDispl":1,"Shape__Len":448.53093950784114},"geometry":{"type":"LineString","coordinates":[[-122.841297821065893,45.148060818870356],[-122.841428587600248,45.148152703293718],[-122.841391451669097,45.148725144664866],[-122.841573956301431,45.149235912722382]]}},
{"type":"Feature","properties":{"OBJECTID":1834.0,"FENAME":null,"MILES":0.08791404,"Source":"100k and 24k DRG","Edit_date":"2020/01/28 15:56:08.000","GlobalID":"44499d71-3ffd-4023-80dd-0cab2b0ddc52","CartoDispl":12,"Shape__Len":464.18693815564382},"geometry":{"type":"LineString","coordinates":[[-122.32797933908428,45.282465489863348],[-122.327256596681465,45.282191166948444],[-122.326930440561554,45.281536624302532]]}},
{"type":"Feature","properties":{"OBJECTID":1646.0,"FENAME":null,"MILES":0.08885312,"Source":"100k and 24k DRG","Edit_date":"2006/01/12 16:00:00.000","GlobalID":"a0a3ccf2-934d-40d7-856d-262818888338","CartoDispl":1,"Shape__Len":469.14551107850582},"geometry":{"type":"LineString","coordinates":[[-122.767182091038975,45.615537594718745],[-122.766080535279329,45.61450922978328]]}},
{"type":"Feature","properties":{"OBJECTID":3877.0,"FENAME":null,"MILES":null,"Source":"Orthoimagery and lidar","Edit_date":"2020/01/28 15:57:33.000","GlobalID":"89309323-5c64-4bde-95f3-a59f12016b93","CartoDispl":12,"Shape__Len":478.73192832722884},"geometry":{"type":"LineString","coordinates":[[-122.559215401988226,45.338683311844633],[-122.559173005954605,45.338678108851397],[-122.557354755785823,45.338707288570255]]}},
{"type":"Feature","properties":{"OBJECTID":3875.0,"FENAME":null,"MILES":null,"Source":"Orthoimagery and lidar","Edit_date":"2020/01/28 15:57:33.000","GlobalID":"46c0f434-69ad-4559-8d15-2d92f7d75731","CartoDispl":12,"Shape__Len":519.22029973861902},"geometry":{"type":"LineString","coordinates":[[-122.557276794143917,45.338413949124416],[-122.557369915380136,45.338421233917948],[-122.557635992022227,45.338425460308805],[-122.558095482230641,45.338408404794357],[-122.55876209623186,45.338399591760655],[-122.558968693545111,45.33839295932232],[-122.55916616932619,45.338378669377754],[-122.559293298977749,45.338381262483274]]}},
{"type":"Feature","properties":{"OBJECTID":2170.0,"FENAME":null,"MILES":0.09951299,"Source":"Orthoimagery and lidar","Edit_date":"2010/12/30 16:00:00.000","GlobalID":"7457248c-0d61-4f03-9742-337ac4132562","CartoDispl":1,"Shape__Len":525.42962011029454},"geometry":{"type":"LineString","coordinates":[[-123.044010123567432,44.933295821191969],[-123.043938540230911,44.933777348772317],[-123.043471209062815,44.934675085104708]]}},
{"type":"Feature","properties":{"OBJECTID":1649.0,"FENAME":null,"MILES":0.10196341,"Source":"Orthoimagery and lidar","Edit_date":"2010/12/30 16:00:00.000","GlobalID":"561bb14a-5c60-43c6-ad0c-6db9f26f9764","CartoDispl":1,"Shape__Len":538.36809552399609},"geometry":{"type":"LineString","coordinates":[[-122.764757822162835,45.61596015822397],[-122.764798091063994,45.614484079570339]]}},
{"type":"Feature","properties":{"OBJECTID":269.0,"FENAME":null,"MILES":0.10206675,"Source":"Orthoimagery and lidar","Edit_date":"2020/01/28 16:27:44.000","GlobalID":"d83c9ee3-4d8e-40bd-a556-0ff9bad1cc50","CartoDispl":100,"Shape__Len":538.9135775602042},"geometry":{"type":"LineString","coordinates":[[-122.20427928090578,45.387913613215659],[-122.206376848692855,45.387911565463384]]}},
{"type":"Feature","properties":{"OBJECTID":2314.0,"FENAME":null,"MILES":0.10371351,"Source":"Orthoimagery and lidar","Edit_date":"2012/04/03 08:18:03.000","GlobalID":"fcd90047-1cd2-408d-a13b-422f0080ff30","CartoDispl":1,"Shape__Len":547.60847041585566},"geometry":{"type":"LineString","coordinates":[[-122.858304997475898,45.138658270011469],[-122.857861268153741,45.139160517655398],[-122.857620402497076,45.138951113314484],[-122.856820570139448,45.138653209869567]]}},
{"type":"Feature","properties":{"OBJECTID":1648.0,"FENAME":null,"MILES":0.10408116,"Source":"100k and 24k DRG","Edit_date":"2019/10/11 08:06:50.000","GlobalID":"7f479342-7972-4502-98e8-52013dbcd222","CartoDispl":1,"Shape__Len":549.54956476364146},"geometry":{"type":"LineString","coordinates":[[-122.767025474154565,45.615708269900054],[-122.766892461705041,45.615599998418823],[-122.76633787002352,45.61508580568767],[-122.765744316190194,45.614499540960814]]}},
{"type":"Feature","properties":{"OBJECTID":4255.0,"FENAME":null,"MILES":null,"Source":null,"Edit_date":"2020/03/19 10:53:01.000","GlobalID":"506814cd-476e-4b21-bdf1-7717667da9aa","CartoDispl":1,"Shape__Len":579.88856650132811},"geometry":{"type":"LineString","coordinates":[[-122.04569773125921,45.379010814125245],[-122.044898055785751,45.379966918109339],[-122.044926483744987,45.380447083188464]]}},
{"type":"Feature","properties":{"OBJECTID":2338.0,"FENAME":null,"MILES":0.1169628,"Source":"Orthoimagery and lidar","Edit_date":"2012/04/03 08:18:03.000","GlobalID":"23aeac16-d5ce-45de-8994-ac54db892439","CartoDispl":1,"Shape__Len":617.56481806582838},"geometry":{"type":"LineString","coordinates":[[-122.864934612908471,45.152995602174613],[-122.865435765979527,45.152624137406256],[-122.865423015834622,45.152560086917916],[-122.864844943496109,45.152257640182953],[-122.864396529781018,45.152159739658238],[-122.864034126200579,45.152060560958446]]}},
{"type":"Feature","properties":{"OBJECTID":4197.0,"FENAME":null,"MILES":null,"Source":null,"Edit_date":"2020/03/10 16:31:24.000","GlobalID":"34c9f697-343a-47de-aba5-4d958760d141","CartoDispl":1,"Shape__Len":622.59671101197546},"geometry":{"type":"LineString","coordinates":[[-123.000589392296476,45.014811771633582],[-122.999503940285734,45.014887298614354],[-122.999098257165002,45.014876575603367],[-122.9991175205909,45.014525401091554],[-122.998703821107057,45.014554060280872]]}},
{"type":"Feature","properties":{"OBJECTID":2190.0,"FENAME":null,"MILES":0.12174672,"Source":"Orthoimagery and lidar","Edit_date":"2010/12/30 16:00:00.000","GlobalID":"4448858b-e9fa-48aa-95c1-307f3a3a2652","CartoDispl":1,"Shape__Len":642.82365197812078},"geometry":{"type":"LineString","coordinates":[[-122.952449007016355,44.928041896204647],[-122.950821876780864,44.928036365856009],[-122.950936082868566,44.927434326194351]]}},
{"type":"Feature","properties":{"OBJECTID":4159.0,"FENAME":null,"MILES":0.40175199,"Source":"100k and 24k DRG","Edit_date":"2020/01/28 15:56:08.000","GlobalID":"afaa0def-5b3f-48b9-aa79-9c0ecd96698c","CartoDispl":12,"Shape__Len":651.21383364534108},"geometry":{"type":"LineString","coordinates":[[-122.329207988307417,45.282954313469389],[-122.331415576287782,45.283826956636446]]}},
{"type":"Feature","properties":{"OBJECTID":1708.0,"FENAME":null,"MILES":0.12465069,"Source":"100k and 24k DRG","Edit_date":"2020/01/28 08:40:28.000","GlobalID":"7685846b-ca43-4722-83bb-f36840b5a07b","CartoDispl":12,"Shape__Len":658.15682651633915},"geometry":{"type":"LineString","coordinates":[[-122.817786021173447,45.374835965523474],[-122.817840486076136,45.373031287860222]]}},
{"type":"Feature","properties":{"OBJECTID":1709.0,"FENAME":null,"MILES":0.12465157,"Source":"100k and 24k DRG","Edit_date":"2020/01/28 16:27:45.000","GlobalID":"b906ca14-6c80-46cd-88ba-5ba40500ba02","CartoDispl":100,"Shape__Len":658.16155030669006},"geometry":{"type":"LineString","coordinates":[[-122.818043028372827,45.374836379437959],[-122.818097516631767,45.373031689167476]]}},
{"type":"Feature","properties":{"OBJECTID":1715.0,"FENAME":null,"MILES":0.12742543,"Source":"100k and 24k DRG","Edit_date":"2020/01/28 16:27:45.000","GlobalID":"5128e017-5586-4ac3-8611-1ab82c954260","CartoDispl":100,"Shape__Len":672.80767762382322},"geometry":{"type":"LineString","coordinates":[[-122.818097425781289,45.372559120016589],[-122.818096935086743,45.370713849960715]]}},
{"type":"Feature","properties":{"OBJECTID":1662.0,"FENAME":null,"MILES":0.12992961,"Source":"100k and 24k DRG","Edit_date":"2019/10/11 08:09:13.000","GlobalID":"dd5272c5-8ec8-48ad-a499-66d1825e44c2","CartoDispl":1,"Shape__Len":686.02982616559336},"geometry":{"type":"LineString","coordinates":[[-122.828787646869671,45.566010853956229],[-122.826990600916375,45.565670603562957],[-122.82619368624249,45.565543387897691]]}},
{"type":"Feature","properties":{"OBJECTID":1450.0,"FENAME":null,"MILES":0.13085831,"Source":"100k and 24k DRG","Edit_date":"2006/01/12 16:00:00.000","GlobalID":"b7246502-d5f0-4c00-8d0c-c71410982494","CartoDispl":1,"Shape__Len":690.9333389898627},"geometry":{"type":"LineString","coordinates":[[-122.840973406064847,45.448333507162999],[-122.841279127138719,45.448640582418562],[-122.841340706721439,45.450159899183717]]}},
{"type":"Feature","properties":{"OBJECTID":1663.0,"FENAME":null,"MILES":0.13533776,"Source":"Orthoimagery and lidar","Edit_date":"2019/10/11 08:09:16.000","GlobalID":"91bd0c13-28a7-48ab-b512-53f06c8c450f","CartoDispl":1,"Shape__Len":714.58490228740675},"geometry":{"type":"LineString","coordinates":[[-122.828904786994144,45.565808508750784],[-122.826193918672658,45.565345373780104]]}},
{"type":"Feature","properties":{"OBJECTID":1665.0,"FENAME":null,"MILES":0.13622753,"Source":"Orthoimagery and lidar","Edit_date":"2010/12/30 16:00:00.000","GlobalID":"835a7f7f-42d3-425a-8e6e-63cd982c382d","CartoDispl":1,"Shape__Len":719.28276183135813},"geometry":{"type":"LineString","coordinates":[[-122.751209642196457,45.566120101174313],[-122.750538058243649,45.566393159673346],[-122.748561901003157,45.566726376552595]]}},
{"type":"Feature","properties":{"OBJECTID":4196.0,"FENAME":null,"MILES":null,"Source":null,"Edit_date":"2020/03/10 16:31:15.000","GlobalID":"4d4edd7f-f329-4f97-8d93-5bc6b29d48d7","CartoDispl":1,"Shape__Len":726.16858760894377},"geometry":{"type":"LineString","coordinates":[[-123.001039156638399,45.013723537251231],[-123.00109449942444,45.015140355095738],[-123.000284800701777,45.015157855114296]]}},
{"type":"Feature","properties":{"OBJECTID":1436.0,"FENAME":null,"MILES":0.06664113,"Source":"Orthoimagery and lidar","Edit_date":"2020/03/10 16:31:46.000","GlobalID":"9a6ca32f-c291-40a0-a7a6-447e91885ec3","CartoDispl":1,"Shape__Len":730.02203859376993},"geometry":{"type":"LineString","coordinates":[[-122.998760772333242,45.01485463444984],[-122.996480292332294,45.014528745439513],[-122.995990370279131,45.014469866499134]]}},
{"type":"Feature","properties":{"OBJECTID":3865.0,"FENAME":null,"MILES":null,"Source":"Orthoimagery and lidar","Edit_date":"2019/03/26 09:34:42.000","GlobalID":"a9ff27db-6208-44c1-b104-aa05f4258dd1","CartoDispl":1,"Shape__Len":743.42974379213274},"geometry":{"type":"LineString","coordinates":[[-122.894760877782318,45.550455221310678],[-122.894962671016117,45.550466822263537],[-122.894949751678439,45.549764053553751],[-122.895192139334966,45.549104797804631],[-122.895176932238385,45.548592122373641]]}},
{"type":"Feature","properties":{"OBJECTID":2319.0,"FENAME":null,"MILES":0.14127748,"Source":"Orthoimagery and lidar","Edit_date":"2012/04/03 08:18:03.000","GlobalID":"b31bef82-e5bd-4188-8564-6955c2cc6194","CartoDispl":1,"Shape__Len":745.94656308205845},"geometry":{"type":"LineString","coordinates":[[-122.83956099766246,45.145454089455633],[-122.839564244579236,45.144053407495285],[-122.839618650236304,45.143409153001187]]}},
{"type":"Feature","properties":{"OBJECTID":1706.0,"FENAME":null,"MILES":0.14289446,"Source":"100k and 24k DRG","Edit_date":"2020/01/28 08:40:12.000","GlobalID":"d6bed9d5-8cab-4ad9-84b5-63cc21b00e1c","CartoDispl":12,"Shape__Len":754.48420301636384},"geometry":{"type":"LineString","coordinates":[[-122.817435567590564,45.374835411764792],[-122.817458937324574,45.373035162918036],[-122.817840486076136,45.373031287860222]]}},
{"type":"Feature","properties":{"OBJECTID":2424.0,"FENAME":null,"MILES":0.14318119,"Source":"Orthoimagery and lidar","Edit_date":"2020/01/28 16:27:45.000","GlobalID":"9d14099a-fcdd-4acd-9f1d-9e34144bf7a3","CartoDispl":100,"Shape__Len":755.99836605526332},"geometry":{"type":"LineString","coordinates":[[-122.806662509788666,45.179428377696453],[-122.804695830253578,45.178203754505887],[-122.804701767801092,45.177983390612397]]}},
{"type":"Feature","properties":{"OBJECTID":2233.0,"FENAME":null,"MILES":0.149449,"Source":"Orthoimagery and lidar","Edit_date":"2010/12/30 16:00:00.000","GlobalID":"f0f2c45e-29d4-42b8-868a-bf9de98844b8","CartoDispl":1,"Shape__Len":789.0923639182256},"geometry":{"type":"LineString","coordinates":[[-123.020093466829437,44.904525157095179],[-123.019523478180602,44.90407124232879],[-123.018286588694409,44.90278701562476]]}},
{"type":"Feature","properties":{"OBJECTID":2323.0,"FENAME":null,"MILES":0.15378916,"Source":"Orthoimagery and lidar","Edit_date":"2012/04/03 08:18:03.000","GlobalID":"e926fca6-932c-4ce0-a024-7de2db9f72a3","CartoDispl":1,"Shape__Len":812.0081694487003},"geometry":{"type":"LineString","coordinates":[[-122.847492173890572,45.145805728318216],[-122.847052692402116,45.146415032450477],[-122.846735570216893,45.146807439551353],[-122.846552369751151,45.147018440517648],[-122.845739547371636,45.147635415193143]]}},
{"type":"Feature","properties":{"OBJECTID":2282.0,"FENAME":null,"MILES":0.15703844,"Source":"Orthoimagery and lidar","Edit_date":"2012/04/03 08:18:03.000","GlobalID":"705aecac-9f58-4832-a42a-612b2e883c28","CartoDispl":1,"Shape__Len":829.1646238520085},"geometry":{"type":"LineString","coordinates":[[-122.864411272097655,45.149534422319988],[-122.861197920858231,45.149486613679329]]}},
{"type":"Feature","properties":{"OBJECTID":2315.0,"FENAME":null,"MILES":0.15707897,"Source":"Orthoimagery and lidar","Edit_date":"2012/04/03 08:18:03.000","GlobalID":"0897169e-a3e6-4ff9-bcbc-6f09de2d6417","CartoDispl":1,"Shape__Len":829.37894868156263},"geometry":{"type":"LineString","coordinates":[[-122.845193363331546,45.138621163504354],[-122.846420718854887,45.139139093198558],[-122.847151352358111,45.139474221632376],[-122.846782068337006,45.139824825757564],[-122.846699481881913,45.140026613702425]]}},
{"type":"Feature","properties":{"OBJECTID":2172.0,"FENAME":null,"MILES":0.15838569,"Source":"Orthoimagery and lidar","Edit_date":"2010/12/30 16:00:00.000","GlobalID":"cda1f2d4-9e65-4c60-b28d-913be968431f","CartoDispl":1,"Shape__Len":836.27809930402589},"geometry":{"type":"LineString","coordinates":[[-123.012071340893158,44.954660083535124],[-123.012412320986257,44.954734220321377],[-123.014400361441005,44.954777334907774],[-123.015283495575176,44.954734134616203]]}},
{"type":"Feature","properties":{"OBJECTID":1669.0,"FENAME":null,"MILES":0.16255644,"Source":"100k and 24k DRG","Edit_date":"2006/01/12 16:00:00.000","GlobalID":"361effc8-ddec-4d95-a82f-a60456a78a2e","CartoDispl":1,"Shape__Len":858.2998539564677},"geometry":{"type":"LineString","coordinates":[[-122.826194439011616,45.567897144354951],[-122.82619368624249,45.565543387897691]]}},
{"type":"Feature","properties":{"OBJECTID":2327.0,"FENAME":null,"MILES":0.1660888,"Source":"Orthoimagery and lidar","Edit_date":"2012/04/03 08:18:03.000","GlobalID":"db7e4da0-e1b2-472c-975a-b7a6a31f22db","CartoDispl":1,"Shape__Len":876.95057845771134},"geometry":{"type":"LineString","coordinates":[[-122.860425681385024,45.147415942597988],[-122.857863992366106,45.14583486663323]]}},
{"type":"Feature","properties":{"OBJECTID":2343.0,"FENAME":null,"MILES":0.16715389,"Source":"Orthoimagery and lidar","Edit_date":"2020/01/28 16:27:45.000","GlobalID":"ccc2ffa1-f3b7-4b62-9ee3-fcde1c6c1cf3","CartoDispl":100,"Shape__Len":882.57448506361129},"geometry":{"type":"LineString","coordinates":[[-122.78797049221005,45.109274016365305],[-122.78586043670775,45.108845668264109],[-122.785188684694958,45.108121403128749]]}},
{"type":"Feature","properties":{"OBJECTID":2341.0,"FENAME":null,"MILES":0.16751878,"Source":"Orthoimagery and lidar","Edit_date":"2012/04/03 08:18:03.000","GlobalID":"3a6b1573-e8d0-4eb7-82d0-9a9bc62c4061","CartoDispl":1,"Shape__Len":884.50086649225102},"geometry":{"type":"LineString","coordinates":[[-122.862277664460223,45.147745502646401],[-122.862783398087288,45.146393703973416],[-122.86291273523446,45.146126071829229],[-122.861860277527285,45.146139579127876]]}},
{"type":"Feature","properties":{"OBJECTID":4188.0,"FENAME":null,"MILES":null,"Source":null,"Edit_date":"2020/03/10 16:27:55.000","GlobalID":"3b71e6b7-90f1-440a-b670-be88d61de015","CartoDispl":1,"Shape__Len":887.95572534629673},"geometry":{"type":"LineString","coordinates":[[-123.034083939731801,44.956587507129079],[-123.032648586076931,44.956601854502892],[-123.030665710352295,44.95644554077036]]}},
{"type":"Feature","properties":{"OBJECTID":1687.0,"FENAME":null,"MILES":0.19136691,"Source":"100k and 24k DRG","Edit_date":"2006/01/12 16:00:00.000","GlobalID":"4cb27b90-8d2c-407d-8e68-d67bb830ccde","CartoDispl":1,"Shape__Len":1010.419487251756},"geometry":{"type":"LineString","coordinates":[[-122.8370409592779,45.502587995720923],[-122.837110990416932,45.502165036360189],[-122.83730544781902,45.500752145646025],[-122.837476510520943,45.499834279287811]]}},
{"type":"Feature","properties":{"OBJECTID":1700.0,"FENAME":null,"MILES":0.19323225,"Source":"100k and 24k DRG","Edit_date":"2019/10/11 08:21:18.000","GlobalID":"18f28245-3743-428a-a4af-00fe5aae8507","CartoDispl":1,"Shape__Len":1020.2683588266384},"geometry":{"type":"LineString","coordinates":[[-122.84145407999641,45.452956872450031],[-122.841340706721439,45.450159899183717]]}},
{"type":"Feature","properties":{"OBJECTID":2426.0,"FENAME":null,"MILES":0.19590895,"Source":"Orthoimagery and lidar","Edit_date":"2020/01/28 16:27:45.000","GlobalID":"97f0cd0f-f8f3-4f86-9050-cf3edc288be9","CartoDispl":100,"Shape__Len":1034.4013131364304},"geometry":{"type":"LineString","coordinates":[[-122.582781649855548,45.199652868537463],[-122.581402005852482,45.199478850254991],[-122.581147230518852,45.197641234714439]]}},
{"type":"Feature","properties":{"OBJECTID":1688.0,"FENAME":null,"MILES":0.19899772,"Source":"100k and 24k DRG","Edit_date":"2006/01/12 16:00:00.000","GlobalID":"d20e25f7-aded-4e78-9599-93883c062590","CartoDispl":1,"Shape__Len":1050.7102578338756},"geometry":{"type":"LineString","coordinates":[[-122.837298639978158,45.502705370395695],[-122.837438168337314,45.501337406318825],[-122.83758616494444,45.500095459300823],[-122.837640506111256,45.49983450045783]]}},
{"type":"Feature","properties":{"OBJECTID":1696.0,"FENAME":null,"MILES":0.19933246,"Source":"100k and 24k DRG","Edit_date":"2006/01/12 16:00:00.000","GlobalID":"a86807c3-2b1d-44e2-a2ce-cb454478cb48","CartoDispl":1,"Shape__Len":1052.477459259014},"geometry":{"type":"LineString","coordinates":[[-122.826252710206873,45.55032275241792],[-122.827509429261767,45.547574846382403]]}},
{"type":"Feature","properties":{"OBJECTID":904.0,"FENAME":null,"MILES":0.2017905,"Source":"100k and 24k DRG","Edit_date":"2020/01/28 16:27:44.000","GlobalID":"2872dd87-8186-4a28-bdc7-30d95eada030","CartoDispl":100,"Shape__Len":1065.4560989779748},"geometry":{"type":"LineString","coordinates":[[-121.902007692507084,45.325623569354001],[-121.901983215787411,45.32540336178041],[-121.901904035228156,45.324691448890739],[-121.901648072440551,45.323410764846322],[-121.901414673063982,45.322821067196827],[-121.901383544283689,45.322742420673578]]}},
{"type":"Feature","properties":{"OBJECTID":2324.0,"FENAME":null,"MILES":0.20589358,"Source":"Orthoimagery and lidar","Edit_date":"2012/04/03 08:18:03.000","GlobalID":"069124b3-d549-465a-825d-ffa3aca67254","CartoDispl":1,"Shape__Len":1087.1203079846348},"geometry":{"type":"LineString","coordinates":[[-122.850474131722862,45.1458801227013],[-122.850879693241268,45.144692675123132],[-122.851282890081251,45.143448106089153],[-122.85148604526384,45.142986573797323]]}},
{"type":"Feature","properties":{"OBJECTID":2335.0,"FENAME":null,"MILES":0.20636805,"Source":"Orthoimagery and lidar","Edit_date":"2012/04/03 08:18:03.000","GlobalID":"587cedc6-05c2-496a-a2f6-67317e3ede3d","CartoDispl":1,"Shape__Len":1089.6254945401854},"geometry":{"type":"LineString","coordinates":[[-122.866676886976933,45.158693990037577],[-122.86674718879631,45.156977480661318],[-122.866714728413513,45.155706156154885]]}},
{"type":"Feature","properties":{"OBJECTID":1682.0,"FENAME":null,"MILES":0.21068324,"Source":"100k and 24k DRG","Edit_date":"2006/01/12 16:00:00.000","GlobalID":"f836344f-3770-4b02-9241-176ffeb8630a","CartoDispl":1,"Shape__Len":1112.409748385722},"geometry":{"type":"LineString","coordinates":[[-122.827290714035897,45.547489002792993],[-122.825995130143852,45.550376359569562],[-122.825987066091727,45.55039884899243]]}},
{"type":"Feature","properties":{"OBJECTID":2418.0,"FENAME":null,"MILES":0.21491933,"Source":"Orthoimagery and lidar","Edit_date":"2013/10/07 08:47:00.000","GlobalID":"376940c8-53a6-4c1c-a56e-3103ca2b7371","CartoDispl":1,"Shape__Len":1134.776424287438},"geometry":{"type":"LineString","coordinates":[[-122.852749940481644,45.208207701998091],[-122.857000750590515,45.209019403164255]]}},
{"type":"Feature","properties":{"OBJECTID":2340.0,"FENAME":null,"MILES":0.21701026,"Source":"Orthoimagery and lidar","Edit_date":"2012/04/03 08:18:03.000","GlobalID":"ff593ffb-af03-4a4d-a0a4-d118dc2b4d3a","CartoDispl":1,"Shape__Len":1145.8166892661927},"geometry":{"type":"LineString","coordinates":[[-122.861729308817189,45.149494525413147],[-122.862277664460223,45.147745502646401],[-122.860425681385024,45.147415942597988]]}},
{"type":"Feature","properties":{"OBJECTID":2328.0,"FENAME":null,"MILES":0.21707839,"Source":"Orthoimagery and lidar","Edit_date":"2012/04/03 08:18:03.000","GlobalID":"b1a08aad-2b8e-4d2c-bf4c-099637bad46e","CartoDispl":1,"Shape__Len":1146.1762866377076},"geometry":{"type":"LineString","coordinates":[[-122.864287699802205,45.150362134546853],[-122.865794911284468,45.150565775712543],[-122.867584722220542,45.150621559814901],[-122.867636588420126,45.151142146053644],[-122.867464724849597,45.151381531228985]]}},
{"type":"Feature","properties":{"OBJECTID":1718.0,"FENAME":null,"MILES":0.21842116,"Source":"100k and 24k DRG","Edit_date":"2006/01/12 16:00:00.000","GlobalID":"55985ef8-84dc-4eb2-950f-433b76811044","CartoDispl":1,"Shape__Len":1153.2660016375862},"geometry":{"type":"LineString","coordinates":[[-122.727087937698542,45.624832259230736],[-122.728643056155491,45.623143795190863],[-122.72951803939219,45.6221688210438]]}},
{"type":"Feature","properties":{"OBJECTID":2313.0,"FENAME":null,"MILES":0.21861719,"Source":"Orthoimagery and lidar","Edit_date":"2012/04/03 08:18:03.000","GlobalID":"61cd9513-5600-4d49-b8dd-c5aa79aaac19","CartoDispl":1,"Shape__Len":1154.3010635565897},"geometry":{"type":"LineString","coordinates":[[-122.862119134292513,45.137557630734833],[-122.859797973978331,45.136669383980028],[-122.858206383946182,45.136023414981857]]}},
{"type":"Feature","properties":{"OBJECTID":2312.0,"FENAME":null,"MILES":0.22132655,"Source":"Orthoimagery and lidar","Edit_date":"2012/04/03 08:18:03.000","GlobalID":"51a7b4e8-c506-4786-aecc-d6dc6ad12683","CartoDispl":1,"Shape__Len":1168.6065830287232},"geometry":{"type":"LineString","coordinates":[[-122.855989906941176,45.137744517814376],[-122.856560283015583,45.137972565962926],[-122.858304997475898,45.138658270011469],[-122.859528475039028,45.139190368648819],[-122.859950147677864,45.139284644809599]]}},
{"type":"Feature","properties":{"OBJECTID":2336.0,"FENAME":null,"MILES":0.22805491,"Source":"Orthoimagery and lidar","Edit_date":"2012/04/03 08:18:03.000","GlobalID":"432504a1-5807-4c09-8d0c-9717119f4016","CartoDispl":1,"Shape__Len":1204.1323848165919},"geometry":{"type":"LineString","coordinates":[[-122.865940099776509,45.15748729025016],[-122.864475365350927,45.157481911227848],[-122.863764534768961,45.157389443966366],[-122.863928504256748,45.156714320428868],[-122.864188653982765,45.155922867085181],[-122.864198200776997,45.155665411798957]]}},
{"type":"Feature","properties":{"OBJECTID":2317.0,"FENAME":null,"MILES":0.22975162,"Source":"Orthoimagery and lidar","Edit_date":"2012/04/03 08:18:03.000","GlobalID":"ac5459bc-a210-42ee-aaea-155bdf43f3e7","CartoDispl":1,"Shape__Len":1213.0911165512882},"geometry":{"type":"LineString","coordinates":[[-122.855256794387103,45.141244908756924],[-122.853736054786921,45.142454256578432],[-122.852925430849595,45.143121262866771],[-122.852857747645473,45.143194118738407],[-122.852756867225963,45.143932239721387]]}},
{"type":"Feature","properties":{"OBJECTID":4187.0,"FENAME":null,"MILES":null,"Source":null,"Edit_date":"2020/03/10 16:27:27.000","GlobalID":"c69aa2f8-8238-46be-abe3-3034166ab4e4","CartoDispl":1,"Shape__Len":1215.8215294729619},"geometry":{"type":"LineString","coordinates":[[-123.000700799074039,44.984820780857341],[-123.005062820812583,44.986061943753256]]}},
{"type":"Feature","properties":{"OBJECTID":2309.0,"FENAME":null,"MILES":0.23392402,"Source":"Orthoimagery and lidar","Edit_date":"2012/04/03 08:18:03.000","GlobalID":"3e848185-e160-491d-9f24-18caba1aa891","CartoDispl":1,"Shape__Len":1235.1212823889107},"geometry":{"type":"LineString","coordinates":[[-122.854926798977402,45.135819601161138],[-122.854068018399047,45.137030711343662],[-122.852703649094892,45.138819496456392]]}},
{"type":"Feature","properties":{"OBJECTID":905.0,"FENAME":null,"MILES":0.23501501,"Source":"100k and 24k DRG","Edit_date":"2020/01/28 16:27:44.000","GlobalID":"ac689599-395d-4667-b111-0124fcf805e0","CartoDispl":100,"Shape__Len":1240.8817876219982},"geometry":{"type":"LineString","coordinates":[[-121.90305377022122,45.328558555398999],[-121.902327998304557,45.328503160433989],[-121.902007692507084,45.325623569354001]]}},
{"type":"Feature","properties":{"OBJECTID":2191.0,"FENAME":null,"MILES":0.23528245,"Source":"Orthoimagery and lidar","Edit_date":"2010/12/30 16:00:00.000","GlobalID":"713555bb-cb2b-4fcb-bf96-a0c5b7e36478","CartoDispl":1,"Shape__Len":1242.2940188083585},"geometry":{"type":"LineString","coordinates":[[-122.950908777837071,44.930269458647146],[-122.950954558192961,44.930694661803003],[-122.951070355064417,44.931291822008255],[-122.954418861396391,44.93129011294036]]}},
{"type":"Feature","properties":{"OBJECTID":2179.0,"FENAME":null,"MILES":0.23681547,"Source":"Orthoimagery and lidar","Edit_date":"2010/12/30 16:00:00.000","GlobalID":"4891f66d-0f0d-4b6c-9406-0e9c87217647","CartoDispl":1,"Shape__Len":1250.3883975906931},"geometry":{"type":"LineString","coordinates":[[-122.991779724402974,44.950387191834551],[-122.991753750443266,44.950721275399033],[-122.991537249495792,44.951307227758143],[-122.99169289701031,44.951808922122851],[-122.991613080263505,44.953784022728513]]}},
{"type":"Feature","properties":{"OBJECTID":2157.0,"FENAME":null,"MILES":0.23726845,"Source":"Orthoimagery and lidar","Edit_date":"2010/12/30 16:00:00.000","GlobalID":"577264e1-6950-4c28-8500-01678fa414c8","CartoDispl":1,"Shape__Len":1252.7798321484474},"geometry":{"type":"LineString","coordinates":[[-123.018381890180351,44.920249342288344],[-123.018075293499635,44.920256026160672],[-123.013545941181988,44.920191144192223]]}},
{"type":"Feature","properties":{"OBJECTID":2419.0,"FENAME":null,"MILES":0.23912507,"Source":"Orthoimagery and lidar","Edit_date":"2013/10/07 08:47:00.000","GlobalID":"66277517-5798-4415-9726-cc8a9a8a64f5","CartoDispl":1,"Shape__Len":1262.5828844850964},"geometry":{"type":"LineString","coordinates":[[-122.85878150437135,45.200809891962237],[-122.859130074973649,45.200946940812614],[-122.863480632296572,45.201758971969582]]}},
{"type":"Feature","properties":{"OBJECTID":2422.0,"FENAME":null,"MILES":0.24759895,"Source":"Orthoimagery and lidar","Edit_date":"2013/10/07 08:47:00.000","GlobalID":"a53aaa07-6549-434d-9116-7eb0e7f91a87","CartoDispl":1,"Shape__Len":1307.3250248026143},"geometry":{"type":"LineString","coordinates":[[-122.870211072449152,45.188250027758428],[-122.869898626482041,45.188400641866494],[-122.868388646831107,45.190078581783794],[-122.869947219686793,45.190822362240723]]}},
{"type":"Feature","properties":{"OBJECTID":3872.0,"FENAME":null,"MILES":null,"Source":"Orthoimagery and lidar","Edit_date":"2020/01/28 15:57:56.000","GlobalID":"f72b0b53-1801-4cc4-9813-96fdff7a4f68","CartoDispl":12,"Shape__Len":1308.6655073913246},"geometry":{"type":"LineString","coordinates":[[-122.557635992022227,45.338425460308805],[-122.557664665012695,45.339350784063392],[-122.557669353711219,45.339838920933211],[-122.560091097768662,45.339805009360319],[-122.560087129603659,45.339337698149329]]}},
{"type":"Feature","properties":{"OBJECTID":1437.0,"FENAME":null,"MILES":0.25288946,"Source":"Orthoimagery and lidar","Edit_date":"2020/01/28 08:36:54.000","GlobalID":"f374843f-86ba-4551-bc02-130fd79b2a21","CartoDispl":12,"Shape__Len":1335.2590505481114},"geometry":{"type":"LineString","coordinates":[[-122.779793197418698,45.331588801411797],[-122.779789292110465,45.327926587178204]]}},
{"type":"Feature","properties":{"OBJECTID":1831.0,"FENAME":null,"MILES":0.40175199,"Source":"100k and 24k DRG","Edit_date":"2020/01/28 16:27:45.000","GlobalID":"c41e1d93-71aa-4872-a5cb-387cb309ca41","CartoDispl":100,"Shape__Len":1470.0411510189169},"geometry":{"type":"LineString","coordinates":[[-122.331415576287782,45.283826956636446],[-122.331322388467925,45.283484340741133],[-122.331150820406762,45.283298796911367],[-122.326930440561554,45.281536624302532]]}},
{"type":"Feature","properties":{"OBJECTID":2342.0,"FENAME":null,"MILES":0.2795017,"Source":"Orthoimagery and lidar","Edit_date":"2012/04/03 08:18:03.000","GlobalID":"932cedcd-3409-446a-80c4-a5bd125a0f23","CartoDispl":1,"Shape__Len":1475.7718542927851},"geometry":{"type":"LineString","coordinates":[[-122.862277664460223,45.147745502646401],[-122.863125880130141,45.147885259235473],[-122.867973634512609,45.147975209970788]]}},
{"type":"Feature","properties":{"OBJECTID":2329.0,"FENAME":null,"MILES":0.29175558,"Source":"Orthoimagery and lidar","Edit_date":"2012/04/03 08:18:03.000","GlobalID":"7a3ffb45-01eb-4b7a-ab2c-76d0962ab9fe","CartoDispl":1,"Shape__Len":1540.4723366543535},"geometry":{"type":"LineString","coordinates":[[-122.864201918271036,45.150936710366977],[-122.865249660537529,45.151055863291027],[-122.865517919935343,45.151193224731969],[-122.865987691261623,45.151319261735416],[-122.866606713398014,45.151635145919315],[-122.867334928690525,45.152148851456843],[-122.868172793190737,45.15165268317746],[-122.869365233813156,45.151670811119459]]}},
{"type":"Feature","properties":{"OBJECTID":2321.0,"FENAME":null,"MILES":0.29564542,"Source":"Orthoimagery and lidar","Edit_date":"2012/04/03 08:18:03.000","GlobalID":"d3590e57-5e24-46d1-b9f8-0dfe7a244d09","CartoDispl":1,"Shape__Len":1561.0111715570335},"geometry":{"type":"LineString","coordinates":[[-122.841484416355001,45.14557185282316],[-122.841400206898825,45.14696705019611],[-122.841299611768079,45.147962407657715],[-122.841274763753731,45.149327802599728],[-122.84126584813535,45.149849643185775]]}},
{"type":"Feature","properties":{"OBJECTID":4005.0,"FENAME":null,"MILES":4.97664787,"Source":"Orthoimagery and lidar","Edit_date":"2020/01/28 08:36:39.000","GlobalID":"a0b092f7-8594-4d31-a32a-ea334f91a59e","CartoDispl":12,"Shape__Len":1588.8048436895319},"geometry":{"type":"LineString","coordinates":[[-122.777344576343069,45.330916212960943],[-122.779926663177719,45.330889463728866],[-122.779902754620196,45.328353384972495]]}},
{"type":"Feature","properties":{"OBJECTID":2297.0,"FENAME":null,"MILES":0.30247116,"Source":"Orthoimagery and lidar","Edit_date":"2012/04/03 08:18:03.000","GlobalID":"e292d334-2f4e-48e4-b777-1673e5c6edf4","CartoDispl":1,"Shape__Len":1597.0506435027628},"geometry":{"type":"LineString","coordinates":[[-122.838403009736652,45.136356264589928],[-122.838455922191443,45.137149242984137],[-122.842970624435324,45.136942290202583],[-122.843426470040484,45.136732841225047]]}},
{"type":"Feature","properties":{"OBJECTID":4256.0,"FENAME":null,"MILES":null,"Source":null,"Edit_date":"2020/03/19 10:55:58.000","GlobalID":"592c4166-dc12-468f-83da-782f91118167","CartoDispl":1,"Shape__Len":1600.9497166994365},"geometry":{"type":"LineString","coordinates":[[-121.953791779954784,45.349566690944911],[-121.953832896813196,45.348567165383024],[-121.953188260734549,45.348122330700924],[-121.952975688163292,45.347014485904232],[-121.952994453833455,45.345377527921109]]}},
{"type":"Feature","properties":{"OBJECTID":1686.0,"FENAME":null,"MILES":0.30402936,"Source":"100k and 24k DRG","Edit_date":"2006/01/12 16:00:00.000","GlobalID":"1b127788-982c-431c-8305-d3899e954223","CartoDispl":1,"Shape__Len":1605.2781917313951},"geometry":{"type":"LineString","coordinates":[[-122.836372191738079,45.507668160737111],[-122.836574362882573,45.506237277833982],[-122.83680002177806,45.504563391291448],[-122.836963331769354,45.503285473263226]]}},
{"type":"Feature","properties":{"OBJECTID":2316.0,"FENAME":null,"MILES":0.30552188,"Source":"Orthoimagery and lidar","Edit_date":"2012/04/03 08:18:03.000","GlobalID":"0ad2f967-c9e4-430a-9723-2eaac0d43d3e","CartoDispl":1,"Shape__Len":1613.1588089847696},"geometry":{"type":"LineString","coordinates":[[-122.847837223231693,45.142844913451697],[-122.848580841660208,45.142810584719705],[-122.850285277005597,45.142761200788506],[-122.85148604526384,45.142986573797323],[-122.852857747645473,45.143194118738407],[-122.853976943331546,45.143399709453362]]}},
{"type":"Feature","properties":{"OBJECTID":2193.0,"FENAME":null,"MILES":0.30636019,"Source":"Orthoimagery and lidar","Edit_date":"2010/12/30 16:00:00.000","GlobalID":"399537c0-887a-44ff-b9b4-737187a791d0","CartoDispl":1,"Shape__Len":1617.5850201914977},"geometry":{"type":"LineString","coordinates":[[-122.983569373207587,44.929576937811589],[-122.983133235001219,44.929655690159159],[-122.977901945956816,44.929673851778375],[-122.977336766955332,44.929671105546483]]}},
{"type":"Feature","properties":{"OBJECTID":1697.0,"FENAME":null,"MILES":0.30939127,"Source":"100k and 24k DRG","Edit_date":"2006/01/12 16:00:00.000","GlobalID":"aee6ae8d-2a05-4be2-a863-44c364ce2512","CartoDispl":1,"Shape__Len":1633.5892705286228},"geometry":{"type":"LineString","coordinates":[[-122.847322686167786,45.549430286697216],[-122.847040372373172,45.547251672785585],[-122.846734308310204,45.544969486907156]]}},
{"type":"Feature","properties":{"OBJECTID":1685.0,"FENAME":null,"MILES":0.31087077,"Source":"100k and 24k DRG","Edit_date":"2006/01/12 16:00:00.000","GlobalID":"4f5a2111-7421-4621-8116-6c3f63682258","CartoDispl":1,"Shape__Len":1641.4009963644378},"geometry":{"type":"LineString","coordinates":[[-122.836590687918175,45.507785490947654],[-122.836746122925689,45.506602061296476],[-122.836940407520402,45.505130663613443],[-122.837111608497054,45.503884255179933],[-122.837189693024868,45.503303797178297]]}},
{"type":"Feature","properties":{"OBJECTID":2158.0,"FENAME":null,"MILES":0.31334375,"Source":"Orthoimagery and lidar","Edit_date":"2010/12/30 16:00:00.000","GlobalID":"0995e8b3-ad21-4da4-96dd-8d1e31ce626a","CartoDispl":1,"Shape__Len":1654.4581679351086},"geometry":{"type":"LineString","coordinates":[[-123.016219854293297,44.921107224384926],[-123.016233360444531,44.920241654180806],[-123.016333253719012,44.916569462617247]]}},
{"type":"Feature","properties":{"OBJECTID":2156.0,"FENAME":null,"MILES":0.321743,"Source":"Orthoimagery and lidar","Edit_date":"2010/12/30 16:00:00.000","GlobalID":"b93bdb36-988b-4c66-8d11-d1c52d580f9b","CartoDispl":1,"Shape__Len":1698.806469263835},"geometry":{"type":"LineString","coordinates":[[-123.018823357739947,44.921040022883105],[-123.018873309974325,44.920969050935028],[-123.019948764800944,44.921000105162527],[-123.019929555318626,44.924816167021156]]}},
{"type":"Feature","properties":{"OBJECTID":903.0,"FENAME":null,"MILES":0.32913109,"Source":"100k and 24k DRG","Edit_date":"2020/01/28 16:27:44.000","GlobalID":"c9e69480-6635-4b89-b46e-3d8848f48ed4","CartoDispl":100,"Shape__Len":1737.8157404339654},"geometry":{"type":"LineString","coordinates":[[-121.901383544283689,45.322742420673578],[-121.900103182310971,45.319507235907913],[-121.900144630186418,45.318100112896268]]}},
{"type":"Feature","properties":{"OBJECTID":265.0,"FENAME":null,"MILES":0.33059275,"Source":"Orthoimagery and lidar","Edit_date":"2020/01/28 08:36:54.000","GlobalID":"5a4d6ec3-798a-4ae8-9fa7-414526467e4b","CartoDispl":12,"Shape__Len":1745.5332327672554},"geometry":{"type":"LineString","coordinates":[[-122.779789292110465,45.327926587178204],[-122.779784201485825,45.323139103964131]]}},
{"type":"Feature","properties":{"OBJECTID":2288.0,"FENAME":null,"MILES":0.33365473,"Source":"Orthoimagery and lidar","Edit_date":"2020/01/28 16:27:45.000","GlobalID":"47ce5b37-7d0f-48bb-80e0-3927ccfaf3f0","CartoDispl":100,"Shape__Len":1761.7005390486213},"geometry":{"type":"LineString","coordinates":[[-122.824529982082936,45.149238919781567],[-122.818252377487894,45.147337163784336]]}},
{"type":"Feature","properties":{"OBJECTID":2326.0,"FENAME":null,"MILES":0.34190385,"Source":"Orthoimagery and lidar","Edit_date":"2012/04/03 08:18:03.000","GlobalID":"9ca0798b-2dac-40ab-b685-626e5dcc93bd","CartoDispl":1,"Shape__Len":1805.2560125835332},"geometry":{"type":"LineString","coordinates":[[-122.855547603752328,45.145408307854609],[-122.852886309249484,45.14756689840172],[-122.850930927796782,45.149129299206898]]}},
{"type":"Feature","properties":{"OBJECTID":1158.0,"FENAME":null,"MILES":0.34460891,"Source":"100k and 24k DRG","Edit_date":"2020/01/28 16:27:44.000","GlobalID":"db27646a-5b49-4617-a432-fac34b02d394","CartoDispl":100,"Shape__Len":1819.5387035753349},"geometry":{"type":"LineString","coordinates":[[-122.621156718915429,45.353191167296046],[-122.615106974006622,45.350601071806722]]}},
{"type":"Feature","properties":{"OBJECTID":2334.0,"FENAME":null,"MILES":0.35608543,"Source":"Orthoimagery and lidar","Edit_date":"2012/04/03 08:18:03.000","GlobalID":"c1eb31df-b3dd-4bc5-812e-e133e5e1553a","CartoDispl":1,"Shape__Len":1880.1351516603322},"geometry":{"type":"LineString","coordinates":[[-122.868318392089066,45.160039131020071],[-122.868300959347792,45.15937490970083],[-122.868062369019498,45.1589796810499],[-122.867546246525976,45.158711691455906],[-122.866676886976933,45.158693990037577],[-122.86665652249394,45.159909240166385],[-122.867464757871318,45.15991391803508],[-122.86746778203819,45.159499384839862],[-122.867227092498993,45.15929714020357],[-122.866480303825625,45.159312626326582]]}},
{"type":"Feature","properties":{"OBJECTID":3926.0,"FENAME":null,"MILES":0.36886238,"Source":"Orthoimagery and lidar","Edit_date":"2020/01/27 16:31:19.000","GlobalID":"6865d9b3-2212-4ed6-b997-0ae2fcb9bd44","CartoDispl":12,"Shape__Len":1947.597272075448},"geometry":{"type":"LineString","coordinates":[[-122.947001723981842,44.792688340454056],[-122.944652044931217,44.787614207872664]]}},
{"type":"Feature","properties":{"OBJECTID":2339.0,"FENAME":null,"MILES":0.37054184,"Source":"Orthoimagery and lidar","Edit_date":"2012/04/03 08:18:03.000","GlobalID":"ac572178-4449-4d51-a2a3-57b204f7d979","CartoDispl":1,"Shape__Len":1956.4647605284927},"geometry":{"type":"LineString","coordinates":[[-122.864123490982408,45.151462010620612],[-122.86454472722825,45.151592131462799],[-122.865441251887589,45.151780790087919],[-122.86638254242321,45.152318669353448],[-122.86674517304364,45.152539824095911],[-122.866916641695184,45.153022199074456],[-122.866780635414045,45.15559045328073],[-122.866795400767458,45.155707048532939]]}},
{"type":"Feature","properties":{"OBJECTID":3864.0,"FENAME":null,"MILES":null,"Source":"Orthoimagery and lidar","Edit_date":"2019/03/26 09:34:42.000","GlobalID":"ae69881b-2c0e-4498-ad41-1377b8410439","CartoDispl":1,"Shape__Len":1968.7241577013083},"geometry":{"type":"LineString","coordinates":[[-122.897330829143527,45.550486833081557],[-122.897372094045167,45.54913135954348],[-122.893701373430417,45.549086609638763],[-122.893680782997635,45.550550254616077]]}},
{"type":"Feature","properties":{"OBJECTID":4006.0,"FENAME":null,"MILES":null,"Source":"Orthoimagery and lidar","Edit_date":"2020/01/28 08:36:39.000","GlobalID":"763ed81d-d263-4961-b84a-45f659430f08","CartoDispl":12,"Shape__Len":2056.3046569309236},"geometry":{"type":"LineString","coordinates":[[-122.777372032659784,45.329897485095195],[-122.777336177356858,45.330058953942945],[-122.777529907267464,45.331120986998236],[-122.7802387644237,45.3310977039731],[-122.780233352432248,45.328602943059742]]}},
{"type":"Feature","properties":{"OBJECTID":2488.0,"FENAME":null,"MILES":0.39220395,"Source":"Orthoimagery and lidar","Edit_date":"2014/06/19 06:19:27.000","GlobalID":"e1fac462-1fb0-4369-98fe-6356b52ec8af","CartoDispl":1,"Shape__Len":2070.8411256765371},"geometry":{"type":"LineString","coordinates":[[-123.049803100845864,45.091734963796249],[-123.048892431299095,45.091664454947562],[-123.043552024885273,45.090559448316469],[-123.042080791318583,45.090238608787324]]}},
{"type":"Feature","properties":{"OBJECTID":2287.0,"FENAME":null,"MILES":0.40161919,"Source":"Orthoimagery and lidar","Edit_date":"2020/01/28 16:27:45.000","GlobalID":"2774d1ae-f91b-40bd-a5dd-6294244364af","CartoDispl":100,"Shape__Len":2120.553467077591},"geometry":{"type":"LineString","coordinates":[[-122.822585667751639,45.151093575156956],[-122.824529982082936,45.149238919781567],[-122.827505884695896,45.146434218898293]]}},
{"type":"Feature","properties":{"OBJECTID":1157.0,"FENAME":null,"MILES":0.40218869,"Source":"100k and 24k DRG","Edit_date":"2006/01/12 16:00:00.000","GlobalID":"913b53f0-2555-43b6-944b-7d99b62982e3","CartoDispl":1,"Shape__Len":2123.5605037027385},"geometry":{"type":"LineString","coordinates":[[-122.66014198388406,45.496298427399154],[-122.663824144596731,45.497227437882728],[-122.667865018931991,45.498395897579911]]}},
{"type":"Feature","properties":{"OBJECTID":3869.0,"FENAME":null,"MILES":1.46608843,"Source":"Orthoimagery and lidar","Edit_date":"2020/01/28 15:53:38.000","GlobalID":"735b97a1-4877-4473-9e1d-3b01c5f62e5f","CartoDispl":12,"Shape__Len":2243.6613097937829},"geometry":{"type":"LineString","coordinates":[[-122.403491097310905,45.360796257059825],[-122.404810436492539,45.360951213022844],[-122.406774870549327,45.360544622063863],[-122.408342737344839,45.3603093498104],[-122.408630186081268,45.361137731484177],[-122.407913099509443,45.361254276752533],[-122.408144576454404,45.36196306484883],[-122.407397591212941,45.362074856961677]]}},
{"type":"Feature","properties":{"OBJECTID":2330.0,"FENAME":null,"MILES":0.42641028,"Source":"Orthoimagery and lidar","Edit_date":"2012/04/03 08:18:03.000","GlobalID":"1f5aa8cf-217c-44c8-9b31-233fd1a862d0","CartoDispl":1,"Shape__Len":2251.4507269474097},"geometry":{"type":"LineString","coordinates":[[-122.867334928690525,45.152148851456843],[-122.867656871387595,45.152606666904134],[-122.867709923519442,45.153155812423513],[-122.867614020703073,45.155716090111326],[-122.867558179133553,45.158268388421881]]}},
{"type":"Feature","properties":{"OBJECTID":2307.0,"FENAME":null,"MILES":0.43147234,"Source":"Orthoimagery and lidar","Edit_date":"2012/04/03 08:18:03.000","GlobalID":"a2d81046-d6f8-4168-a54d-f57b2d70bd1a","CartoDispl":1,"Shape__Len":2278.1784511621581},"geometry":{"type":"LineString","coordinates":[[-122.857121031743844,45.136867495419388],[-122.856561053031939,45.136521902354787],[-122.854926798977402,45.135819601161138],[-122.851833324977491,45.13474004103211],[-122.849900641542874,45.134879906375453],[-122.849659791588252,45.135406527334361]]}},
{"type":"Feature","properties":{"OBJECTID":4160.0,"FENAME":null,"MILES":2.18415339,"Source":"Orthoimagery and lidar","Edit_date":"2020/01/28 15:56:47.000","GlobalID":"c31feece-50b0-45f3-bf16-27be09c01d83","CartoDispl":12,"Shape__Len":2302.181199607247},"geometry":{"type":"LineString","coordinates":[[-122.295710670635302,45.255624428311002],[-122.29230903688385,45.249784948182786]]}},
{"type":"Feature","properties":{"OBJECTID":2337.0,"FENAME":null,"MILES":0.43639065,"Source":"Orthoimagery and lidar","Edit_date":"2012/04/03 08:18:03.000","GlobalID":"be27830c-bde9-4081-a6dc-987e5e4f4ed3","CartoDispl":1,"Shape__Len":2304.1471657825209},"geometry":{"type":"LineString","coordinates":[[-122.863928504256748,45.156714320428868],[-122.864569869143224,45.156836810085807],[-122.86586392101583,45.156867163251228],[-122.865927032160229,45.15570819464191],[-122.865969482484729,45.153806465480855],[-122.864894378071597,45.152964075798103],[-122.864391074888431,45.152760121548056],[-122.863929278613739,45.152762795413153]]}},
{"type":"Feature","properties":{"OBJECTID":2416.0,"FENAME":null,"MILES":0.43825996,"Source":"Orthoimagery and lidar","Edit_date":"2013/10/07 08:47:00.000","GlobalID":"4d212790-ddf2-4127-89e6-388f8fa6db41","CartoDispl":1,"Shape__Len":2314.0173103041598},"geometry":{"type":"LineString","coordinates":[[-122.850071320819509,45.21176130203331],[-122.848346206113362,45.211431545059583],[-122.841467489201918,45.209947106896308]]}},
{"type":"Feature","properties":{"OBJECTID":2291.0,"FENAME":null,"MILES":0.45170866,"Source":"Orthoimagery and lidar","Edit_date":"2012/04/03 08:18:03.000","GlobalID":"738d9e13-52c7-4d6d-a37b-d8c20dc8f0fe","CartoDispl":1,"Shape__Len":2385.0264382587116},"geometry":{"type":"LineString","coordinates":[[-122.862125396155633,45.142607211208585],[-122.86484392815683,45.136562501165052],[-122.865090168709898,45.136657443019722]]}},
{"type":"Feature","properties":{"OBJECTID":2289.0,"FENAME":null,"MILES":0.455185,"Source":"Orthoimagery and lidar","Edit_date":"2012/04/03 08:18:03.000","GlobalID":"eca2431d-95db-42e9-882d-00db923fafac","CartoDispl":1,"Shape__Len":2403.3814684922982},"geometry":{"type":"LineString","coordinates":[[-122.836630774734829,45.145380263358142],[-122.836159319579664,45.145185505108508],[-122.827401554651559,45.144864235210044]]}},
{"type":"Feature","properties":{"OBJECTID":3996.0,"FENAME":null,"MILES":1.05877389,"Source":"100k and 24k DRG","Edit_date":"2019/10/11 08:08:06.000","GlobalID":"d8c9460f-ef96-4ddb-b0e5-97d73993649f","CartoDispl":1,"Shape__Len":2430.1038153520421},"geometry":{"type":"LineString","coordinates":[[-122.80920041891784,45.605885597294893],[-122.807644436008601,45.606549049231354],[-122.805182156000768,45.607615984697013],[-122.802891244467332,45.60858414684504],[-122.801327514464674,45.609252000856635],[-122.801225878198807,45.609431845508233]]}},
{"type":"Feature","properties":{"OBJECTID":1656.0,"FENAME":null,"MILES":0.46537682,"Source":"100k and 24k DRG","Edit_date":"2006/01/12 16:00:00.000","GlobalID":"45411f96-253e-46b1-b15d-b489defc6180","CartoDispl":1,"Shape__Len":2457.1945893886545},"geometry":{"type":"LineString","coordinates":[[-122.895513662978132,45.556865487431558],[-122.896442967140189,45.556875341366577],[-122.896603891403615,45.550790779614189]]}},
{"type":"Feature","properties":{"OBJECTID":2299.0,"FENAME":null,"MILES":0.46866906,"Source":"Orthoimagery and lidar","Edit_date":"2012/04/03 08:18:03.000","GlobalID":"cd7cd277-3ced-42eb-b023-9c6eb77978a9","CartoDispl":1,"Shape__Len":2474.5777237528232},"geometry":{"type":"LineString","coordinates":[[-122.843980063690438,45.143338676668009],[-122.845412116246237,45.143294960249044],[-122.846297015188981,45.143205309240194],[-122.847837223231693,45.142844913451697],[-122.847651164395586,45.142248475797572],[-122.847688233856019,45.141676031484742],[-122.847940798506386,45.140941941300731],[-122.848933768248756,45.139012797303685]]}},
{"type":"Feature","properties":{"OBJECTID":2150.0,"FENAME":null,"MILES":0.47219058,"Source":"Orthoimagery and lidar","Edit_date":"2010/12/30 16:00:00.000","GlobalID":"7f45194e-d96f-4069-9b80-143eaa28414e","CartoDispl":1,"Shape__Len":2493.1711352627894},"geometry":{"type":"LineString","coordinates":[[-123.010421245059874,44.910750439553865],[-123.010280090056924,44.908326312310862],[-123.009861032490704,44.906970122595574],[-123.00919648487961,44.905211243879243],[-123.008866006582579,44.904030980689356]]}},
{"type":"Feature","properties":{"OBJECTID":1651.0,"FENAME":null,"MILES":0.47922138,"Source":"100k and 24k DRG","Edit_date":"2019/10/11 08:07:47.000","GlobalID":"6902f483-927a-48ba-9e9a-6637f5902e08","CartoDispl":1,"Shape__Len":2530.2939326238047},"geometry":{"type":"LineString","coordinates":[[-122.809685053869785,45.605841393761757],[-122.809083084740138,45.606092424625139],[-122.806182582969299,45.607343160941774],[-122.803469818853216,45.608508646094421],[-122.801225878198807,45.609431845508233]]}},
{"type":"Feature","properties":{"OBJECTID":2281.0,"FENAME":null,"MILES":0.48184384,"Source":"Orthoimagery and lidar","Edit_date":"2012/04/03 08:18:03.000","GlobalID":"e267b33b-abc3-4aa7-b3c7-bd3eb280d34a","CartoDispl":1,"Shape__Len":2544.1405440689095},"geometry":{"type":"LineString","coordinates":[[-122.86884075660646,45.149685534389754],[-122.867542723740755,45.149555256041715],[-122.864411272097655,45.149534422319988],[-122.863841914308139,45.153347915130674]]}},
{"type":"Feature","properties":{"OBJECTID":1654.0,"FENAME":null,"MILES":0.49364233,"Source":"100k and 24k DRG","Edit_date":"2006/01/12 16:00:00.000","GlobalID":"d22e296c-7fb0-46e1-8bd2-b80ac1dc417c","CartoDispl":1,"Shape__Len":2606.4369145664837},"geometry":{"type":"LineString","coordinates":[[-122.89551373593298,45.557045498816017],[-122.896763321176266,45.557064639883933],[-122.896892948787368,45.550795546093582]]}},
{"type":"Feature","properties":{"OBJECTID":2470.0,"FENAME":null,"MILES":0.50069878,"Source":"Orthoimagery and lidar","Edit_date":"2014/06/19 06:19:27.000","GlobalID":"ebe8b385-c704-4337-aaf3-041f4becf049","CartoDispl":1,"Shape__Len":2643.695013297076},"geometry":{"type":"LineString","coordinates":[[-123.063256115215594,45.000128501310307],[-123.064392460789108,45.000059380727208],[-123.066474148550327,45.000083507576328],[-123.071437581407238,45.000860744450883],[-123.073048750677415,45.000886424260258],[-123.073325217434373,45.000976930075481]]}},
{"type":"Feature","properties":{"OBJECTID":2482.0,"FENAME":null,"MILES":0.50300128,"Source":"Orthoimagery and lidar","Edit_date":"2014/06/19 06:19:27.000","GlobalID":"8d7c6774-e6da-4aec-a8ea-3cc0e78ce072","CartoDispl":1,"Shape__Len":2655.8520983221042},"geometry":{"type":"LineString","coordinates":[[-122.992669260224517,44.978834764640538],[-122.993693993697391,44.979058695160475],[-122.994091288416698,44.97908527332325],[-122.995409491368676,44.979223778225531],[-122.996386977583498,44.979211466418981],[-122.997056106545529,44.979803295897895],[-123.000512046119184,44.980712719168515],[-123.001021427745499,44.980754422641503],[-123.002160938238035,44.981054877142988]]}},
{"type":"Feature","properties":{"OBJECTID":2427.0,"FENAME":null,"MILES":0.51511932,"Source":"Orthoimagery and lidar","Edit_date":"2020/01/28 16:27:45.000","GlobalID":"4e8ec3d3-0e61-4ca4-aed4-0459dd3e47ba","CartoDispl":100,"Shape__Len":2719.8356090500206},"geometry":{"type":"LineString","coordinates":[[-122.58118268428143,45.202478588955628],[-122.581314146147577,45.200932681382461],[-122.58132430519926,45.200567364086879],[-122.58124891420897,45.1994650430373],[-122.581109192648881,45.198529862337885],[-122.581147230518852,45.197641234714439],[-122.582036903247698,45.196288970386455],[-122.582942261551423,45.195367931400277]]}},
{"type":"Feature","properties":{"OBJECTID":1655.0,"FENAME":null,"MILES":0.5156195,"Source":"100k and 24k DRG","Edit_date":"2006/01/12 16:00:00.000","GlobalID":"4d6dc9c1-0cfc-48a7-ba1f-297775b3be4e","CartoDispl":1,"Shape__Len":2722.4762758088395},"geometry":{"type":"LineString","coordinates":[[-122.895497800791247,45.557207511494966],[-122.896982072782222,45.557217870584708],[-122.897158370557392,45.550795797785391]]}},
{"type":"Feature","properties":{"OBJECTID":3892.0,"FENAME":null,"MILES":null,"Source":"Orthoimagery and lidar","Edit_date":"2020/01/28 16:27:46.000","GlobalID":"79df5c5e-2c26-4a14-a204-617e397b1867","CartoDispl":100,"Shape__Len":2730.210202211932},"geometry":{"type":"LineString","coordinates":[[-122.528170177464901,45.4023443976712],[-122.528168984085312,45.402458112610098],[-122.528166823610093,45.40266392615856],[-122.528165654475004,45.402775283431978],[-122.528163538897587,45.402976859885833],[-122.528156551924369,45.403642529171712],[-122.528304266646458,45.403878103302723],[-122.528951218473807,45.404250848976645],[-122.52895488441284,45.405920781706577],[-122.528920017916334,45.407576499011974],[-122.528920558120348,45.408073617231743],[-122.528894686665254,45.409142744152561],[-122.528992675218447,45.409405974145223],[-122.529066310028895,45.409577347006071]]}},
{"type":"Feature","properties":{"OBJECTID":3834.0,"FENAME":null,"MILES":null,"Source":"Orthoimagery and lidar","Edit_date":"2018/11/15 09:42:31.000","GlobalID":"b6a563d4-36aa-4f1e-ac54-988e41c05580","CartoDispl":1,"Shape__Len":2829.2440214292915},"geometry":{"type":"LineString","coordinates":[[-122.99136777768075,45.004487596639883],[-122.994864347499828,44.997133834883662]]}},
{"type":"Feature","properties":{"OBJECTID":2476.0,"FENAME":null,"MILES":0.54361902,"Source":"Orthoimagery and lidar","Edit_date":"2014/06/19 06:19:27.000","GlobalID":"dd776453-b1c0-40a4-bf72-ed97caa66b52","CartoDispl":1,"Shape__Len":2870.3140652913203},"geometry":{"type":"LineString","coordinates":[[-123.037478370420359,44.989774961516495],[-123.027497020501656,44.989747495479314],[-123.02750656830267,44.990538088853114]]}},
{"type":"Feature","properties":{"OBJECTID":2171.0,"FENAME":null,"MILES":0.54736369,"Source":"Orthoimagery and lidar","Edit_date":"2010/12/30 16:00:00.000","GlobalID":"0581fc7d-67c6-4028-a19d-e6d84fe9063a","CartoDispl":1,"Shape__Len":2890.0862873489054},"geometry":{"type":"LineString","coordinates":[[-123.023528294617591,44.954799064685353],[-123.022449239955236,44.954530005493453],[-123.019116404379716,44.953696072686689],[-123.015271892454848,44.952743664603432],[-123.014437817389293,44.952670671677957],[-123.01425070221687,44.95271791364307],[-123.013756384895203,44.953630487285992]]}},
{"type":"Feature","properties":{"OBJECTID":2162.0,"FENAME":null,"MILES":0.55223072,"Source":"Orthoimagery and lidar","Edit_date":"2010/12/30 16:00:00.000","GlobalID":"2ed93a4b-0785-4c3d-a1e3-4e5aa099aab8","CartoDispl":1,"Shape__Len":2915.7839510530657},"geometry":{"type":"LineString","coordinates":[[-123.042046859095279,44.90485898572939],[-123.041123722288546,44.903736302082422],[-123.040642754734094,44.902907430033757],[-123.039265175275133,44.900157719296651],[-123.038653766027124,44.898797508512914],[-123.038010790774663,44.897416184900173]]}},
{"type":"Feature","properties":{"OBJECTID":4198.0,"FENAME":null,"MILES":null,"Source":null,"Edit_date":"2020/03/10 16:32:36.000","GlobalID":"142644ee-e449-4cee-80b2-8d42fbb7a3c9","CartoDispl":1,"Shape__Len":2939.6690944322327},"geometry":{"type":"LineString","coordinates":[[-123.010912065903668,44.956133941275731],[-123.007426098328736,44.95602080889055],[-123.006554173428739,44.956591376065653],[-123.00363286204562,44.956410686575808],[-123.003672030466817,44.954192608018246],[-123.004060478015333,44.953844712144317]]}},
{"type":"Feature","properties":{"OBJECTID":1691.0,"FENAME":null,"MILES":0.5619571,"Source":"100k and 24k DRG","Edit_date":"2006/01/12 16:00:00.000","GlobalID":"5a0be41c-a79d-4352-9903-d8570a29194a","CartoDispl":1,"Shape__Len":2967.1394228737104},"geometry":{"type":"LineString","coordinates":[[-122.825883392467219,45.573679820730057],[-122.82589070792514,45.572347670991185],[-122.825897828308598,45.570047939144374],[-122.825913098617036,45.567190139755979],[-122.825928197977419,45.565542976477126]]}},
{"type":"Feature","properties":{"OBJECTID":2331.0,"FENAME":null,"MILES":0.56667289,"Source":"Orthoimagery and lidar","Edit_date":"2012/04/03 08:18:03.000","GlobalID":"71fcbf61-1d13-484d-8427-576559cd0c17","CartoDispl":1,"Shape__Len":2992.0388574507115},"geometry":{"type":"LineString","coordinates":[[-122.870201486569186,45.155762432290814],[-122.869342558297632,45.15575168169655],[-122.868453652372835,45.155748692521122],[-122.867614020703073,45.155716090111326],[-122.866714728413513,45.155706156154885],[-122.865927032160229,45.15570819464191],[-122.865006968039509,45.155684386958455],[-122.864198200776997,45.155665411798957],[-122.863338094657266,45.15562605588643],[-122.858608082617536,45.155545246670357]]}},
{"type":"Feature","properties":{"OBJECTID":264.0,"FENAME":null,"MILES":0.59286216,"Source":"Orthoimagery and lidar","Edit_date":"2020/01/28 08:36:54.000","GlobalID":"b721231b-3062-4a9a-b48b-12b26684f87d","CartoDispl":12,"Shape__Len":3130.3185692522643},"geometry":{"type":"LineString","coordinates":[[-122.779412152829806,45.331778958652251],[-122.779333112618303,45.323193604436632]]}},
{"type":"Feature","properties":{"OBJECTID":19.0,"FENAME":null,"MILES":0.5961115,"Source":"Orthoimagery and lidar","Edit_date":"2010/12/30 16:00:00.000","GlobalID":"04bb4347-1fc2-4ece-85ac-d83d44d80af2","CartoDispl":1,"Shape__Len":3147.474864789081},"geometry":{"type":"LineString","coordinates":[[-123.310897945546259,45.607584759047604],[-123.310192117262275,45.607405884909561],[-123.304051730738323,45.605849681441917],[-123.30175703446217,45.605267765147879],[-123.300744910150101,45.605807511146246],[-123.300087834953771,45.606157662869521],[-123.299702904277623,45.606361696238189]]}},
{"type":"Feature","properties":{"OBJECTID":1699.0,"FENAME":null,"MILES":0.59634002,"Source":"100k and 24k DRG","Edit_date":"2006/01/12 16:00:00.000","GlobalID":"83e974e6-0838-4269-ba89-cde46bb81ca9","CartoDispl":1,"Shape__Len":3148.6816022929288},"geometry":{"type":"LineString","coordinates":[[-122.843347903590768,45.506476310924263],[-122.841084484925489,45.505343546413862],[-122.83793867280788,45.503804423375612],[-122.838210929637626,45.501910071192576],[-122.838452161753935,45.500087695948871],[-122.838475268540662,45.499835700711827]]}},
{"type":"Feature","properties":{"OBJECTID":1694.0,"FENAME":null,"MILES":1.05877389,"Source":"100k and 24k DRG","Edit_date":"2019/10/11 08:08:12.000","GlobalID":"6524a2dc-ff43-4c6d-a999-8a13c0da3bff","CartoDispl":1,"Shape__Len":3160.2334916294903},"geometry":{"type":"LineString","coordinates":[[-122.80920041891784,45.605885597294893],[-122.808973802254854,45.602167819819499],[-122.808825665331767,45.598477183693255],[-122.808732158863108,45.597225903056327]]}},
{"type":"Feature","properties":{"OBJECTID":1637.0,"FENAME":null,"MILES":0.60597915,"Source":"100k and 24k DRG","Edit_date":"2006/01/12 16:00:00.000","GlobalID":"20101494-5061-457c-9b77-2abf6e94f3ca","CartoDispl":1,"Shape__Len":3199.5761984197643},"geometry":{"type":"LineString","coordinates":[[-122.809669457281643,45.605836869548604],[-122.809591544672386,45.604585612219196],[-122.809349410471455,45.601182839338222],[-122.809153914384595,45.598459733797881],[-122.809052443582175,45.597073419985762]]}},
{"type":"Feature","properties":{"OBJECTID":2235.0,"FENAME":null,"MILES":0.62338195,"Source":"Orthoimagery and lidar","Edit_date":"2010/12/30 16:00:00.000","GlobalID":"b60fa91f-a38f-4afa-825e-607a71315181","CartoDispl":1,"Shape__Len":3291.4635045688992},"geometry":{"type":"LineString","coordinates":[[-123.015059469851138,44.887747786770809],[-123.017243639606775,44.888996060482548],[-123.020993451716762,44.891026751271141],[-123.022157413841555,44.891377056703234],[-123.025371004143707,44.892974583990963]]}},
{"type":"Feature","properties":{"OBJECTID":2417.0,"FENAME":null,"MILES":0.62403574,"Source":"Orthoimagery and lidar","Edit_date":"2013/10/07 08:47:00.000","GlobalID":"4b0842e8-d7fc-4c3e-affc-d9a9fb6d24d0","CartoDispl":1,"Shape__Len":3294.9153090215577},"geometry":{"type":"LineString","coordinates":[[-122.841138514209888,45.203372716465864],[-122.846351666111957,45.204419425817413],[-122.850059725858955,45.205119308815235],[-122.853448523247081,45.20580991865873]]}},
{"type":"Feature","properties":{"OBJECTID":4161.0,"FENAME":null,"MILES":0.55812624,"Source":"Orthoimagery and lidar","Edit_date":"2020/01/28 16:00:48.000","GlobalID":"a9af754f-36f3-49fb-ad33-72697bd1599a","CartoDispl":12,"Shape__Len":3388.9873928156703},"geometry":{"type":"LineString","coordinates":[[-122.560672797897553,45.339266879861981],[-122.565308640224771,45.339774455541814],[-122.570578138711113,45.339579606748686],[-122.573787226589303,45.339489721595584]]}},
{"type":"Feature","properties":{"OBJECTID":2230.0,"FENAME":null,"MILES":0.65268339,"Source":"Orthoimagery and lidar","Edit_date":"2010/12/30 16:00:00.000","GlobalID":"26e1d67b-7caa-48e4-9e61-e4293a9a4f9f","CartoDispl":1,"Shape__Len":3446.1751161051616},"geometry":{"type":"LineString","coordinates":[[-123.020063166960114,44.904582297908064],[-123.017781987513544,44.90596074105688],[-123.016394114474906,44.906890728593133],[-123.01422352125941,44.908277149170729],[-123.010421245059874,44.910750439553865],[-123.010200453595914,44.91092263107592]]}},
{"type":"Feature","properties":{"OBJECTID":2149.0,"FENAME":null,"MILES":0.67336743,"Source":"Orthoimagery and lidar","Edit_date":"2010/12/30 16:00:00.000","GlobalID":"14db8a0a-b2ee-4ed5-8eec-fbd30d31231b","CartoDispl":1,"Shape__Len":3555.3870597215864},"geometry":{"type":"LineString","coordinates":[[-123.010897257004842,44.898211763599164],[-123.01122761766257,44.898021493134799],[-123.011876175197315,44.897871378808432],[-123.01316999748866,44.898690657131581],[-123.016768235006253,44.901573064280349],[-123.019760309794449,44.904557519807767],[-123.020063166960114,44.904582297908064]]}},
{"type":"Feature","properties":{"OBJECTID":2231.0,"FENAME":null,"MILES":0.69232161,"Source":"Orthoimagery and lidar","Edit_date":"2010/12/30 16:00:00.000","GlobalID":"a318c789-ed42-4550-8840-2bd85bd5fd2f","CartoDispl":1,"Shape__Len":3655.4653761049158},"geometry":{"type":"LineString","coordinates":[[-123.020093466829437,44.904525157095179],[-123.019817558317129,44.904519653222231],[-123.016802972600189,44.901525228198331],[-123.013183352573492,44.898658980121439],[-123.011888630061407,44.89781879770203],[-123.01090664735834,44.897745996558903],[-123.01052616627976,44.897968742091003]]}},
{"type":"Feature","properties":{"OBJECTID":2169.0,"FENAME":null,"MILES":0.69529557,"Source":"Orthoimagery and lidar","Edit_date":"2010/12/30 16:00:00.000","GlobalID":"baeb46b8-a8c8-4f41-bcda-8c09adf86a4c","CartoDispl":1,"Shape__Len":3671.167941277949},"geometry":{"type":"LineString","coordinates":[[-123.044010123567432,44.933295821191969],[-123.043180131548823,44.933266373922088],[-123.040829143536016,44.93262732949546],[-123.037359234535472,44.931724995734825],[-123.036552211278789,44.931646775722712],[-123.033259503167713,44.930778806867004],[-123.031888666557535,44.930468269779276],[-123.031196326851713,44.930075694984986],[-123.03076818460373,44.9299175617735]]}},
{"type":"Feature","properties":{"OBJECTID":2161.0,"FENAME":null,"MILES":0.70511377,"Source":"Orthoimagery and lidar","Edit_date":"2010/12/30 16:00:00.000","GlobalID":"d5b54a8b-656b-4bf2-8eb3-5a52f8f74961","CartoDispl":1,"Shape__Len":3723.0081669511278},"geometry":{"type":"LineString","coordinates":[[-123.029527784132014,44.913312038908153],[-123.030663469075847,44.913319867653044],[-123.032273847828847,44.913306375850432],[-123.043899972663439,44.913225327057042]]}},
{"type":"Feature","properties":{"OBJECTID":2192.0,"FENAME":null,"MILES":0.7059898,"Source":"Orthoimagery and lidar","Edit_date":"2010/12/30 16:00:00.000","GlobalID":"cd436819-0af8-4f02-90c8-0ef5d84c91ae","CartoDispl":1,"Shape__Len":3727.6335493386241},"geometry":{"type":"LineString","coordinates":[[-122.983620710750643,44.925541996082075],[-122.977992967231756,44.925578604041867],[-122.97792478993594,44.928077671132606],[-122.977901945956816,44.929673851778375],[-122.977873947522113,44.931805343134606]]}},
{"type":"Feature","properties":{"OBJECTID":1644.0,"FENAME":null,"MILES":0.70606447,"Source":"Orthoimagery and lidar","Edit_date":"2010/12/30 16:00:00.000","GlobalID":"7e81b8c6-174b-4cde-8584-4eb3d3d912a0","CartoDispl":1,"Shape__Len":3728.027955949608},"geometry":{"type":"LineString","coordinates":[[-122.763781270421489,45.61504904478894],[-122.761982091114774,45.615792379081419],[-122.760324222861016,45.616472983080747],[-122.758728188192308,45.617117670498608],[-122.757234380936282,45.617753587184232],[-122.755700921902445,45.618371371128667],[-122.75404293680144,45.619047367766179],[-122.752478389916433,45.61970105658515],[-122.751211053745266,45.620215861880283]]}},
{"type":"Feature","properties":{"OBJECTID":2178.0,"FENAME":null,"MILES":0.71115407,"Source":"Orthoimagery and lidar","Edit_date":"2010/12/30 16:00:00.000","GlobalID":"87248b48-d5e5-4860-b434-dcf39a4c6f3f","CartoDispl":1,"Shape__Len":3754.90105331831},"geometry":{"type":"LineString","coordinates":[[-122.97359519464743,44.950358535392908],[-122.973821096557572,44.950306053960645],[-122.981778015345711,44.950287932222196],[-122.983549783509901,44.95029751809794],[-122.984004814474275,44.950268681142497],[-122.988086261573315,44.950314295970642]]}},
{"type":"Feature","properties":{"OBJECTID":3863.0,"FENAME":null,"MILES":null,"Source":"Orthoimagery and lidar","Edit_date":"2019/03/26 09:34:42.000","GlobalID":"a8265c32-2dbc-47fd-a57f-62018620f486","CartoDispl":1,"Shape__Len":3825.840117121686},"geometry":{"type":"LineString","coordinates":[[-122.906555148538828,45.556929687830447],[-122.905140520049017,45.5555561844903],[-122.903828055588747,45.554093133510449],[-122.898491274734482,45.55217772722002],[-122.895781298765371,45.551764649348975],[-122.895719185515176,45.550857124478895]]}},
{"type":"Feature","properties":{"OBJECTID":1832.0,"FENAME":null,"MILES":0.74330661,"Source":"100k and 24k DRG","Edit_date":"2020/01/28 16:27:45.000","GlobalID":"371f4787-d92e-4a5a-85c1-1ad3d660e8c8","CartoDispl":100,"Shape__Len":3924.6667905327113},"geometry":{"type":"LineString","coordinates":[[-122.319599274187411,45.272369920878823],[-122.321698662977255,45.276928258120599],[-122.323385176126266,45.279107674730255],[-122.326930440561554,45.281536624302532]]}},
{"type":"Feature","properties":{"OBJECTID":2332.0,"FENAME":null,"MILES":0.74824301,"Source":"Orthoimagery and lidar","Edit_date":"2012/04/03 08:18:03.000","GlobalID":"db31ee2b-8c25-4623-8c1e-dec2035dbcd9","CartoDispl":1,"Shape__Len":3950.7307839200635},"geometry":{"type":"LineString","coordinates":[[-122.863338094657266,45.15562605588643],[-122.862691732959945,45.158069090822963],[-122.86591477148437,45.1580952294971],[-122.865974868671117,45.159058699361132],[-122.865870678752302,45.160933122815514],[-122.865810438968751,45.162649421163501],[-122.867706606899731,45.162710540953199],[-122.867853136732904,45.162575025419592]]}},
{"type":"Feature","properties":{"OBJECTID":1643.0,"FENAME":null,"MILES":0.74887706,"Source":"100k and 24k DRG","Edit_date":"2006/01/12 16:00:00.000","GlobalID":"9440fcd6-0c4f-4310-9bc0-1b70c8a97583","CartoDispl":1,"Shape__Len":3954.078751238389},"geometry":{"type":"LineString","coordinates":[[-122.782411916131252,45.61736332801037],[-122.781614196639978,45.617280785389553],[-122.780550966936417,45.617139241274892],[-122.778651193349049,45.616901544726737],[-122.776720048046428,45.61669527196392],[-122.774804677005477,45.61645749063689],[-122.77087980668361,45.615981606543968],[-122.768972058790084,45.615748233807189],[-122.767182091038975,45.615537594718745]]}},
{"type":"Feature","properties":{"OBJECTID":2234.0,"FENAME":null,"MILES":0.75201819,"Source":"Orthoimagery and lidar","Edit_date":"2010/12/30 16:00:00.000","GlobalID":"9e0f6e43-fb76-40bd-b7a5-37d711e4d41c","CartoDispl":1,"Shape__Len":3970.6640028317843},"geometry":{"type":"LineString","coordinates":[[-123.010085572114264,44.897743757279613],[-123.009758058796891,44.897528509318811],[-123.010879622651771,44.895890040884581],[-123.01195537065648,44.894942664690291],[-123.012869245397027,44.892867788059277],[-123.014327337827623,44.889155457651881],[-123.014633117472286,44.888366671666176],[-123.015059469851138,44.887747786770809]]}},
{"type":"Feature","properties":{"OBJECTID":2318.0,"FENAME":null,"MILES":0.75226324,"Source":"Orthoimagery and lidar","Edit_date":"2012/04/03 08:18:03.000","GlobalID":"52bae2cc-b0ee-419e-94c9-321dc0501a95","CartoDispl":1,"Shape__Len":3971.9579599539566},"geometry":{"type":"LineString","coordinates":[[-122.851987763276497,45.146046613848966],[-122.850474131722862,45.1458801227013],[-122.847492173890572,45.145805728318216],[-122.846581780945741,45.145767283141488],[-122.844428045130158,45.145697214067248],[-122.841484416355001,45.14557185282316],[-122.83956099766246,45.145454089455633],[-122.837003414111706,45.145385013149543],[-122.836630774734829,45.145380263358142]]}},
{"type":"Feature","properties":{"OBJECTID":1638.0,"FENAME":null,"MILES":0.756575,"Source":"100k and 24k DRG","Edit_date":"2019/10/11 08:06:45.000","GlobalID":"f49be86c-1ac6-49b9-9b0f-6da00121c472","CartoDispl":1,"Shape__Len":3994.723952346561},"geometry":{"type":"LineString","coordinates":[[-122.782411916131252,45.61736332801037],[-122.782052109474478,45.617430150023225],[-122.781418765276072,45.617442438280342],[-122.78049614192372,45.617323659850364],[-122.777540676502881,45.616962402231451],[-122.775101325361163,45.616647080294506],[-122.772122992572235,45.616312640164772],[-122.770559362855437,45.616124981833835],[-122.767025474154565,45.615708269900054]]}},
{"type":"Feature","properties":{"OBJECTID":2163.0,"FENAME":null,"MILES":0.7713326,"Source":"Orthoimagery and lidar","Edit_date":"2010/12/30 16:00:00.000","GlobalID":"c244df0e-54fe-4caa-beea-fe31faffb7bb","CartoDispl":1,"Shape__Len":4072.6441250333864},"geometry":{"type":"LineString","coordinates":[[-123.038653766027124,44.898797508512914],[-123.039521548374026,44.898647602692918],[-123.041203395635208,44.898523385724808],[-123.043847092507832,44.897593012203671],[-123.048739163483802,44.897572349750774],[-123.054031554370042,44.897586234158702]]}},
{"type":"Feature","properties":{"OBJECTID":2177.0,"FENAME":null,"MILES":0.77874068,"Source":"Orthoimagery and lidar","Edit_date":"2010/12/30 16:00:00.000","GlobalID":"6b8c934f-b960-4868-b847-c723aaae5ea6","CartoDispl":1,"Shape__Len":4111.7591230968064},"geometry":{"type":"LineString","coordinates":[[-122.973624720562412,44.949157224800452],[-122.957742972517309,44.948991010242892]]}},
{"type":"Feature","properties":{"OBJECTID":487.0,"FENAME":null,"MILES":0.75254321,"Source":"Orthoimagery and lidar","Edit_date":"2020/01/28 15:54:28.000","GlobalID":"698f5d17-e178-400c-bf17-75b269389d95","CartoDispl":12,"Shape__Len":4176.7888760860114},"geometry":{"type":"LineString","coordinates":[[-122.559503026150452,45.327203121662947],[-122.559497677060705,45.33128764966159],[-122.559474209035557,45.333392735700372],[-122.559470361672012,45.335420110347258],[-122.559464381802997,45.337268903103869],[-122.559526468844467,45.338658041003846]]}},
{"type":"Feature","properties":{"OBJECTID":2484.0,"FENAME":null,"MILES":0.79739534,"Source":"Orthoimagery and lidar","Edit_date":"2014/06/19 06:19:27.000","GlobalID":"f244a377-bda8-470a-ae64-bd4bd48d5ed5","CartoDispl":1,"Shape__Len":4210.2558551930615},"geometry":{"type":"LineString","coordinates":[[-123.001576150044485,44.997129458309267],[-123.002126864809142,44.996976960951372],[-123.005441482898746,44.996878852298352],[-123.013363446055536,44.996794854334873],[-123.017809209344819,44.996794819964485]]}},
{"type":"Feature","properties":{"OBJECTID":2333.0,"FENAME":null,"MILES":0.80088273,"Source":"Orthoimagery and lidar","Edit_date":"2012/04/03 08:18:03.000","GlobalID":"40803502-14d3-4324-9554-31d971726f55","CartoDispl":1,"Shape__Len":4228.6693185940594},"geometry":{"type":"LineString","coordinates":[[-122.868464613065811,45.158449673775465],[-122.868373522495048,45.158201451893468],[-122.868453652372835,45.155748692521122],[-122.868538836411417,45.153174343652545],[-122.869326795014175,45.153179426936184],[-122.869395210318771,45.154585781597078],[-122.869342558297632,45.15575168169655],[-122.869237841831861,45.158097762412801],[-122.868672338088345,45.158831249804216]]}},
{"type":"Feature","properties":{"OBJECTID":2279.0,"FENAME":null,"MILES":0.80466452,"Source":"Orthoimagery and lidar","Edit_date":"2012/04/03 08:18:03.000","GlobalID":"fe4291ac-3b88-438d-85e1-6e6db4c4b506","CartoDispl":1,"Shape__Len":4248.6368542861892},"geometry":{"type":"LineString","coordinates":[[-122.868729776933407,45.167009432148241],[-122.868707424014374,45.163523064919303],[-122.869362917307143,45.162766272927293],[-122.873628403870683,45.162834871206982],[-122.873714001854665,45.158574037742333]]}},
{"type":"Feature","properties":{"OBJECTID":1837.0,"FENAME":null,"MILES":0.81154831,"Source":"Orthoimagery and lidar","Edit_date":"2020/01/28 15:56:47.000","GlobalID":"d006072a-7dd4-4474-b620-5112c919b7ec","CartoDispl":12,"Shape__Len":4284.9836771252685},"geometry":{"type":"LineString","coordinates":[[-122.29230903688385,45.249784948182786],[-122.291051234832238,45.247754590201303],[-122.289293102251548,45.246135871713726],[-122.283437684382932,45.244469270458239],[-122.282918976622256,45.243849281783866],[-122.28176314216087,45.243670007131698],[-122.279698657708224,45.243414348057094]]}},
{"type":"Feature","properties":{"OBJECTID":4157.0,"FENAME":null,"MILES":1.48145901,"Source":"Orthoimagery and lidar","Edit_date":"2020/01/28 15:54:56.000","GlobalID":"c9dde768-5175-44b6-ab5f-f2dfbd5cbce2","CartoDispl":12,"Shape__Len":4291.3413689737672},"geometry":{"type":"LineString","coordinates":[[-122.558807069709317,45.32662977049948],[-122.558796418867743,45.328139984227064],[-122.55876209623186,45.338399591760655]]}},
{"type":"Feature","properties":{"OBJECTID":3885.0,"FENAME":null,"MILES":null,"Source":"Orthoimagery and lidar","Edit_date":"2020/01/28 16:27:46.000","GlobalID":"b34f74e0-2c34-4fd2-919a-4e0b4517e1a2","CartoDispl":100,"Shape__Len":4360.9065330743488},"geometry":{"type":"LineString","coordinates":[[-122.560526519631324,45.339238543253678],[-122.560833570157087,45.339421249232025],[-122.56175557939801,45.339519233755261],[-122.562251012501463,45.339586665876219],[-122.564837014034012,45.339850416591389],[-122.565301825323971,45.339911234805463],[-122.566386080099079,45.34095892843267],[-122.568247419225088,45.342771575593495],[-122.569299703674432,45.343772178841739],[-122.57089889162603,45.345332236383143],[-122.57239576806532,45.346767872016585]]}},
{"type":"Feature","properties":{"OBJECTID":2160.0,"FENAME":null,"MILES":0.83206253,"Source":"Orthoimagery and lidar","Edit_date":"2010/12/30 16:00:00.000","GlobalID":"ffa9f0eb-cb82-41cd-a974-327564457459","CartoDispl":1,"Shape__Len":4393.2990405584678},"geometry":{"type":"LineString","coordinates":[[-123.030986146983111,44.904746212743504],[-123.030920577412175,44.906871189243866],[-123.030698987502703,44.907421143126754],[-123.030640175529697,44.911368932887662],[-123.030663469075847,44.913319867653044],[-123.030632149275888,44.916774948374105]]}},
{"type":"Feature","properties":{"OBJECTID":1695.0,"FENAME":null,"MILES":0.33310497,"Source":"Orthoimagery and lidar","Edit_date":"2018/11/15 09:51:46.000","GlobalID":"ad5bc349-b0f3-44b5-9474-17bdb74fd0fe","CartoDispl":1,"Shape__Len":4399.5555955771224},"geometry":{"type":"LineString","coordinates":[[-122.844785302238677,45.561288472015981],[-122.845448269374316,45.559000065583639],[-122.846143786131648,45.556722297269509],[-122.846898781603855,45.55419472143096],[-122.847581914753576,45.551712396031817],[-122.847322686167786,45.549430286697216]]}},
{"type":"Feature","properties":{"OBJECTID":4199.0,"FENAME":null,"MILES":null,"Source":null,"Edit_date":"2020/03/10 16:32:56.000","GlobalID":"9090fe08-90d4-40ce-a2a1-fd5688921484","CartoDispl":1,"Shape__Len":4409.8169275333685},"geometry":{"type":"LineString","coordinates":[[-123.014290498224682,44.943703375497137],[-123.02244301719449,44.945689923442416],[-123.022815427919269,44.946010668419319],[-123.030228029811425,44.947800651181467]]}},
{"type":"Feature","properties":{"OBJECTID":1680.0,"FENAME":null,"MILES":0.8445912,"Source":"100k and 24k DRG","Edit_date":"2020/01/28 16:27:45.000","GlobalID":"bf30c888-c989-43df-80fe-4333c0967cec","CartoDispl":100,"Shape__Len":4459.450449974931},"geometry":{"type":"LineString","coordinates":[[-122.83535670952503,45.372234255592431],[-122.835240250734657,45.372342108629496],[-122.832468678302092,45.372311068815456],[-122.828062191544674,45.372484553414466],[-122.823756983062367,45.372419473123131],[-122.820463948602509,45.372589874887773],[-122.818097425781289,45.372559120016589]]}},
{"type":"Feature","properties":{"OBJECTID":4158.0,"FENAME":null,"MILES":1.93838204,"Source":"Orthoimagery and lidar","Edit_date":"2020/01/28 15:55:33.000","GlobalID":"64f7143d-e5f9-4c5f-94f1-9e03479b4e88","CartoDispl":12,"Shape__Len":4482.375645116882},"geometry":{"type":"LineString","coordinates":[[-122.319190274688424,45.267887302233163],[-122.318636773716264,45.268978174467939],[-122.318279594300392,45.269805926807699],[-122.318771115203432,45.26994008055712],[-122.319352128652625,45.269962510119939],[-122.319804593498461,45.269800450379073],[-122.324081975220025,45.269665115743898],[-122.326717023532055,45.269589590374409],[-122.332725314293214,45.269667727214788]]}},
{"type":"Feature","properties":{"OBJECTID":1667.0,"FENAME":null,"MILES":0.85213607,"Source":"Orthoimagery and lidar","Edit_date":"2010/12/30 16:00:00.000","GlobalID":"22c292ff-a4cc-4924-b41b-ef16c5ffafde","CartoDispl":1,"Shape__Len":4499.2876598595331},"geometry":{"type":"LineString","coordinates":[[-122.785056949806588,45.565819820925512],[-122.78507222985948,45.566742462298812],[-122.785095003232271,45.567912642375923],[-122.785156705872538,45.569055878816478],[-122.785148527350771,45.570149486983084],[-122.78316397355006,45.570186243968962],[-122.781171798411833,45.570218442395735],[-122.779164034772876,45.570246067194049],[-122.777351787686641,45.570256048559273],[-122.77555457952765,45.570306542997329],[-122.773750001264631,45.570298474429691]]}},
{"type":"Feature","properties":{"OBJECTID":2300.0,"FENAME":null,"MILES":0.8560133,"Source":"Orthoimagery and lidar","Edit_date":"2012/04/03 08:18:03.000","GlobalID":"9b4115b4-d9ee-4493-b39a-7fd291dfc8b1","CartoDispl":1,"Shape__Len":4519.7591345291348},"geometry":{"type":"LineString","coordinates":[[-122.854220978734901,45.139425523679066],[-122.855360920484827,45.138216445188839],[-122.856085658028277,45.137672675767092],[-122.858206383946182,45.136023414981857],[-122.860170925243338,45.134401104331985],[-122.860104018998243,45.129357368169579],[-122.860071593595492,45.128571971657152]]}},
{"type":"Feature","properties":{"OBJECTID":2423.0,"FENAME":null,"MILES":0.85892457,"Source":"Orthoimagery and lidar","Edit_date":"2020/01/28 16:27:45.000","GlobalID":"a117feaa-4d7b-4157-906b-cc7432804c60","CartoDispl":100,"Shape__Len":4535.130647471593},"geometry":{"type":"LineString","coordinates":[[-122.826780589246852,45.183553581786704],[-122.82592803399514,45.183604476492221],[-122.825522831866266,45.183486874905554],[-122.820620799422827,45.182375252281645],[-122.819968997683432,45.182210203173938],[-122.818399861567983,45.182462315971108],[-122.815946502266314,45.181206365507215],[-122.814964899474205,45.180770049907601],[-122.813944211918397,45.180832688878247],[-122.813364006597837,45.180786761912081],[-122.812958636451498,45.180663874889042],[-122.812586917644367,45.180456404535306],[-122.810967763669368,45.179471867255842]]}},
{"type":"Feature","properties":{"OBJECTID":1711.0,"FENAME":null,"MILES":0.86566462,"Source":"100k and 24k DRG","Edit_date":"2020/01/28 16:27:45.000","GlobalID":"4f70e67a-840a-4279-a99c-bf9e202d1deb","CartoDispl":100,"Shape__Len":4570.7181494908637},"geometry":{"type":"LineString","coordinates":[[-122.835512522877451,45.372320003630215],[-122.834889949378251,45.372863683454732],[-122.832507734097987,45.372869205164534],[-122.830265500832553,45.372906401195657],[-122.824294459345197,45.372969383165305],[-122.820580716009829,45.373017617023415],[-122.818097516631767,45.373031689167476]]}},
{"type":"Feature","properties":{"OBJECTID":3928.0,"FENAME":null,"MILES":0.86656619,"Source":"Orthoimagery and lidar","Edit_date":"2019/08/28 13:01:09.000","GlobalID":"13172701-fd87-4b5a-9264-0d1a6f78d9ea","CartoDispl":1,"Shape__Len":4575.478581812672},"geometry":{"type":"LineString","coordinates":[[-122.955094326412791,44.912550061385829],[-122.956443870797855,44.9136161950562],[-122.957126648881925,44.913906607625286],[-122.959221599736111,44.915882227712366],[-122.960153641647594,44.916357901178365],[-122.962379289583779,44.916977525606612],[-122.963791598073684,44.916756823260677],[-122.970177010148973,44.916791970852458]]}},
{"type":"Feature","properties":{"OBJECTID":2430.0,"FENAME":null,"MILES":0.88487323,"Source":"Orthoimagery and lidar","Edit_date":"2020/01/28 16:27:45.000","GlobalID":"f8e73f08-ad59-48fa-9616-b8018d744387","CartoDispl":100,"Shape__Len":4672.1400762531075},"geometry":{"type":"LineString","coordinates":[[-122.599405250802988,45.164619218539279],[-122.587277349593577,45.163372751854546],[-122.581474840465319,45.162795427094757]]}},
{"type":"Feature","properties":{"OBJECTID":2082.0,"FENAME":null,"MILES":0.88997052,"Source":"Orthoimagery and lidar","Edit_date":"2010/12/30 16:00:00.000","GlobalID":"ceba7007-a20d-4a25-9074-318ee60d4d4a","CartoDispl":1,"Shape__Len":4699.0539495542553},"geometry":{"type":"LineString","coordinates":[[-122.900034199671069,45.548367521366465],[-122.904642086223461,45.548972930246528],[-122.911594836639424,45.549882244263046],[-122.916513156787317,45.550609385307759],[-122.91645722628229,45.551701298868842]]}},
{"type":"Feature","properties":{"OBJECTID":2284.0,"FENAME":null,"MILES":0.91172032,"Source":"Orthoimagery and lidar","Edit_date":"2012/04/03 08:18:03.000","GlobalID":"575ca064-0848-43bd-8f01-529a77351314","CartoDispl":1,"Shape__Len":4813.8928344052902},"geometry":{"type":"LineString","coordinates":[[-122.85647655825305,45.141766432664681],[-122.852426967292672,45.140034896643591],[-122.850205383825255,45.139537576327982],[-122.846774904825836,45.13812180938497],[-122.843426470040484,45.136732841225047],[-122.843332844944825,45.135434188688208],[-122.843504468622271,45.135187699248391],[-122.844857114778875,45.135674421643486]]}},
{"type":"Feature","properties":{"OBJECTID":2298.0,"FENAME":null,"MILES":0.91209632,"Source":"Orthoimagery and lidar","Edit_date":"2012/04/03 08:18:03.000","GlobalID":"42ab16e8-36f3-4553-a31e-a783706c9e2c","CartoDispl":1,"Shape__Len":4815.8781668424708},"geometry":{"type":"LineString","coordinates":[[-122.845547376872517,45.13761263611449],[-122.844494280642294,45.140612628888228],[-122.844194347780387,45.142162329067986],[-122.844127431396672,45.142992640879008],[-122.843980063690438,45.143338676668009],[-122.839472480736077,45.14274516075325],[-122.838365350123382,45.142339092788404],[-122.833797602517436,45.142246807067465]]}},
{"type":"Feature","properties":{"OBJECTID":3871.0,"FENAME":null,"MILES":null,"Source":"Orthoimagery and lidar","Edit_date":"2020/01/28 15:54:15.000","GlobalID":"ffccbff5-f548-4914-9bd7-3287f79feac2","CartoDispl":12,"Shape__Len":4818.1927877680055},"geometry":{"type":"LineString","coordinates":[[-122.559220004455554,45.325164900100724],[-122.559218465820095,45.325805094651635],[-122.559221917831835,45.32695771484979],[-122.559217086373266,45.327887566127011],[-122.559224846261785,45.328941036251848],[-122.55920167535227,45.330596279629468],[-122.559210035370072,45.331661883904033],[-122.559220497179254,45.332667910655452],[-122.559196245757178,45.334359250919597],[-122.559199254397456,45.334799787260081],[-122.559226574361432,45.335686436273178],[-122.559191316148855,45.336237796468666],[-122.559172052303296,45.337357471030941],[-122.55916616932619,45.338378669377754]]}},
{"type":"Feature","properties":{"OBJECTID":204.0,"FENAME":null,"MILES":0.2580096,"Source":"Orthoimagery and lidar","Edit_date":"2020/01/28 16:01:10.000","GlobalID":"10c7d4b9-e9c2-49b7-a6b2-4fcbe511e891","CartoDispl":12,"Shape__Len":4910.4664047627348},"geometry":{"type":"LineString","coordinates":[[-122.556861204637769,45.352298648050862],[-122.557024008332334,45.350719125725675],[-122.55949087086438,45.348364280971396],[-122.561077686586714,45.346209469773378],[-122.559254558125019,45.340362278945548],[-122.559226857926006,45.339820964636068]]}},
{"type":"Feature","properties":{"OBJECTID":2153.0,"FENAME":null,"MILES":0.93516488,"Source":"Orthoimagery and lidar","Edit_date":"2010/12/30 16:00:00.000","GlobalID":"c3fde044-5fa2-466d-8728-50a6bc00d20a","CartoDispl":1,"Shape__Len":4937.6805024930472},"geometry":{"type":"LineString","coordinates":[[-123.018771227572387,44.920685450263974],[-123.017873147924135,44.920689336276119],[-123.017870940465087,44.921149713655744],[-123.016219854293297,44.921107224384926],[-123.012978339085507,44.921062704110504],[-123.012974694941917,44.923882294666271],[-123.009069706701453,44.922282794513158],[-123.006637163622401,44.921190015284211],[-123.005479939684236,44.920817565741999]]}},
{"type":"Feature","properties":{"OBJECTID":2173.0,"FENAME":null,"MILES":0.94800778,"Source":"Orthoimagery and lidar","Edit_date":"2010/12/30 16:00:00.000","GlobalID":"ae1b0a2a-27c1-454c-8774-bcb0394f84fc","CartoDispl":1,"Shape__Len":5005.4909435556365},"geometry":{"type":"LineString","coordinates":[[-123.013610822162661,44.948846322629727],[-123.012115907438258,44.951776168042628],[-123.011140497766917,44.953596208770996],[-123.010923955877132,44.954214917871198],[-123.010912065903668,44.956133941275731],[-123.010944010336985,44.956718469825773],[-123.011353449817392,44.957597002776019],[-123.011553936961022,44.958173073184646],[-123.011587333245586,44.958791148332914],[-123.01140221266995,44.962176986814491]]}},
{"type":"Feature","properties":{"OBJECTID":2126.0,"FENAME":null,"MILES":0.94817061,"Source":"Orthoimagery and lidar","Edit_date":"2010/12/30 16:00:00.000","GlobalID":"e7df6372-f52b-4d1b-89ad-fca7cd8c7b1c","CartoDispl":1,"Shape__Len":5006.3511799112312},"geometry":{"type":"LineString","coordinates":[[-123.04993141667417,44.929349806259999],[-123.047866111037152,44.929279499952095],[-123.044295304591401,44.929151279046295],[-123.044010123567432,44.933295821191969],[-123.045748547541322,44.933348572982723],[-123.047232772805046,44.932045002975428],[-123.048615032748486,44.930686546510628],[-123.049150978209141,44.930153299960004],[-123.049159795258248,44.929822043936312]]}},
{"type":"Feature","properties":{"OBJECTID":2084.0,"FENAME":null,"MILES":0.96758549,"Source":"Orthoimagery and lidar","Edit_date":"2010/12/30 16:00:00.000","GlobalID":"879cf537-39e8-43db-8aab-de5d47cfb062","CartoDispl":1,"Shape__Len":5108.8616255685383},"geometry":{"type":"LineString","coordinates":[[-122.836560256488681,45.531912198657139],[-122.835606634469571,45.531959854485812],[-122.834641453974413,45.531721951102419],[-122.830549950545588,45.531765577116715],[-122.827652340021515,45.531166073299175],[-122.825821345910185,45.530630993531823],[-122.824785771299304,45.530494435618287],[-122.82408563902446,45.530441689614904],[-122.822969390367845,45.530321009911994],[-122.822221161219417,45.530083452802721],[-122.819793452611449,45.529031450008205],[-122.817847836995739,45.528169875575209]]}},
{"type":"Feature","properties":{"OBJECTID":4004.0,"FENAME":null,"MILES":9.95679316,"Source":"Orthoimagery and lidar","Edit_date":"2020/01/28 16:27:46.000","GlobalID":"6ec33234-c085-4c97-9b2a-6fe58c3525df","CartoDispl":100,"Shape__Len":5122.6032759956124},"geometry":{"type":"LineString","coordinates":[[-122.834582950389375,45.36764168076607],[-122.819460026659158,45.367856187883909],[-122.814691041349676,45.36827283134371]]}},
{"type":"Feature","properties":{"OBJECTID":2294.0,"FENAME":null,"MILES":0.97130407,"Source":"Orthoimagery and lidar","Edit_date":"2012/04/03 08:18:03.000","GlobalID":"d3fc80ac-d360-4f4a-8606-c0e248739787","CartoDispl":1,"Shape__Len":5128.4956959348237},"geometry":{"type":"LineString","coordinates":[[-122.898034897382871,45.107056376239697],[-122.899836573580245,45.108147575556742],[-122.903288772247976,45.110090106304781],[-122.904290953831733,45.110883649232683],[-122.9068374969291,45.112402101461235],[-122.908738541859563,45.113448191343807],[-122.910692028627508,45.11382139856304],[-122.914376035552692,45.114543849200331]]}},
{"type":"Feature","properties":{"OBJECTID":2296.0,"FENAME":null,"MILES":0.97666064,"Source":"Orthoimagery and lidar","Edit_date":"2012/04/03 08:18:03.000","GlobalID":"1aede0e1-0766-458d-9a98-dd526a746ac3","CartoDispl":1,"Shape__Len":5156.7783517263415},"geometry":{"type":"LineString","coordinates":[[-122.884378829054711,45.136069906752994],[-122.877403680963226,45.136072819728383],[-122.865792254020974,45.136056910163383],[-122.865226164065675,45.136040061538374],[-122.86484392815683,45.136562501165052]]}},
{"type":"Feature","properties":{"OBJECTID":2290.0,"FENAME":null,"MILES":1.01095009,"Source":"Orthoimagery and lidar","Edit_date":"2012/04/03 08:18:03.000","GlobalID":"5b0dfbe3-2b4b-432b-a9fa-feef6293a8b1","CartoDispl":1,"Shape__Len":5337.827186267602},"geometry":{"type":"LineString","coordinates":[[-122.845467768946421,45.151540308041341],[-122.846267041557041,45.150837863648846],[-122.846885257825519,45.150153427592649],[-122.851987763276497,45.146046613848966],[-122.854041254831955,45.144417854216655],[-122.85680211252965,45.1462331306059],[-122.859598786334644,45.147933266294217]]}},
{"type":"Feature","properties":{"OBJECTID":1671.0,"FENAME":null,"MILES":0.22596471,"Source":"100k and 24k DRG","Edit_date":"2006/01/12 16:00:00.000","GlobalID":"fd2c1d86-ebe5-47ff-b883-c92484191154","CartoDispl":1,"Shape__Len":5478.1017489856558},"geometry":{"type":"LineString","coordinates":[[-122.826193918672658,45.565345373780104],[-122.826208889361311,45.563347160276642],[-122.826216431526603,45.562073522016298],[-122.82621736198503,45.562039106216822],[-122.826224123082497,45.561790000484123],[-122.826224113029511,45.561759997205066],[-122.826223994301742,45.560790903554832],[-122.826246826018334,45.558455175378356],[-122.826269745020866,45.555831399850092],[-122.826284473249899,45.552748571768639],[-122.826252710206873,45.55032275241792]]}},
{"type":"Feature","properties":{"OBJECTID":2295.0,"FENAME":null,"MILES":1.03815638,"Source":"Orthoimagery and lidar","Edit_date":"2012/04/03 08:18:03.000","GlobalID":"4dee6024-cfc0-4095-8d47-f5f740871673","CartoDispl":1,"Shape__Len":5481.4764878682745},"geometry":{"type":"LineString","coordinates":[[-122.897633742145985,45.133162317122881],[-122.885094671862291,45.133111027248511],[-122.884403987749081,45.133011125405766],[-122.884357426433468,45.138671826347021]]}},
{"type":"Feature","properties":{"OBJECTID":3879.0,"FENAME":null,"MILES":null,"Source":"Orthoimagery and lidar","Edit_date":"2020/01/28 16:00:34.000","GlobalID":"677d1d6f-ce40-4f8d-88da-73a36471f8c7","CartoDispl":12,"Shape__Len":5499.6956731249602},"geometry":{"type":"LineString","coordinates":[[-122.558586643891815,45.33868848198459],[-122.558590029172379,45.338783684209346],[-122.558670038502314,45.339371704730283],[-122.558701379699826,45.339540836289764],[-122.5588037536576,45.34016418341497],[-122.559309525284817,45.340188642575662],[-122.560647358806278,45.3401345333317],[-122.562443431447534,45.339126278095726],[-122.564477839125587,45.339358133261236],[-122.565210924402876,45.339437412064342],[-122.567795254355161,45.339346869894655],[-122.56994993168901,45.339281773285343],[-122.570586918331713,45.339270442278909],[-122.572016135562706,45.340164886119197],[-122.572543576951873,45.340512729934744],[-122.57393250169801,45.339574060324779],[-122.575654642948493,45.338394250659896]]}},
{"type":"Feature","properties":{"OBJECTID":1681.0,"FENAME":null,"MILES":0.78421789,"Source":"100k and 24k DRG","Edit_date":"2006/01/12 16:00:00.000","GlobalID":"11c2d8cc-6525-46d4-b1b6-0d6a17fedddf","CartoDispl":1,"Shape__Len":5522.7767560172879},"geometry":{"type":"LineString","coordinates":[[-122.825928197977419,45.565542976477126],[-122.825966622147973,45.562959749708952],[-122.825935307232115,45.562082096328588],[-122.825958735227957,45.56175360511299],[-122.82596596013488,45.560452957089964],[-122.825965708610525,45.55872476852791],[-122.825996403240481,45.556695075025047],[-122.825988344813283,45.555029876967964],[-122.825987769893004,45.553144176681577],[-122.826011127005373,45.551416016791549],[-122.826003107807409,45.550641906959981],[-122.825987066091727,45.55039884899243]]}},
{"type":"Feature","properties":{"OBJECTID":3807.0,"FENAME":null,"MILES":1.04775641,"Source":"Orthoimagery and lidar","Edit_date":"2018/07/29 12:54:15.000","GlobalID":"5d5cfffa-b9ec-4ae4-80a1-f3b2c4f8858a","CartoDispl":1,"Shape__Len":5532.1648048530624},"geometry":{"type":"LineString","coordinates":[[-123.469100221981279,45.068078739067097],[-123.46925992447494,45.069107493174634],[-123.470866080381725,45.079987140021963],[-123.471689101048966,45.081408972704565],[-123.472370815445629,45.083001503299784]]}},
{"type":"Feature","properties":{"OBJECTID":2420.0,"FENAME":null,"MILES":1.05205656,"Source":"Orthoimagery and lidar","Edit_date":"2013/10/07 08:47:00.000","GlobalID":"c834ea56-bcff-44b3-ab3c-ec00ae436424","CartoDispl":1,"Shape__Len":5554.8696576589127},"geometry":{"type":"LineString","coordinates":[[-122.859276330949371,45.20017830036911],[-122.852861249353637,45.198580111118638],[-122.846461132742121,45.196976016446669],[-122.839799648162369,45.195319242133309],[-122.838953042843272,45.195111092644119]]}},
{"type":"Feature","properties":{"OBJECTID":2480.0,"FENAME":null,"MILES":1.05949118,"Source":"Orthoimagery and lidar","Edit_date":"2014/06/19 06:19:27.000","GlobalID":"520ec093-3452-466c-ad0f-6ed76e4645de","CartoDispl":1,"Shape__Len":5594.1245799168373},"geometry":{"type":"LineString","coordinates":[[-123.034144124156057,44.963352518959184],[-123.030052084690979,44.963340167346331],[-123.029599705032155,44.963183118662897],[-123.025256947891407,44.963216558244717],[-123.024383219501644,44.963332295749289],[-123.024315672370804,44.964344250083528],[-123.021398393495971,44.964324113069573],[-123.01951113777136,44.964290900570624],[-123.01943961587763,44.960347201449615]]}},
{"type":"Feature","properties":{"OBJECTID":1717.0,"FENAME":null,"MILES":1.063837,"Source":"100k and 24k DRG","Edit_date":"2019/10/11 08:07:37.000","GlobalID":"8a8b4a4e-8d70-4b81-863b-cc6601fce4a6","CartoDispl":1,"Shape__Len":5617.0706569756803},"geometry":{"type":"LineString","coordinates":[[-122.801225878198807,45.609431845508233],[-122.80009238217103,45.609920415790654],[-122.796237640511649,45.611497759024104],[-122.792867456733646,45.612909325009618],[-122.789074609262428,45.614545054816851],[-122.785688631464751,45.616005885452303],[-122.784875311409422,45.616337392157433],[-122.782411916131252,45.61736332801037]]}},
{"type":"Feature","properties":{"OBJECTID":2159.0,"FENAME":null,"MILES":1.06433099,"Source":"Orthoimagery and lidar","Edit_date":"2010/12/30 16:00:00.000","GlobalID":"06478873-289b-4019-a844-afc6a3031b96","CartoDispl":1,"Shape__Len":5619.6787504982149},"geometry":{"type":"LineString","coordinates":[[-123.027581646293683,44.916716195500051],[-123.027568504174027,44.915895076055406],[-123.027302397188961,44.913295343120318],[-123.025841703663886,44.908617670758346],[-123.025753741913974,44.907649322911226],[-123.025792390819319,44.905707934593309],[-123.025415605913238,44.905509037027969],[-123.020824203070887,44.905402213714424],[-123.02079454612273,44.904716040687035]]}},
{"type":"Feature","properties":{"OBJECTID":2486.0,"FENAME":null,"MILES":1.06553567,"Source":"Orthoimagery and lidar","Edit_date":"2014/06/19 06:19:27.000","GlobalID":"ed14e870-168b-422c-a217-9ef97d80a201","CartoDispl":1,"Shape__Len":5626.0395432465748},"geometry":{"type":"LineString","coordinates":[[-123.000589392296476,45.014811771633582],[-123.001408848840228,45.014855563716338],[-123.00137551061907,45.01350315883834],[-123.006405467721038,45.013520288618928],[-123.006967942882028,45.013479515704667],[-123.014141192913101,45.013466803896719],[-123.020400589744284,45.013423522255607]]}},
{"type":"Feature","properties":{"OBJECTID":207.0,"FENAME":null,"MILES":1.07662525,"Source":"Orthoimagery and lidar","Edit_date":"2020/01/28 16:27:44.000","GlobalID":"89042bed-6e9f-4e63-95c9-32d1b182ca94","CartoDispl":100,"Shape__Len":5684.5927357652099},"geometry":{"type":"LineString","coordinates":[[-122.35006602122364,45.299969623708868],[-122.351382367271412,45.298328253790991],[-122.354064392512797,45.297973909808562],[-122.363479381750793,45.294177470489885],[-122.36931527367733,45.294426591396565]]}},
{"type":"Feature","properties":{"OBJECTID":2081.0,"FENAME":null,"MILES":0.88319213,"Source":"Orthoimagery and lidar","Edit_date":"2010/12/30 16:00:00.000","GlobalID":"99ef6610-9bab-472d-b0e9-6fe17c738aa7","CartoDispl":1,"Shape__Len":5709.3982504433798},"geometry":{"type":"LineString","coordinates":[[-122.916295050620988,45.55155223372779],[-122.916340634894254,45.55069869000581],[-122.907088982714754,45.549451238926167],[-122.895679000639873,45.547804018919962]]}},
{"type":"Feature","properties":{"OBJECTID":1653.0,"FENAME":null,"MILES":1.08860826,"Source":"100k and 24k DRG","Edit_date":"2006/01/12 16:00:00.000","GlobalID":"4fedb5bf-aaee-48ed-9708-1e5d85d42811","CartoDispl":1,"Shape__Len":5747.8631289596906},"geometry":{"type":"LineString","coordinates":[[-122.751206558437403,45.563464783359343],[-122.750940732751985,45.563360705127018],[-122.745283049532247,45.561115983511513],[-122.735200848183652,45.554292811929152],[-122.735193249321284,45.554292788682524],[-122.734193594609465,45.554528986266661],[-122.733647269510584,45.5546537361761]]}},
{"type":"Feature","properties":{"OBJECTID":3556.0,"FENAME":null,"MILES":1.93838204,"Source":"Orthoimagery and lidar","Edit_date":"2020/01/28 16:27:46.000","GlobalID":"3045bae8-9870-4bde-81af-921395aaf256","CartoDispl":100,"Shape__Len":5752.3020949551374},"geometry":{"type":"LineString","coordinates":[[-122.332725314293214,45.269667727214788],[-122.332709146261777,45.27136222525872],[-122.334795964063659,45.272357016616134],[-122.335720062007837,45.272903892585681],[-122.336856772224849,45.273115776701736],[-122.337434951964326,45.274150753126854],[-122.337320414041258,45.275014299178835],[-122.337309817160317,45.276918299886852],[-122.338502318458993,45.276929509450383],[-122.339373133941237,45.277536986074445],[-122.339009836447261,45.278163984251663],[-122.337495911654798,45.278759070372587],[-122.336353768387411,45.278546651793157],[-122.335601434295796,45.280783007064024]]}},
{"type":"Feature","properties":{"OBJECTID":3806.0,"FENAME":null,"MILES":1.09248405,"Source":"Orthoimagery and lidar","Edit_date":"2018/07/29 12:54:15.000","GlobalID":"fb28ab46-c7be-4287-8fee-f025a7e9e70f","CartoDispl":1,"Shape__Len":5768.3272080987717},"geometry":{"type":"LineString","coordinates":[[-123.476763955861315,45.063810719861877],[-123.475869576084378,45.064654534101415],[-123.473542554851932,45.067767301492594],[-123.471724142028023,45.068254459379375],[-123.46925992447494,45.069107493174634],[-123.46661613396823,45.070223285503708],[-123.461483864349205,45.074668281434015]]}},
{"type":"Feature","properties":{"OBJECTID":486.0,"FENAME":null,"MILES":0.55812624,"Source":"Orthoimagery and lidar","Edit_date":"2020/01/28 16:27:44.000","GlobalID":"59460f3f-cab6-44c3-bcca-3bc19dd9a488","CartoDispl":100,"Shape__Len":5855.0219723862938},"geometry":{"type":"LineString","coordinates":[[-122.573787226589303,45.339489721595584],[-122.575563127304235,45.340397791159056],[-122.577475546251634,45.34310842719556],[-122.578658700546555,45.343428897413645],[-122.582422413730697,45.343847458328447],[-122.584974036476112,45.343840454588189],[-122.589218360911758,45.343817930118988],[-122.593628581639692,45.343760115397124]]}},
{"type":"Feature","properties":{"OBJECTID":1652.0,"FENAME":null,"MILES":1.11415434,"Source":"Orthoimagery and lidar","Edit_date":"2010/12/30 16:00:00.000","GlobalID":"b05f3ee6-8638-4876-8fb5-b2d659c9928f","CartoDispl":1,"Shape__Len":5882.7465531969419},"geometry":{"type":"LineString","coordinates":[[-122.72953375894491,45.622151307331173],[-122.733279498393614,45.622461644047746],[-122.738237020169393,45.622868815315563],[-122.743333080942804,45.623383458321506],[-122.746739081069521,45.621942095110988],[-122.750910266752769,45.620341207531197],[-122.751207435328098,45.620215853088467]]}},
{"type":"Feature","properties":{"OBJECTID":1448.0,"FENAME":null,"MILES":1.1152931,"Source":"Orthoimagery and lidar","Edit_date":"2010/12/30 16:00:00.000","GlobalID":"460ced04-5210-4e3d-950b-01a9a564ce45","CartoDispl":1,"Shape__Len":5888.7592533086381},"geometry":{"type":"LineString","coordinates":[[-122.854192165486737,45.373307515414389],[-122.849270498688796,45.374600961297752],[-122.846779848231421,45.373330114613317],[-122.844033072906342,45.373148327165872],[-122.842396606513631,45.373088106068771],[-122.837051223245922,45.370175220107491],[-122.83493063840001,45.372077890522412]]}},
{"type":"Feature","properties":{"OBJECTID":2175.0,"FENAME":null,"MILES":1.13827909,"Source":"Orthoimagery and lidar","Edit_date":"2010/12/30 16:00:00.000","GlobalID":"0747f03e-57a6-4e36-b474-d94f5758d85b","CartoDispl":1,"Shape__Len":6010.1256593562239},"geometry":{"type":"LineString","coordinates":[[-122.972584360058661,44.969940405917995],[-122.972199001080469,44.969529729681405],[-122.972211951125672,44.969167637801867],[-122.971637587422435,44.969111576223881],[-122.970736760699722,44.969102689444476],[-122.970752950655694,44.966247255381973],[-122.970861940072865,44.957106479440178],[-122.970900032375511,44.954523262552996]]}},
{"type":"Feature","properties":{"OBJECTID":3927.0,"FENAME":null,"MILES":1.15721207,"Source":"Orthoimagery and lidar","Edit_date":"2019/08/28 13:01:09.000","GlobalID":"592e6b77-d3f7-4422-843d-a8413e2c1da7","CartoDispl":1,"Shape__Len":6110.0920620193601},"geometry":{"type":"LineString","coordinates":[[-122.957383772818162,44.910920262133402],[-122.94608745183605,44.902667706881267],[-122.94153175705604,44.900820148191549],[-122.940168765307874,44.899648271570676]]}},
{"type":"Feature","properties":{"OBJECTID":2485.0,"FENAME":null,"MILES":1.16413693,"Source":"Orthoimagery and lidar","Edit_date":"2014/06/19 06:19:27.000","GlobalID":"81d4ddfe-a2d9-422d-8a19-1869d2d8d7fd","CartoDispl":1,"Shape__Len":6146.6553232001506},"geometry":{"type":"LineString","coordinates":[[-123.001576150044485,44.997129458309267],[-123.001573327063454,45.000811095965219],[-123.001584804233332,45.005968572922633],[-123.001651105648307,45.011142678691705],[-123.001173537016598,45.011108801175624],[-123.001337862729073,45.012915274972471],[-123.00123012070425,45.013607857428219]]}},
{"type":"Feature","properties":{"OBJECTID":4123.0,"FENAME":null,"MILES":14.35276941,"Source":"Orthoimagery and lidar","Edit_date":"2020/01/27 16:31:06.000","GlobalID":"c085e463-963f-47ce-8054-b8d71d1e1056","CartoDispl":12,"Shape__Len":6195.0330764910086},"geometry":{"type":"LineString","coordinates":[[-122.946382081793217,44.770196626132126],[-122.946387738696984,44.773918775803914],[-122.947239185314928,44.780362864582166],[-122.947809069476804,44.784560854026495],[-122.948118666548666,44.786799658303892],[-122.947674449142184,44.786904042963229]]}},
{"type":"Feature","properties":{"OBJECTID":2236.0,"FENAME":null,"MILES":1.1773595,"Source":"Orthoimagery and lidar","Edit_date":"2010/12/30 16:00:00.000","GlobalID":"1c8ecdc7-b76c-4a0a-ab3f-748525ac09d7","CartoDispl":1,"Shape__Len":6216.4705737634395},"geometry":{"type":"LineString","coordinates":[[-123.015059469851138,44.887747786770809],[-123.014105251464102,44.887005613984506],[-123.013531848992585,44.88633949101829],[-123.01151089571097,44.882990427334136],[-123.009385312744598,44.879083847572971],[-123.009178308190798,44.878658943853495],[-123.00924483452134,44.878450464870454],[-123.00715111172812,44.874650501498465],[-123.005803064532898,44.872137861020697]]}},
{"type":"Feature","properties":{"OBJECTID":2293.0,"FENAME":null,"MILES":1.21724747,"Source":"Orthoimagery and lidar","Edit_date":"2012/04/03 08:18:03.000","GlobalID":"85fab268-ccdf-443a-a9e3-f3c22768af85","CartoDispl":1,"Shape__Len":6427.0791860604431},"geometry":{"type":"LineString","coordinates":[[-122.905375843990541,45.093009527909153],[-122.903313298189914,45.094825286187323],[-122.903646066193019,45.095061243752617],[-122.900720742787712,45.105170440192083],[-122.899949322384501,45.105543987487387],[-122.898034897382871,45.107056376239697],[-122.896902490147525,45.106522781180651],[-122.895885108769633,45.105843833964286]]}},
{"type":"Feature","properties":{"OBJECTID":2278.0,"FENAME":null,"MILES":1.22801759,"Source":"Orthoimagery and lidar","Edit_date":"2012/04/03 08:18:03.000","GlobalID":"532cc65d-e88b-4870-8f28-a7cd3bd3d6fa","CartoDispl":1,"Shape__Len":6483.945643092},"geometry":{"type":"LineString","coordinates":[[-122.935441015401366,45.13472011705155],[-122.932617725396767,45.140025692757355],[-122.931651795027179,45.142004350813679],[-122.930657861529156,45.143326141500204],[-122.930914566957881,45.14366369278067],[-122.938009635566601,45.14381247044183],[-122.938361790834534,45.144019333630304],[-122.937975527267966,45.146800331495676]]}},
{"type":"Feature","properties":{"OBJECTID":2275.0,"FENAME":null,"MILES":1.24499278,"Source":"Orthoimagery and lidar","Edit_date":"2012/04/03 08:18:03.000","GlobalID":"447cdb9e-3884-4266-bc0c-e07d3b7efcc2","CartoDispl":1,"Shape__Len":6573.5750318228665},"geometry":{"type":"LineString","coordinates":[[-122.918556180214424,45.149900511837792],[-122.918168913299255,45.152681439497108],[-122.917446339954424,45.160428917209146],[-122.917051839269689,45.16160924416905],[-122.916901450476658,45.163784865720039],[-122.916669956433779,45.165476263138679],[-122.913358638271234,45.165046082674266]]}},
{"type":"Feature","properties":{"OBJECTID":2487.0,"FENAME":null,"MILES":1.24579942,"Source":"Orthoimagery and lidar","Edit_date":"2010/12/30 16:00:00.000","GlobalID":"0f872fed-8d9a-4c83-bc7b-352366f97d94","CartoDispl":1,"Shape__Len":6577.8340908972305},"geometry":{"type":"LineString","coordinates":[[-122.998703821107057,45.014554060280872],[-122.99724691004225,45.014413991151265],[-122.9972658808814,45.013603612349812],[-122.999467436516255,45.013565603843261],[-123.001767028309402,45.01362072258673],[-123.016327483492191,45.013571789528847],[-123.020088799764594,45.013566158846452]]}},
{"type":"Feature","properties":{"OBJECTID":2421.0,"FENAME":null,"MILES":1.28412279,"Source":"Orthoimagery and lidar","Edit_date":"2013/10/07 08:47:00.000","GlobalID":"502a0dc2-bb62-4668-ba8a-792b881ba349","CartoDispl":1,"Shape__Len":6780.1819324868675},"geometry":{"type":"LineString","coordinates":[[-122.86286066468557,45.19591951658871],[-122.864358804829436,45.196276569592364],[-122.875271781549046,45.198126774576295],[-122.87760202271221,45.198513545672412],[-122.877533587973119,45.198651315074805],[-122.880640700894176,45.199248065590197],[-122.88372739625882,45.199728349892467],[-122.882340888842066,45.201340967377888],[-122.883898418518584,45.202047880022072]]}},
{"type":"Feature","properties":{"OBJECTID":3808.0,"FENAME":null,"MILES":1.28905874,"Source":"Orthoimagery and lidar","Edit_date":"2018/07/29 12:54:15.000","GlobalID":"8c35af8a-cc2d-492c-8189-cc3bc20f2b7f","CartoDispl":1,"Shape__Len":6806.2438471939395},"geometry":{"type":"LineString","coordinates":[[-123.486723105422229,45.078454361227479],[-123.485928641872249,45.078566974044797],[-123.478994461346986,45.080887166146411],[-123.472370815445629,45.083001503299784],[-123.469917423072332,45.083872748144337],[-123.466541261054829,45.085140680848617],[-123.46490490044684,45.085425595230312],[-123.463726447587817,45.085440562777066],[-123.463811811126618,45.086273762851924]]}},
{"type":"Feature","properties":{"OBJECTID":1660.0,"FENAME":null,"MILES":0.93658572,"Source":"100k and 24k DRG","Edit_date":"2006/01/12 16:00:00.000","GlobalID":"e28bc6c1-5239-48cf-b737-7d698ee7a56b","CartoDispl":1,"Shape__Len":6864.7516010367235},"geometry":{"type":"LineString","coordinates":[[-122.894760877782318,45.550455221310678],[-122.894514617191732,45.556413494737427],[-122.881189590236588,45.556464398702047],[-122.876214445497652,45.556220586519565]]}},
{"type":"Feature","properties":{"OBJECTID":267.0,"FENAME":null,"MILES":1.32407569,"Source":"100k and 24k DRG","Edit_date":"2020/01/28 11:24:34.000","GlobalID":"2d8c5369-bbb7-4ec1-85c5-438bd44206e6","CartoDispl":12,"Shape__Len":6991.1337389032133},"geometry":{"type":"LineString","coordinates":[[-122.779147489090434,45.333850628486751],[-122.756100985497795,45.334043002362449],[-122.751987092576684,45.334355515648447]]}},
{"type":"Feature","properties":{"OBJECTID":1677.0,"FENAME":null,"MILES":1.3256045,"Source":"100k and 24k DRG","Edit_date":"2020/01/28 16:27:45.000","GlobalID":"6c6d7960-6ce0-46c4-b52c-00df6b0c0c82","CartoDispl":100,"Shape__Len":6999.2057054547222},"geometry":{"type":"LineString","coordinates":[[-122.779147489090434,45.333850628486751],[-122.779147746808263,45.333834103563525],[-122.770216370669999,45.333883996160829],[-122.75846866486711,45.333985777456306],[-122.755091970457315,45.33404608536852],[-122.751987092576684,45.334355515648447]]}},
{"type":"Feature","properties":{"OBJECTID":2090.0,"FENAME":null,"MILES":1.33752689,"Source":"Orthoimagery and lidar","Edit_date":"2010/12/30 16:00:00.000","GlobalID":"ab2eb129-1eb2-47fb-9c4e-972b782fe808","CartoDispl":1,"Shape__Len":7062.1562787292796},"geometry":{"type":"LineString","coordinates":[[-122.844369954198399,45.563911956423212],[-122.844403882364006,45.565558273544092],[-122.844561307733102,45.570511561109747],[-122.844610958671524,45.57254417352658],[-122.844415451379945,45.573692482801249],[-122.844315489356433,45.574753817791439],[-122.844118386647807,45.576675389953365],[-122.843718496322921,45.579838195876043],[-122.843564117550841,45.581457343884288],[-122.843361310614341,45.58323983882169]]}},
{"type":"Feature","properties":{"OBJECTID":2182.0,"FENAME":null,"MILES":1.35093878,"Source":"Orthoimagery and lidar","Edit_date":"2010/12/30 16:00:00.000","GlobalID":"768c2cc8-2899-4b3f-a2f7-74634d37c66f","CartoDispl":1,"Shape__Len":7132.971134008927},"geometry":{"type":"LineString","coordinates":[[-122.98010023751263,44.997278005306441],[-122.975264098728928,44.997248191812339],[-122.969567597756964,44.997198431919017],[-122.964637546340342,44.997170178731871],[-122.952524024617261,44.997179901990904]]}},
{"type":"Feature","properties":{"OBJECTID":2087.0,"FENAME":null,"MILES":1.3573458,"Source":"Orthoimagery and lidar","Edit_date":"2010/12/30 16:00:00.000","GlobalID":"5c3ad9e6-1c11-4bc6-b8ab-9665b120369d","CartoDispl":1,"Shape__Len":7166.8001959981157},"geometry":{"type":"LineString","coordinates":[[-122.822324972931057,45.510948210777258],[-122.823884435121116,45.512327045294782],[-122.824979531098961,45.512772021044938],[-122.827939944856368,45.513608478908992],[-122.83178854858825,45.51462717410886],[-122.83555489793244,45.515618812596756],[-122.838237860708091,45.516455801279328],[-122.844288160117088,45.518458801908174],[-122.847194992277096,45.519462564799838]]}},
{"type":"Feature","properties":{"OBJECTID":1736.0,"FENAME":null,"MILES":1.36206828,"Source":"Orthoimagery and lidar","Edit_date":"2010/12/30 16:00:00.000","GlobalID":"a3699729-e9a5-492b-ab9a-12f5519273ba","CartoDispl":1,"Shape__Len":7191.7348029621044},"geometry":{"type":"LineString","coordinates":[[-122.915526046105455,45.559375948364661],[-122.908593077342687,45.556733200777231],[-122.905750367288292,45.555623226980217],[-122.903690134389507,45.552752734915003],[-122.898930944050207,45.550900878224361],[-122.89900370256467,45.548734664337559],[-122.895176932238385,45.548592122373641]]}},
{"type":"Feature","properties":{"OBJECTID":1742.0,"FENAME":null,"MILES":1.38392336,"Source":"100k and 24k DRG","Edit_date":"2020/01/28 16:27:45.000","GlobalID":"16ccdff8-47ce-4e69-8165-f664879af997","CartoDispl":100,"Shape__Len":7307.1297273031723},"geometry":{"type":"LineString","coordinates":[[-122.408875849284783,45.576530980427734],[-122.409934215316341,45.575229402696216],[-122.411646714861376,45.574419195552856],[-122.411763697489675,45.571235354183401],[-122.411916361452882,45.570128718887155],[-122.412024036702746,45.567855338339264],[-122.412079840110721,45.565503373040187],[-122.412194210212704,45.563136720978839],[-122.412330650344884,45.561112202934126],[-122.411454680941361,45.560333609255927],[-122.410516522260949,45.559374669816606],[-122.410210626539893,45.559220057144117],[-122.409281004092819,45.558675196339088],[-122.40873339117492,45.558355690121672]]}},
{"type":"Feature","properties":{"OBJECTID":1440.0,"FENAME":null,"MILES":1.46608843,"Source":"Orthoimagery and lidar","Edit_date":"2020/01/28 16:27:45.000","GlobalID":"0cc361f9-abcf-4a83-87c1-f311cf562c17","CartoDispl":100,"Shape__Len":7332.2105356597804},"geometry":{"type":"LineString","coordinates":[[-122.379064633549859,45.370848434231611],[-122.396400434564541,45.362364111646876],[-122.40362138759518,45.361151017065417]]}},
{"type":"Feature","properties":{"OBJECTID":2155.0,"FENAME":null,"MILES":1.40538168,"Source":"Orthoimagery and lidar","Edit_date":"2010/12/30 16:00:00.000","GlobalID":"8bc37bf8-9dfd-4fa8-ab23-f6b46884f6e5","CartoDispl":1,"Shape__Len":7420.4301923988151},"geometry":{"type":"LineString","coordinates":[[-123.018502582438018,44.920602380709255],[-123.018074545165419,44.920593999083209],[-123.017996589396191,44.921631373318917],[-123.01796841832514,44.926308871107359],[-123.015926516734851,44.926287946172017],[-123.012442990323706,44.92628744496011],[-123.010589143308309,44.926000693279384],[-123.003782143856284,44.925080047198541],[-123.00374680420893,44.9281878141297],[-123.004065244878134,44.92881321402546],[-123.00400745368195,44.929177029118698]]}},
{"type":"Feature","properties":{"OBJECTID":1690.0,"FENAME":null,"MILES":1.40968442,"Source":"100k and 24k DRG","Edit_date":"2020/01/28 16:27:45.000","GlobalID":"50e819cf-7f58-4479-9c8e-3959f3592050","CartoDispl":100,"Shape__Len":7443.1483254317973},"geometry":{"type":"LineString","coordinates":[[-122.751987092576684,45.334355515648447],[-122.751021310294959,45.334428854658512],[-122.739998343807088,45.33553269966098],[-122.723466507354587,45.335418547057074],[-122.723765225786664,45.335369728965361]]}},
{"type":"Feature","properties":{"OBJECTID":2280.0,"FENAME":null,"MILES":1.4182052,"Source":"Orthoimagery and lidar","Edit_date":"2012/04/03 08:18:03.000","GlobalID":"be1996fd-e812-4b09-991a-1360c3a821a0","CartoDispl":1,"Shape__Len":7488.1385947222843},"geometry":{"type":"LineString","coordinates":[[-122.89696443455972,45.150856269221357],[-122.891814270808041,45.150864273980766],[-122.890882989260973,45.15081232602482],[-122.883331962871765,45.15088451055955],[-122.882097981282428,45.150838811215237],[-122.881369108298685,45.150796853545963],[-122.880454447819361,45.150658720398617],[-122.878283291797871,45.150904076365698],[-122.870643221471269,45.1507771867741],[-122.870686696940709,45.148904013265195]]}},
{"type":"Feature","properties":{"OBJECTID":3836.0,"FENAME":null,"MILES":3.52728211,"Source":"Orthoimagery and lidar","Edit_date":"2020/01/28 14:29:37.000","GlobalID":"0533b644-064d-413e-9255-ee10c343acd2","CartoDispl":12,"Shape__Len":7584.5465613728502},"geometry":{"type":"LineString","coordinates":[[-122.408454078901585,45.558634332067555],[-122.438062311295042,45.558682666311313]]}},
{"type":"Feature","properties":{"OBJECTID":1666.0,"FENAME":null,"MILES":1.44070595,"Source":"Orthoimagery and lidar","Edit_date":"2019/10/11 08:08:56.000","GlobalID":"cf066d8a-b441-4b4f-9252-f75551354f43","CartoDispl":1,"Shape__Len":7606.9425258139008},"geometry":{"type":"LineString","coordinates":[[-122.773734369670152,45.570298441758595],[-122.77234479775062,45.569080542456831],[-122.771267224266253,45.568164791990824],[-122.770135340239804,45.567217398829349],[-122.76902684640055,45.566238548637635],[-122.767855470560306,45.565277573950141],[-122.766708222498409,45.564298624055063],[-122.765544953931467,45.563328636381421],[-122.764030272946556,45.562807959282999],[-122.762507390102115,45.562242226367857],[-122.760930251490407,45.561640373717836],[-122.759515820073261,45.562321478155617],[-122.758132295081879,45.562980133304542],[-122.756717988294213,45.563620701675575],[-122.755303217966642,45.5642612488829],[-122.753779303418838,45.564951033956142],[-122.752271015016788,45.565631844860384],[-122.751208043194268,45.566120097404017]]}},
{"type":"Feature","properties":{"OBJECTID":2152.0,"FENAME":null,"MILES":1.44443323,"Source":"Orthoimagery and lidar","Edit_date":"2010/12/30 16:00:00.000","GlobalID":"5d4a2cc6-cd38-4b91-b3be-43b62b09d108","CartoDispl":1,"Shape__Len":7626.6230545279295},"geometry":{"type":"LineString","coordinates":[[-123.044902172155787,44.92116759968124],[-123.043766158430998,44.921157795742353],[-123.041613040665709,44.921084875384345],[-123.038359071495236,44.921093651538776],[-123.032764604609909,44.921122290485663],[-123.030769828783818,44.92113462281948],[-123.030778741059578,44.922018474096113],[-123.029135884462917,44.921996912761813],[-123.028097116912932,44.921983032880291],[-123.027380650221431,44.921930707175974],[-123.02685057429369,44.921931840874812],[-123.024625021937894,44.921886343236217],[-123.020166797207963,44.921800605622757],[-123.019968187863157,44.921804938223325],[-123.018833800976921,44.921793061436873],[-123.018823357739947,44.921040022883105],[-123.01853864518165,44.920925917595319],[-123.018502582438018,44.920602380709255],[-123.018774519406634,44.920591220171758]]}},
{"type":"Feature","properties":{"OBJECTID":4144.0,"FENAME":null,"MILES":4.22032219,"Source":"Orthoimagery and lidar","Edit_date":"2020/01/28 14:11:22.000","GlobalID":"35f532d8-b378-4704-a930-5b531a3242d6","CartoDispl":12,"Shape__Len":7744.9745141251951},"geometry":{"type":"LineString","coordinates":[[-122.437564746436649,45.545327961543236],[-122.441402935817749,45.541952154745346],[-122.445044454066107,45.538800918736491],[-122.445622082123464,45.530215789194919],[-122.451688247056197,45.53011455300188]]}},
{"type":"Feature","properties":{"OBJECTID":3929.0,"FENAME":null,"MILES":1.46796407,"Source":"Orthoimagery and lidar","Edit_date":"2019/08/28 13:01:09.000","GlobalID":"80b11169-8929-4032-9576-2133a835dd99","CartoDispl":1,"Shape__Len":7750.865809282207},"geometry":{"type":"LineString","coordinates":[[-122.954900584084697,44.913624341222672],[-122.950088811441944,44.913655885388515],[-122.945136319638763,44.910044434304261],[-122.932681658752188,44.900797287422478]]}},
{"type":"Feature","properties":{"OBJECTID":268.0,"FENAME":null,"MILES":1.05986437,"Source":"Orthoimagery and lidar","Edit_date":"2020/01/28 16:27:44.000","GlobalID":"30da33ae-b520-418f-940d-9bf39bdee0d1","CartoDispl":100,"Shape__Len":7835.4984095032742},"geometry":{"type":"LineString","coordinates":[[-122.559987553440436,45.346606925994998],[-122.564632473134282,45.345643206941972],[-122.576679465921984,45.337262072511962],[-122.577816678586075,45.336438774646425],[-122.582998826770464,45.333037730646545]]}},
{"type":"Feature","properties":{"OBJECTID":1673.0,"FENAME":null,"MILES":1.56089171,"Source":"100k and 24k DRG","Edit_date":"2019/10/11 08:21:10.000","GlobalID":"91cf0e77-d479-4dd5-8780-2d70a4542a52","CartoDispl":1,"Shape__Len":8241.5247216532644},"geometry":{"type":"LineString","coordinates":[[-122.841340706721439,45.450159899183717],[-122.841367308539347,45.448195529674862],[-122.841351419014785,45.448024481612336],[-122.841203327791817,45.447821743987589],[-122.840009725474673,45.446523905731269],[-122.838964892997311,45.445343272450998],[-122.838894459050096,45.445239665924746],[-122.837966271145376,45.444225703535089],[-122.837069704819854,45.443207290122579],[-122.836508024948444,45.442607909117058],[-122.836118126357931,45.442157291941207],[-122.834503847086296,45.44036372447966],[-122.833396586053397,45.439164939748068],[-122.832414482582806,45.438074358883597],[-122.83126011048671,45.436758485841771],[-122.830784545502922,45.436253711022353],[-122.829498360140107,45.434816098070357],[-122.829092964811281,45.434383432822585],[-122.827712940649249,45.43281962865057],[-122.826083655844855,45.431016918462284],[-122.825826893942633,45.430723110609016]]}},
{"type":"Feature","properties":{"OBJECTID":2428.0,"FENAME":null,"MILES":1.56575314,"Source":"Orthoimagery and lidar","Edit_date":"2020/01/28 16:27:45.000","GlobalID":"e19e0737-1031-4f88-9000-c2e00e2669af","CartoDispl":100,"Shape__Len":8267.1930973447179},"geometry":{"type":"LineString","coordinates":[[-122.588809751142037,45.196306399491114],[-122.587374183187634,45.194921899048055],[-122.58538637234895,45.192875288175607],[-122.58397042179314,45.191058868496569],[-122.582802120313985,45.1895947501013],[-122.58239666055286,45.189095935707158],[-122.581490188055483,45.188373894384867],[-122.580072263502331,45.187785639322946],[-122.577593484607007,45.187067296008998],[-122.570976595229126,45.183876385105009],[-122.569629567139131,45.182647737199588],[-122.567094422346258,45.180361787467675]]}},
{"type":"Feature","properties":{"OBJECTID":2088.0,"FENAME":null,"MILES":1.56943541,"Source":"Orthoimagery and lidar","Edit_date":"2010/12/30 16:00:00.000","GlobalID":"d99e2294-7947-4d06-875b-7367fc8b766a","CartoDispl":1,"Shape__Len":8286.6355492340535},"geometry":{"type":"LineString","coordinates":[[-122.849719309531608,45.520388221232025],[-122.854643108549183,45.522661044240699],[-122.855881430443361,45.523283845400236],[-122.856617528947183,45.523554776212869],[-122.857383404229793,45.523725075937854],[-122.861779427329793,45.525174716833696],[-122.862240268739555,45.525341629657525],[-122.865864202347424,45.527125866986147],[-122.867796176216771,45.527967880295826],[-122.871880805578414,45.529575884269562],[-122.873988412681356,45.530399940088216],[-122.87459622910265,45.530678131237664],[-122.877583986206375,45.531808113699718]]}},
{"type":"Feature","properties":{"OBJECTID":2186.0,"FENAME":null,"MILES":1.57738759,"Source":"Orthoimagery and lidar","Edit_date":"2010/12/30 16:00:00.000","GlobalID":"acd78759-5ffe-4453-8c55-c1286bec5635","CartoDispl":1,"Shape__Len":8328.6231725708458},"geometry":{"type":"LineString","coordinates":[[-122.98939315947149,45.035270630299081],[-122.99486310832593,45.035276733086583],[-123.000561308665894,45.035277645893892],[-123.006098794410804,45.035291288948606],[-123.013786174760426,45.035296111377342],[-123.020373818609414,45.035352962143172],[-123.021606169517995,45.03525941735095]]}},
{"type":"Feature","properties":{"OBJECTID":1661.0,"FENAME":null,"MILES":1.15756965,"Source":"Orthoimagery and lidar","Edit_date":"2018/11/15 09:51:46.000","GlobalID":"c870d101-da4f-4b3d-b76c-b55088227c13","CartoDispl":1,"Shape__Len":8367.9585217967287},"geometry":{"type":"LineString","coordinates":[[-122.876210046445124,45.556220574577402],[-122.874765229859065,45.556137994212342],[-122.872875115596145,45.556081905448096],[-122.871023833702893,45.556021311569857],[-122.866929731651481,45.55602804224467],[-122.859824519925155,45.557708614442014],[-122.85110969473601,45.559799991614462],[-122.849305403137762,45.560256662075297],[-122.847579688751239,45.560668407125583],[-122.844785302238677,45.561288472015981]]}},
{"type":"Feature","properties":{"OBJECTID":262.0,"FENAME":null,"MILES":1.59637842,"Source":"Orthoimagery and lidar","Edit_date":"2020/01/28 16:27:44.000","GlobalID":"dc93a988-e603-4564-9026-e7e247419c4e","CartoDispl":100,"Shape__Len":8428.8948813810839},"geometry":{"type":"LineString","coordinates":[[-122.89789627585975,44.956108386947633],[-122.895827304618493,44.95400229746032],[-122.891684931274327,44.95006473306573],[-122.876295021828469,44.938878816673729]]}},
{"type":"Feature","properties":{"OBJECTID":16.0,"FENAME":null,"MILES":1.60581092,"Source":"Orthoimagery and lidar","Edit_date":"2010/12/30 16:00:00.000","GlobalID":"79ad653f-84b4-44bd-ae5d-d5c5f93b50df","CartoDispl":1,"Shape__Len":8478.6985323704994},"geometry":{"type":"LineString","coordinates":[[-123.342064036471854,45.61546967987271],[-123.339228435132824,45.614745698570935],[-123.337476068511677,45.614302969740613],[-123.334920119380214,45.613654303238555],[-123.32873727728699,45.612088379505295],[-123.318121647599924,45.609414577981575],[-123.310897945546259,45.607584759047604]]}},
{"type":"Feature","properties":{"OBJECTID":2302.0,"FENAME":null,"MILES":1.62490326,"Source":"Orthoimagery and lidar","Edit_date":"2012/04/03 08:18:03.000","GlobalID":"4f82a755-0e73-4f3d-a0e4-b8fca5d7690d","CartoDispl":1,"Shape__Len":8579.5063403686945},"geometry":{"type":"LineString","coordinates":[[-122.9378101858576,45.20826127248008],[-122.937309813401527,45.20980122860329],[-122.936210686670648,45.211525458948628],[-122.929609928605018,45.218912205107095],[-122.941746581335167,45.223241334348721],[-122.944167571931004,45.223103823823358]]}},
{"type":"Feature","properties":{"OBJECTID":2086.0,"FENAME":null,"MILES":1.62728791,"Source":"Orthoimagery and lidar","Edit_date":"2010/12/30 16:00:00.000","GlobalID":"558f1cd7-f714-4466-b3f7-2910dbabccbe","CartoDispl":1,"Shape__Len":8592.0974935926643},"geometry":{"type":"LineString","coordinates":[[-122.842645903958797,45.50521221820901],[-122.841230659591389,45.506560001047049],[-122.840734933424045,45.507698803025335],[-122.839972142028245,45.510772015361738],[-122.839685231838942,45.511882806676809],[-122.839672999866664,45.51241651947722],[-122.839750713724584,45.515001324840398],[-122.839803150766869,45.516962669110676],[-122.83978128739318,45.519263678378664],[-122.839747721433824,45.522612795921383],[-122.839798491575522,45.526036426860067],[-122.839789287629699,45.527313112423876],[-122.839931971162272,45.528324785355416]]}},
{"type":"Feature","properties":{"OBJECTID":3880.0,"FENAME":null,"MILES":null,"Source":"Orthoimagery and lidar","Edit_date":"2020/01/28 16:27:46.000","GlobalID":"195b7395-fa39-408b-93ee-8aaef3713ea3","CartoDispl":100,"Shape__Len":8621.9238041709286},"geometry":{"type":"LineString","coordinates":[[-122.591037395785278,45.336483537715893],[-122.589415084094185,45.337191427564861],[-122.588799709412712,45.337450159481079],[-122.587317548888379,45.338066193060975],[-122.583694275200003,45.339429082519224],[-122.580102074669171,45.33954692761094],[-122.575889168651031,45.339306591474674],[-122.574362514500876,45.339345720459406],[-122.57316468517206,45.339373018910763],[-122.569273788496645,45.3395191692343],[-122.568105482308724,45.33954589042245],[-122.565368535615477,45.339618309254426],[-122.562860905034668,45.339374020602072],[-122.561602400928876,45.339238541883674],[-122.560619056419185,45.339124971258414],[-122.560267653143256,45.339095469329123],[-122.559255540705379,45.339122313554363],[-122.559349558375672,45.339510629932661]]}},
{"type":"Feature","properties":{"OBJECTID":2089.0,"FENAME":null,"MILES":1.63371431,"Source":"Orthoimagery and lidar","Edit_date":"2010/12/30 16:00:00.000","GlobalID":"20eb19b5-979c-4d14-b934-f4486a34be4e","CartoDispl":1,"Shape__Len":8626.0287813956147},"geometry":{"type":"LineString","coordinates":[[-122.847181759979208,45.531794445346641],[-122.847269250874902,45.532778640702425],[-122.850166772561394,45.533534845745272],[-122.853801152789814,45.534409496637274],[-122.855281724088471,45.534817846884337],[-122.856270273821863,45.535126556943219],[-122.857891884024895,45.535336742716325],[-122.859050254860463,45.535322875261834],[-122.860203906987735,45.535028069476873],[-122.863259609014136,45.534013653702424],[-122.86438077652177,45.533919512115745],[-122.865855298518909,45.534013489004238],[-122.867820833053244,45.534016519276769],[-122.870707583160282,45.534172290069527],[-122.874270449369121,45.534123720063256],[-122.876649843400784,45.534137239694545],[-122.877627801452732,45.53435072360503],[-122.878355801481305,45.534583581329386]]}},
{"type":"Feature","properties":{"OBJECTID":2176.0,"FENAME":null,"MILES":1.67846788,"Source":"Orthoimagery and lidar","Edit_date":"2010/12/30 16:00:00.000","GlobalID":"5c2f6ee5-f133-4b10-931f-fb0582f59a7d","CartoDispl":1,"Shape__Len":8862.3283657663032},"geometry":{"type":"LineString","coordinates":[[-122.973111569091458,44.96994351952867],[-122.973027928520295,44.969562392817764],[-122.973177221054584,44.968968394097857],[-122.973240789367111,44.968252349989378],[-122.973297740385561,44.961056632089999],[-122.973384434355026,44.955194341516034],[-122.973471921581748,44.954026877000764],[-122.973560719084645,44.953656371271876],[-122.97359519464743,44.950358535392908],[-122.973624720562412,44.949157224800452],[-122.973757953226112,44.945657155064474]]}},
{"type":"Feature","properties":{"OBJECTID":2189.0,"FENAME":null,"MILES":1.68027684,"Source":"Orthoimagery and lidar","Edit_date":"2010/12/30 16:00:00.000","GlobalID":"d3bb821d-3dbb-4764-9479-abe1d61479b4","CartoDispl":1,"Shape__Len":8871.8793112682233},"geometry":{"type":"LineString","coordinates":[[-122.976746309240951,44.928088075473575],[-122.97683869295544,44.928784828975104],[-122.976612126237583,44.929691597867517],[-122.976610698923906,44.931792783737208],[-122.971349448100867,44.93176668763958],[-122.966116499663329,44.931749658998775],[-122.959214589832072,44.931693596745717],[-122.959214327585713,44.931356626499621],[-122.954418861396391,44.93129011294036],[-122.952135863865962,44.929589292783632],[-122.950816641053223,44.929545045062888],[-122.950903675725499,44.929982146963496],[-122.950908777837071,44.930269458647146],[-122.950210335392853,44.930249584589497]]}},
{"type":"Feature","properties":{"OBJECTID":3837.0,"FENAME":null,"MILES":null,"Source":"Orthoimagery and lidar","Edit_date":"2020/01/28 16:27:46.000","GlobalID":"cb493ed3-ea8f-49eb-b3e2-9860298ce6ed","CartoDispl":100,"Shape__Len":8908.0314520356133},"geometry":{"type":"LineString","coordinates":[[-122.449125116875905,45.558618511731687],[-122.447652832558347,45.557622401030329],[-122.445461181687051,45.55597085917838],[-122.444469911871195,45.555228182756871],[-122.443670995184419,45.554911011681028],[-122.440157192695082,45.554763997699872],[-122.438997236305823,45.555051203001987],[-122.436569933685021,45.555285337606179],[-122.434029258899457,45.554073970828163],[-122.433288801527638,45.553339488086678],[-122.433237792361325,45.550394513734147],[-122.433268086247679,45.546930803155107],[-122.43318071632109,45.54238320524221]]}},
{"type":"Feature","properties":{"OBJECTID":1740.0,"FENAME":null,"MILES":1.71872105,"Source":"100k and 24k DRG","Edit_date":"2020/01/28 14:28:52.000","GlobalID":"de6e9460-a25b-4409-9eaa-61221ce7a7e0","CartoDispl":12,"Shape__Len":9074.8654707891237},"geometry":{"type":"LineString","coordinates":[[-122.404104075172341,45.581744682767855],[-122.404792526016578,45.580884190066818],[-122.405091596627756,45.580480709630933],[-122.405572093777508,45.579889153568217],[-122.405975035670053,45.579360195578616],[-122.406949178480147,45.578141151173469],[-122.407767774284167,45.577083283359123],[-122.409388075759509,45.575324048536991],[-122.410943817859319,45.573927080642662],[-122.410854395286961,45.571176644633155],[-122.411011759041585,45.569993504910428],[-122.41088460942278,45.568287514527668],[-122.410952729149145,45.565451230410311],[-122.41093757933632,45.563220257242136],[-122.410958955714889,45.561177128787271],[-122.411231577937855,45.560517668841229],[-122.409719069651146,45.559524455164855],[-122.408774222843249,45.559089857088701]]}},
{"type":"Feature","properties":{"OBJECTID":2140.0,"FENAME":null,"MILES":1.59832716,"Source":"Orthoimagery and lidar","Edit_date":"2020/01/28 16:27:45.000","GlobalID":"9efb313e-af9b-43ff-8c93-b5d3d7bc54d4","CartoDispl":100,"Shape__Len":9196.3129464524609},"geometry":{"type":"LineString","coordinates":[[-122.405756351588366,45.560082064939706],[-122.41375236776264,45.560176377148117],[-122.416326219843555,45.559137668678247],[-122.425041180623552,45.55564050253934],[-122.427176215289705,45.556087489699962],[-122.428202842831865,45.554859717151771],[-122.428837194930551,45.554217041546615],[-122.431375718188363,45.553960791514342],[-122.433898140389843,45.555044170681619],[-122.434939037931272,45.55515551792535],[-122.436387556438504,45.555326709523079],[-122.437865979729025,45.555436166842085]]}},
{"type":"Feature","properties":{"OBJECTID":1836.0,"FENAME":null,"MILES":2.18415339,"Source":"Orthoimagery and lidar","Edit_date":"2020/01/28 16:27:45.000","GlobalID":"902c7a9d-3672-420f-8b34-6f8871ae5e1d","CartoDispl":100,"Shape__Len":9230.1719764705413},"geometry":{"type":"LineString","coordinates":[[-122.319599274187411,45.272369920878823],[-122.318923212199522,45.271002141386155],[-122.317944248278593,45.26998358363489],[-122.317136048130664,45.269356743266833],[-122.316390351459304,45.269487420844136],[-122.315442895345498,45.268558242513137],[-122.315212668700781,45.268235524870882],[-122.314703697888447,45.266854205245274],[-122.311711694591764,45.26559161822739],[-122.311323165501406,45.265433502832956],[-122.307665914623698,45.263520392689344],[-122.304567766501862,45.262571199329159],[-122.301670382760051,45.259102902062679],[-122.299263031063603,45.256246689667066],[-122.295710670635302,45.255624428311002]]}},
{"type":"Feature","properties":{"OBJECTID":1664.0,"FENAME":null,"MILES":1.75435784,"Source":"100k and 24k DRG","Edit_date":"2006/01/12 16:00:00.000","GlobalID":"1c1293e4-32b7-4b74-921c-aa9459a9afe9","CartoDispl":1,"Shape__Len":9263.0278923363785},"geometry":{"type":"LineString","coordinates":[[-122.785056949806588,45.565819820925512],[-122.783814685064144,45.565830983166748],[-122.782119791869832,45.565454216844223],[-122.780385731138267,45.565063853579467],[-122.778737772239538,45.56468262808832],[-122.77706614728983,45.564314831247053],[-122.775441742367349,45.563956104122482],[-122.773817433496546,45.56358386790739],[-122.772263114362204,45.563238734106577],[-122.770521203260543,45.562843692647988],[-122.768803004935151,45.562435186576273],[-122.76713190823034,45.56206723989844],[-122.765351194444577,45.56168105597731],[-122.763265792984114,45.56119969320708],[-122.76135998257098,45.561335232995084],[-122.759843848378949,45.56202513082841],[-122.758405876467791,45.562683663151091],[-122.756928995817873,45.563346625525845],[-122.75538939770702,45.5640589064407],[-122.753553566872554,45.564009949783973],[-122.751851053188432,45.563605714458582],[-122.751210975456473,45.563464811023479]]}},
{"type":"Feature","properties":{"OBJECTID":481.0,"FENAME":null,"MILES":1.76496975,"Source":"100k and 24k DRG","Edit_date":"2020/01/28 16:27:44.000","GlobalID":"bff05cdc-abba-4937-95a2-bf902f2d7501","CartoDispl":100,"Shape__Len":9319.0589307735936},"geometry":{"type":"LineString","coordinates":[[-121.900145186128157,45.318080949892035],[-121.900252117669993,45.314449822315588],[-121.892611588308725,45.309146014746524],[-121.88965351190771,45.307767025475911],[-121.886526614165746,45.304595021499772],[-121.876274942793586,45.301181935954453]]}},
{"type":"Feature","properties":{"OBJECTID":1692.0,"FENAME":null,"MILES":1.78471034,"Source":"100k and 24k DRG","Edit_date":"2006/01/12 16:00:00.000","GlobalID":"f74b4cda-b63d-4547-b698-10430ae7596d","CartoDispl":1,"Shape__Len":9423.289359313665},"geometry":{"type":"LineString","coordinates":[[-122.809052443582175,45.597073419985762],[-122.810537713273007,45.59506417759453],[-122.812600940477139,45.592245781167328],[-122.81507856544259,45.588824967089423],[-122.81711800976035,45.586033451630996],[-122.819641580688653,45.582603594132728],[-122.821626215548164,45.579901919029794],[-122.82326679069547,45.57764072610312],[-122.825367970701492,45.574700632045754],[-122.825836504438072,45.574075783930311]]}},
{"type":"Feature","properties":{"OBJECTID":2283.0,"FENAME":null,"MILES":1.78600731,"Source":"Orthoimagery and lidar","Edit_date":"2012/04/03 08:18:03.000","GlobalID":"1e200b4b-b1d7-4f99-afce-d25fd40300ae","CartoDispl":1,"Shape__Len":9430.1376748348775},"geometry":{"type":"LineString","coordinates":[[-122.860148222833246,45.148522172079247],[-122.860115658150107,45.148222711403982],[-122.860425681385024,45.147415942597988],[-122.860508293465998,45.146971179201593],[-122.860486469593667,45.146442823221633],[-122.861965745930448,45.142653392485805],[-122.860034256616061,45.14185012126898],[-122.859076489155754,45.141641251872151],[-122.857926529243258,45.141179089070548],[-122.857734919876577,45.140940083271275],[-122.854095936476369,45.139371625034421],[-122.848717543811176,45.137238606780862],[-122.845346009344738,45.13577871019001],[-122.844857114778875,45.135674421643486],[-122.849322742757309,45.13083759407489]]}},
{"type":"Feature","properties":{"OBJECTID":2151.0,"FENAME":null,"MILES":1.82575316,"Source":"Orthoimagery and lidar","Edit_date":"2010/12/30 16:00:00.000","GlobalID":"e96467dc-134f-4e2f-8575-7ee5883641bd","CartoDispl":1,"Shape__Len":9639.9961068373741},"geometry":{"type":"LineString","coordinates":[[-123.010421245059874,44.910750439553865],[-123.010440998561876,44.914971441395174],[-123.010428490632762,44.916561940951119],[-123.013253579779516,44.916516198735962],[-123.016333253719012,44.916569462617247],[-123.017342049843776,44.916573636549849],[-123.018108122172663,44.916583093283926],[-123.021142767966197,44.91661628669334],[-123.025209639896403,44.916684380212345],[-123.027581646293683,44.916716195500051],[-123.029674155474808,44.916754084956359],[-123.030632149275888,44.916774948374105],[-123.030566660239856,44.918319542151124],[-123.030778089157522,44.918780472483093],[-123.031821111646835,44.918893623472663],[-123.032705358253821,44.918910856622304],[-123.034214140266286,44.91889868935975],[-123.035777738728967,44.919131158481996],[-123.036704985738879,44.919121261172748]]}},
{"type":"Feature","properties":{"OBJECTID":1693.0,"FENAME":null,"MILES":1.82655918,"Source":"100k and 24k DRG","Edit_date":"2006/01/12 16:00:00.000","GlobalID":"0fbf1508-fe7c-4a98-a252-eeff6c1aa504","CartoDispl":1,"Shape__Len":9644.2518622211592},"geometry":{"type":"LineString","coordinates":[[-122.808732158863108,45.597225903056327],[-122.809654418620866,45.595962807412718],[-122.811147218931367,45.593962574961907],[-122.812859076915018,45.591602630038757],[-122.814211163639257,45.589687646646297],[-122.816297622138393,45.586878225669388],[-122.818078981400049,45.584446317126464],[-122.819844977569446,45.582005353305213],[-122.821883972545365,45.579204752409943],[-122.823610124361991,45.576858182239043],[-122.825883392467219,45.573679820730057]]}},
{"type":"Feature","properties":{"OBJECTID":2143.0,"FENAME":null,"MILES":1.82884767,"Source":"Orthoimagery and lidar","Edit_date":"2020/01/28 16:27:45.000","GlobalID":"e4fcf80e-ef2e-4186-95d3-ad0011560697","CartoDispl":100,"Shape__Len":9656.3351183361501},"geometry":{"type":"LineString","coordinates":[[-121.698539216051202,45.315399907197822],[-121.697241967297842,45.315696214588293],[-121.696150499082847,45.315641121240361],[-121.692798492109475,45.315662264339196],[-121.6919828681377,45.315613145847969],[-121.690148153649986,45.31567613672118],[-121.68573637184106,45.31565927642572],[-121.681844942749024,45.315654650760507],[-121.679197572101728,45.315814141100724],[-121.674516657428498,45.315812846166239],[-121.674603975013639,45.317337254991394],[-121.674642271374793,45.319534168157617],[-121.673598760492339,45.321229143699313],[-121.672200012572645,45.322715472807779],[-121.671305335867089,45.323719230264842],[-121.67061329459635,45.324517571608283]]}},
{"type":"Feature","properties":{"OBJECTID":1720.0,"FENAME":null,"MILES":1.83009537,"Source":"100k and 24k DRG","Edit_date":"2006/01/12 16:00:00.000","GlobalID":"f666bc3e-31ab-42fb-9c78-b58b8eed8117","CartoDispl":1,"Shape__Len":9662.9230584812267},"geometry":{"type":"LineString","coordinates":[[-122.707312052216423,45.647348540623121],[-122.708140707072701,45.645631488612004],[-122.709485824380465,45.644145277757964],[-122.712057982306092,45.641316520405027],[-122.714075235904374,45.639057854680978],[-122.716084372698091,45.636871159256863],[-122.718038413923722,45.634684287672968],[-122.720039715479444,45.632474975216887],[-122.721032288616669,45.63137479409734],[-122.722618733080097,45.629668480396177],[-122.724220697788553,45.62796669872094],[-122.725213443475866,45.626879969105616],[-122.727018510911876,45.624931102290219],[-122.727088722827531,45.624832266766603]]}},
{"type":"Feature","properties":{"OBJECTID":1455.0,"FENAME":null,"MILES":3.52728211,"Source":"Orthoimagery and lidar","Edit_date":"2020/01/28 14:11:00.000","GlobalID":"60547c33-568a-4758-9442-d62c48b1fa3b","CartoDispl":12,"Shape__Len":9855.5616154241907},"geometry":{"type":"LineString","coordinates":[[-122.437865979729025,45.555436166842085],[-122.437909680803273,45.545840825266183],[-122.446017253497601,45.539176488590108],[-122.446082877421475,45.533777618335421],[-122.446127544907284,45.5305120759148]]}},
{"type":"Feature","properties":{"OBJECTID":4214.0,"FENAME":null,"MILES":null,"Source":null,"Edit_date":"2020/03/17 16:12:19.000","GlobalID":"b2cfa420-ab41-4790-acb4-4ae329c6e5b2","CartoDispl":1,"Shape__Len":10156.284733737284},"geometry":{"type":"LineString","coordinates":[[-123.395419406943489,45.089375024930561],[-123.381554464355503,45.093041798825197],[-123.374436900703643,45.09477766012516],[-123.371722408352184,45.09506401154151],[-123.366683781290106,45.095807252319418],[-123.364268154883646,45.096253534221304],[-123.360402741610315,45.09681287236036],[-123.357927548560752,45.097522701791412]]}},
{"type":"Feature","properties":{"OBJECTID":2043.0,"FENAME":null,"MILES":1.9496306,"Source":"100k and 24k DRG","Edit_date":"2006/01/12 16:00:00.000","GlobalID":"6e394d7e-64ca-4ef5-97f1-4d8a7e865463","CartoDispl":1,"Shape__Len":10294.070151852342},"geometry":{"type":"LineString","coordinates":[[-122.801666123853877,45.610204680627717],[-122.800740981193385,45.610326586478578],[-122.798903567038224,45.611070446405542],[-122.796416971135798,45.612105640214338],[-122.794798645801762,45.612750809347837],[-122.793469113397691,45.613324467319607],[-122.791381303319866,45.614202762999795],[-122.78815959755994,45.615600972290387],[-122.786149494296879,45.616447805341188],[-122.784538811044499,45.617124353229755],[-122.782990251702955,45.617796472626544],[-122.781457622113578,45.617964567159781],[-122.780182811806839,45.618110635904223],[-122.779924987156448,45.618137146724209],[-122.778142297259507,45.617877157121541],[-122.774350583101693,45.617347666816471],[-122.770589899347769,45.616791113752718],[-122.768744779226225,45.6165353630699],[-122.766712187585469,45.616252204076027],[-122.764757822162835,45.61596015822397]]}},
{"type":"Feature","properties":{"OBJECTID":41.0,"FENAME":null,"MILES":2.06166013,"Source":"Orthoimagery and lidar","Edit_date":"2020/03/19 10:44:58.000","GlobalID":"475f777b-9146-4ed5-a89a-caca2858caf6","CartoDispl":100,"Shape__Len":10727.435959002052},"geometry":{"type":"LineString","coordinates":[[-122.235195276519804,45.42889223597129],[-122.239502056029124,45.429136823630778],[-122.241004666082446,45.429283350950897],[-122.243229888944526,45.429284779168121],[-122.246414589720175,45.428206246692611],[-122.250045886292099,45.428151799700927],[-122.254803951524949,45.42889478499275],[-122.259211129300425,45.429388335882287],[-122.275132644220903,45.429334024590794],[-122.275016782804087,45.430243233198915]]}},
{"type":"Feature","properties":{"OBJECTID":2085.0,"FENAME":null,"MILES":2.06089905,"Source":"Orthoimagery and lidar","Edit_date":"2010/12/30 16:00:00.000","GlobalID":"3b36fd33-9749-4204-8243-c26655ab9acb","CartoDispl":1,"Shape__Len":10881.568872613831},"geometry":{"type":"LineString","coordinates":[[-122.845988682763618,45.53428568540302],[-122.846013789487898,45.532070358900953],[-122.846040590661886,45.527730665952596],[-122.846044778700474,45.524501215674071],[-122.846105020156713,45.51931776544248],[-122.846064736955185,45.516994183197468],[-122.846097709327609,45.512306622577995],[-122.846085087140978,45.509996763382723],[-122.845839461973227,45.509287232363498],[-122.841876327259001,45.507447277582528],[-122.842704831096086,45.506663788227556],[-122.843292522527378,45.506956831355652]]}},
{"type":"Feature","properties":{"OBJECTID":2154.0,"FENAME":null,"MILES":2.10317323,"Source":"Orthoimagery and lidar","Edit_date":"2010/12/30 16:00:00.000","GlobalID":"2b60f38a-69e7-42f0-ba66-7660a432bf3a","CartoDispl":1,"Shape__Len":11104.777049615635},"geometry":{"type":"LineString","coordinates":[[-123.012974694941917,44.923882294666271],[-123.016048681703168,44.925159753433938],[-123.018957348428401,44.926357041063923],[-123.018866628991461,44.928006785273908],[-123.018892727298692,44.928440390175318],[-123.020041731527485,44.928446719005528],[-123.021837900658625,44.928433680016489],[-123.022554564103416,44.928318645863371],[-123.026202466327362,44.928385406344034],[-123.026838647997195,44.928282566240746],[-123.026892839607513,44.923756546845894],[-123.028167033936271,44.923765284724766],[-123.02859323490479,44.923745494631156],[-123.029897760046978,44.923774474726372],[-123.030780720098335,44.923760366356674],[-123.03076818460373,44.9299175617735],[-123.029854835162283,44.931778884191786],[-123.028766458206292,44.934020659906864]]}},
{"type":"Feature","properties":{"OBJECTID":2277.0,"FENAME":null,"MILES":2.12317388,"Source":"Orthoimagery and lidar","Edit_date":"2012/04/03 08:18:03.000","GlobalID":"082235bd-4e03-40da-a333-8ae52f57b88e","CartoDispl":1,"Shape__Len":11210.380729993736},"geometry":{"type":"LineString","coordinates":[[-122.897504180295712,45.137724609151661],[-122.8977131258589,45.137891727272212],[-122.911367487632162,45.1379755797455],[-122.912323920553277,45.139584694890409],[-122.912782866572499,45.13993230046583],[-122.927364631290587,45.139966053169431],[-122.932617725396767,45.140025692757355],[-122.939119926327209,45.140015518164226]]}},
{"type":"Feature","properties":{"OBJECTID":2481.0,"FENAME":null,"MILES":2.14957398,"Source":"Orthoimagery and lidar","Edit_date":"2014/06/19 06:19:27.000","GlobalID":"3828611f-76b8-4a1f-80e8-3f2f6bd6246f","CartoDispl":1,"Shape__Len":11349.773169304885},"geometry":{"type":"LineString","coordinates":[[-122.99117260186884,44.982917644148031],[-122.988351273850014,44.982952029010754],[-122.988319317334401,44.979016320217461],[-122.988385483939112,44.972161334991348],[-122.98844619955031,44.968410466947859],[-122.988522821326427,44.964944546186985],[-122.988599088350099,44.958906464829063],[-122.988703494692089,44.953822276963784]]}},
{"type":"Feature","properties":{"OBJECTID":906.0,"FENAME":null,"MILES":2.26438787,"Source":"100k and 24k DRG","Edit_date":"2020/01/28 16:27:44.000","GlobalID":"c7819c96-67ac-47fc-bea4-6b7053944ff5","CartoDispl":100,"Shape__Len":11966.027042769416},"geometry":{"type":"LineString","coordinates":[[-121.939618835042197,45.345391630524652],[-121.935036260366985,45.345393954059126],[-121.932365101926379,45.342857564560845],[-121.930537247951605,45.342318348293311],[-121.926501691761231,45.339057926501717],[-121.919760803242028,45.336473876857582],[-121.914973531293768,45.33453812924818],[-121.912623264967706,45.331311218816047],[-121.911665134607986,45.330032865417387],[-121.909863908346793,45.329466567395784],[-121.908265845612661,45.328956209553368],[-121.90305377022122,45.328558555398999]]}},
{"type":"Feature","properties":{"OBJECTID":2305.0,"FENAME":null,"MILES":2.30224622,"Source":"Orthoimagery and lidar","Edit_date":"2012/04/03 08:18:03.000","GlobalID":"ef842af3-c148-4f5a-97a8-33b2729dbd33","CartoDispl":1,"Shape__Len":12155.884224610989},"geometry":{"type":"LineString","coordinates":[[-122.855445042929063,45.205068092059285],[-122.855672071441319,45.205045667516195],[-122.862256559625848,45.206236425339313],[-122.863266375747202,45.206340365123665],[-122.862854784009144,45.213980776271775],[-122.86236617834264,45.222694657688677],[-122.865155097042276,45.223137186064264],[-122.864004173990054,45.22806312506728],[-122.863168228991569,45.232296520876211]]}},
{"type":"Feature","properties":{"OBJECTID":2303.0,"FENAME":null,"MILES":2.31275195,"Source":"Orthoimagery and lidar","Edit_date":"2012/04/03 08:18:03.000","GlobalID":"01dac9a3-d031-4016-9cbf-7daff745defa","CartoDispl":1,"Shape__Len":12211.354923312159},"geometry":{"type":"LineString","coordinates":[[-122.929609928605018,45.218912205107095],[-122.928001631672245,45.220561416320443],[-122.925363019523445,45.223190054190162],[-122.91852424459664,45.228365849095127],[-122.910363375348808,45.234355159282899],[-122.912377414941446,45.234627094659793],[-122.913381584408242,45.234934614677023],[-122.914743233143,45.235563294318595],[-122.922441819487332,45.240131100180761],[-122.921257994017864,45.241313847084641],[-122.920932956028722,45.242235430070025]]}},
{"type":"Feature","properties":{"OBJECTID":4251.0,"FENAME":null,"MILES":null,"Source":null,"Edit_date":"2020/03/19 10:38:54.000","GlobalID":"466f31eb-30fe-4305-844d-63bdc96e994d","CartoDispl":1,"Shape__Len":13710.14919297752},"geometry":{"type":"LineString","coordinates":[[-122.414288767306601,45.500954565952419],[-122.41456373456559,45.501999041710214],[-122.414316040691361,45.502245063781551],[-122.417281071122503,45.504919981566566],[-122.418596358625067,45.505735918464403],[-122.42028881503613,45.506483593409193],[-122.420941024372283,45.506727228253943],[-122.42492293688511,45.507598442048277],[-122.434513493324062,45.509920691123263],[-122.444934525673645,45.512831774675384],[-122.455222966417779,45.515153947014234],[-122.45971397092427,45.516170562374157],[-122.460775963704947,45.516518772068977]]}},
{"type":"Feature","properties":{"OBJECTID":1698.0,"FENAME":null,"MILES":2.62210519,"Source":"100k and 24k DRG","Edit_date":"2006/01/12 16:00:00.000","GlobalID":"ab0efb85-b075-40d0-a4f6-3fb3b1d900bb","CartoDispl":1,"Shape__Len":13844.743035324844},"geometry":{"type":"LineString","coordinates":[[-122.846734299353244,45.544973992772597],[-122.846506486334619,45.542786423618985],[-122.846208630831711,45.540459262888746],[-122.846269791628373,45.538582608710776],[-122.846253171181843,45.536606872961293],[-122.846275286413899,45.53437462665606],[-122.846297121057063,45.53208839777561],[-122.846287947219906,45.529730104908353],[-122.846310058089585,45.527056822153732],[-122.846339460290295,45.52448704417597],[-122.846330543746092,45.522038757573306],[-122.846336723701228,45.519333935959708],[-122.846374295697416,45.517007197491822],[-122.846372640979212,45.514531896241671],[-122.846402395352044,45.512277161135735],[-122.846393515403136,45.510251907125266],[-122.846415769415557,45.50809617455046],[-122.845190209008038,45.507455437032199]]}},
{"type":"Feature","properties":{"OBJECTID":2483.0,"FENAME":null,"MILES":2.6590817,"Source":"Orthoimagery and lidar","Edit_date":"2014/06/19 06:19:27.000","GlobalID":"4e56dd4e-b9ad-46a0-82c8-45075c0dd55c","CartoDispl":1,"Shape__Len":14039.979477725781},"geometry":{"type":"LineString","coordinates":[[-122.994245265302226,44.981524631651183],[-122.994925327303747,44.981874585881584],[-123.000700799074039,44.984820780857341],[-122.99831441909437,44.989801647388099],[-122.997417316793602,44.991692567465854],[-122.996659204356874,44.993360812370803],[-122.994864347499828,44.997133834883662],[-123.001576150044485,44.997129458309267],[-123.001579250769012,44.996048640364641],[-123.002350152607448,44.993527785730464],[-123.004694254236739,44.986992523185222],[-123.005062820812583,44.986061943753256],[-123.009929289685005,44.987511664205158]]}},
{"type":"Feature","properties":{"OBJECTID":290.0,"FENAME":null,"MILES":4.22032219,"Source":"Orthoimagery and lidar","Edit_date":"2020/01/28 16:27:44.000","GlobalID":"be84bdf7-7e98-4a23-8528-01fc776c65b4","CartoDispl":100,"Shape__Len":14538.371269693314},"geometry":{"type":"LineString","coordinates":[[-122.410657764184819,45.575271075285706],[-122.411589291619904,45.574988038240662],[-122.413973074779349,45.574177528900194],[-122.414131853969408,45.571499567092808],[-122.414200784640386,45.569798748759645],[-122.414233883662121,45.56824776386744],[-122.414240908968907,45.567540446380512],[-122.41381366712217,45.563861412647775],[-122.413717218088195,45.56208243450854],[-122.413459133101966,45.55979487351631],[-122.416224799383642,45.558746942690874],[-122.419460385840409,45.557521786111558],[-122.430025148628431,45.553254471245452],[-122.436408800432545,45.546344547859682],[-122.437564746436649,45.545327961543236]]}},
{"type":"Feature","properties":{"OBJECTID":2433.0,"FENAME":null,"MILES":2.75545062,"Source":"Orthoimagery and lidar","Edit_date":"2020/01/28 16:27:46.000","GlobalID":"283f9f33-4c51-40dc-ba08-a06865bde81b","CartoDispl":100,"Shape__Len":14548.808468963598},"geometry":{"type":"LineString","coordinates":[[-122.58118268428143,45.202478588955628],[-122.581354868522425,45.207621106299754],[-122.581562245959219,45.215319319670591],[-122.581668788848233,45.220921175222095],[-122.581900896099611,45.22159043923196],[-122.582164917463984,45.222129602762216],[-122.582202309691766,45.222819681600143],[-122.581756591927316,45.225003694827961],[-122.581779567851882,45.225633595145183],[-122.581897459432881,45.226520800870752],[-122.581596094714413,45.227303394241453],[-122.583487245129305,45.22890085664077],[-122.586777195925634,45.231655686796593],[-122.587910874274499,45.232248034907279],[-122.588223534085031,45.232777661819377],[-122.588379226002701,45.234026820444271],[-122.587800997147085,45.236593194282641],[-122.587664645290985,45.237208733537592],[-122.587517196363976,45.239525470134062],[-122.586874177372835,45.240322948624168]]}},
{"type":"Feature","properties":{"OBJECTID":2125.0,"FENAME":null,"MILES":2.76964131,"Source":"Orthoimagery and lidar","Edit_date":"2010/12/30 16:00:00.000","GlobalID":"a11ce0bb-debe-4909-a510-4ef691158e4a","CartoDispl":1,"Shape__Len":14623.735141143681},"geometry":{"type":"LineString","coordinates":[[-123.088799205840147,44.931440171836506],[-123.088863941892171,44.930536564036721],[-123.08888134696592,44.930403748309352],[-123.086529430457048,44.929653590009899],[-123.084185271780626,44.929077021400545],[-123.08191795216915,44.928655944644703],[-123.081887741503792,44.926132240615665],[-123.081193352166324,44.925973948174224],[-123.08121683370203,44.924136004896845],[-123.079970488109225,44.923087881200523],[-123.074598590165934,44.923058750898413],[-123.07308497842746,44.92387047893898],[-123.064630226445402,44.923942615394601],[-123.059568215603065,44.923012033383834],[-123.056919919931332,44.921597447660695],[-123.054442871686561,44.923291013272426],[-123.053523635555322,44.924114164309863],[-123.051244183992637,44.927665513437603],[-123.04993141667417,44.929349806259999],[-123.049474072527289,44.929815109306112],[-123.049159795258248,44.929822043936312],[-123.049162034545148,44.929606804950843]]}},
{"type":"Feature","properties":{"OBJECTID":2166.0,"FENAME":null,"MILES":2.80006337,"Source":"Orthoimagery and lidar","Edit_date":"2010/12/30 16:00:00.000","GlobalID":"e0818635-2d46-4aee-a7f2-069163decde4","CartoDispl":1,"Shape__Len":14784.364153872335},"geometry":{"type":"LineString","coordinates":[[-122.950856433294945,44.9278810780649],[-122.94902522074041,44.927828958304026],[-122.940829777632317,44.927794508326464],[-122.936749792356835,44.927763696954841],[-122.935465731195109,44.927673835962473],[-122.933587545796414,44.926933830207865],[-122.932211056801222,44.926819894299726],[-122.924306526762692,44.92673917100354],[-122.917427504323427,44.926688424685786],[-122.917308173574597,44.926457047254729],[-122.917260232942525,44.915595878510679],[-122.917270116222355,44.910099603382825]]}},
{"type":"Feature","properties":{"OBJECTID":2167.0,"FENAME":null,"MILES":0.56326096,"Source":"Orthoimagery and lidar","Edit_date":"2019/04/22 15:26:01.000","GlobalID":"b3c80ff9-1c9e-416b-afec-519c6c12225c","CartoDispl":1,"Shape__Len":15184.089168382792},"geometry":{"type":"LineString","coordinates":[[-122.976319888972441,44.882744784838941],[-122.97660297153331,44.880302743267862],[-122.971785412726916,44.875736574676253],[-122.969605931911346,44.874906517786528],[-122.961389092183708,44.873206501536608],[-122.960585409421924,44.872834837098424],[-122.959345334670402,44.872792655799245],[-122.957967580254987,44.872536122673409],[-122.956697303470392,44.872540297076107],[-122.955516978000503,44.872771250041886],[-122.952236834838118,44.8727838121955],[-122.950199387527036,44.871752167505214],[-122.950017131920603,44.871241449254768],[-122.950165800113211,44.869420083946771],[-122.948532789368926,44.868825800838032],[-122.945844978748624,44.868002278081896],[-122.944187618483497,44.867976402958412],[-122.940639176229539,44.867975263726407],[-122.939432887571542,44.867840674760913],[-122.938056290156638,44.867221767954476],[-122.936822784669218,44.865921331941635],[-122.936548464406201,44.865256256348083],[-122.938191771700133,44.861996806444537]]}},
{"type":"Feature","properties":{"OBJECTID":1683.0,"FENAME":null,"MILES":2.87721639,"Source":"100k and 24k DRG","Edit_date":"2006/01/12 16:00:00.000","GlobalID":"802758e4-4e4d-4a2f-84a9-4b230d0fcace","CartoDispl":1,"Shape__Len":15191.73276784165},"geometry":{"type":"LineString","coordinates":[[-122.827509429261767,45.547574846382403],[-122.827524704719266,45.54546413104817],[-122.827531540284255,45.542844834460602],[-122.827546652933336,45.5403830630584],[-122.827538289430322,45.538938387560584],[-122.827553451611777,45.536341592156312],[-122.82755299522205,45.534136344882377],[-122.827552296457498,45.531490032045696],[-122.82756696771645,45.528659215641603],[-122.827566051661762,45.524775253359017],[-122.827565307739235,45.521615880566777],[-122.827572824715219,45.520337739123576],[-122.827588279353478,45.519869704312967],[-122.827572193958275,45.51858702031889],[-122.827579691767014,45.517569911822044],[-122.829101460585179,45.515947510325624],[-122.830864441666193,45.514041905775613],[-122.832705717330441,45.512001371657938],[-122.833977169230636,45.510639564389209],[-122.834609363727296,45.509929395221356],[-122.836590687918175,45.507785490947654]]}},
{"type":"Feature","properties":{"OBJECTID":1684.0,"FENAME":null,"MILES":2.8791492,"Source":"100k and 24k DRG","Edit_date":"2006/01/12 16:00:00.000","GlobalID":"df89a0fb-c58d-4dec-bd6e-688c8f03900c","CartoDispl":1,"Shape__Len":15201.938306214081},"geometry":{"type":"LineString","coordinates":[[-122.827290714035897,45.547489002792993],[-122.82732866716016,45.543596114602742],[-122.827343718221613,45.540261248523514],[-122.827350438727919,45.536372799355739],[-122.827349823052032,45.533960517701267],[-122.827349255489523,45.531008163070425],[-122.827363705153701,45.528384388761907],[-122.827370705382023,45.525184515047073],[-122.827346847520374,45.522133102095559],[-122.827354539047391,45.521845090379188],[-122.827377236596803,45.519927896198283],[-122.82737730353314,45.518595726467225],[-122.827345809566282,45.517511060244964],[-122.829311657776259,45.515376249571695],[-122.831512105063055,45.512998737375007],[-122.833532633269058,45.510796428294626],[-122.835209895582423,45.508958142741754],[-122.836372191738079,45.507668160737111]]}},
{"type":"Feature","properties":{"OBJECTID":2732.0,"FENAME":null,"MILES":2.89025256,"Source":"Orthoimagery and lidar","Edit_date":"2020/01/28 16:27:46.000","GlobalID":"b8b7d8ab-e4d5-42ad-9544-8058a6957ae4","CartoDispl":100,"Shape__Len":15260.564024726335},"geometry":{"type":"LineString","coordinates":[[-122.73338131047187,45.033584080998637],[-122.736514328705013,45.028693168619839],[-122.737804547127638,45.026998427061493],[-122.739955543796583,45.025023795708158],[-122.741925154181672,45.023706504381515],[-122.742873074994279,45.022941367845604],[-122.745177070911851,45.021806907858107],[-122.748099420147113,45.020510320318301],[-122.749967821968724,45.019841574587986],[-122.751878518699485,45.018964735986273],[-122.756902466418836,45.017048161031475],[-122.766812361060374,45.013576728948955],[-122.77471071481142,45.010820495497882],[-122.779054250317671,45.009229544636909]]}},
{"type":"Feature","properties":{"OBJECTID":3997.0,"FENAME":null,"MILES":0.93686064,"Source":"Orthoimagery and lidar","Edit_date":"2019/10/11 08:08:41.000","GlobalID":"72181e81-44d7-486a-a3a5-4f5fa9cea6b9","CartoDispl":1,"Shape__Len":15273.226972329196},"geometry":{"type":"LineString","coordinates":[[-122.843279262348702,45.561453059034257],[-122.827982113757457,45.561334449714685],[-122.826864907601333,45.56188999472667],[-122.826559970907979,45.562083054861944],[-122.826216431526603,45.562073522016298],[-122.825935307232115,45.562082096328588],[-122.824162211419775,45.562074881448453],[-122.822248490706059,45.562094415177789],[-122.82031116220071,45.562104878958529],[-122.818381847570478,45.562115331400001],[-122.816522666151428,45.562107866374824],[-122.81465584460706,45.562109331726177],[-122.812664022541853,45.562133087686782],[-122.810726725399633,45.562129885163344],[-122.809109719506978,45.562505236962252],[-122.807383218093719,45.562916384750906],[-122.805524076923831,45.56335878880467],[-122.803727625574624,45.563954267851436],[-122.801907183666074,45.564527189574392],[-122.800094613839917,45.565127086245354],[-122.798196195726618,45.56575831987184],[-122.796415415637568,45.565741651735955],[-122.794595203376673,45.565778893782593],[-122.792853282609414,45.565757745281047],[-122.79105638062056,45.565772461899854],[-122.789228188543561,45.565796100800419],[-122.787400510178344,45.565797227536827],[-122.785556770848672,45.565802774851974],[-122.785056949806588,45.565819820925512]]}},
{"type":"Feature","properties":{"OBJECTID":1972.0,"FENAME":null,"MILES":2.90563046,"Source":"Orthoimagery and lidar","Edit_date":"2020/01/28 16:27:45.000","GlobalID":"2a3f0942-5844-4f16-85bd-36f0e65bf17f","CartoDispl":100,"Shape__Len":15341.759471754405},"geometry":{"type":"LineString","coordinates":[[-122.464581054920146,45.489937640764417],[-122.474039151991562,45.487701673340936],[-122.482966061102587,45.486922122646178],[-122.489019808537847,45.484933997381361],[-122.495598322896797,45.480068356285287],[-122.501881654943816,45.478759190183638],[-122.519677129306089,45.480923268456593]]}},
{"type":"Feature","properties":{"OBJECTID":2429.0,"FENAME":null,"MILES":2.92269636,"Source":"Orthoimagery and lidar","Edit_date":"2020/01/28 16:27:45.000","GlobalID":"7adb2434-7cf5-4ee9-b092-11a5ffad78da","CartoDispl":100,"Shape__Len":15431.867379382464},"geometry":{"type":"LineString","coordinates":[[-122.584401296820033,45.191611621574964],[-122.585142398980366,45.191336224538496],[-122.585933803081005,45.192118428497565],[-122.587031984264812,45.189733300415845],[-122.587080924640944,45.189466854149607],[-122.588358962993638,45.186547319784665],[-122.589640510275942,45.183727283823174],[-122.590150798138936,45.18292128919272],[-122.591619064276742,45.179757569324693],[-122.592849088911422,45.177461240161612],[-122.59556623209572,45.172691344372133],[-122.595878039678155,45.171754385574424],[-122.597777943924996,45.167902164670515],[-122.599405250802988,45.164619218539279],[-122.601931636152116,45.159635084822696],[-122.604995283323618,45.153664682381191]]}},
{"type":"Feature","properties":{"OBJECTID":2181.0,"FENAME":null,"MILES":2.98040068,"Source":"Orthoimagery and lidar","Edit_date":"2010/12/30 16:00:00.000","GlobalID":"ec30f3c5-5c66-40ea-9fba-411942c642c8","CartoDispl":1,"Shape__Len":15736.547071676036},"geometry":{"type":"LineString","coordinates":[[-122.994925327303747,44.981874585881584],[-122.994190103257566,44.982891006192958],[-122.99325159188885,44.983864158400621],[-122.99242764483877,44.98437743466593],[-122.987948357884648,44.989219384224135],[-122.984617772387011,44.992988267628277],[-122.982740944532964,44.9949398652927],[-122.98159258366104,44.996054867221076],[-122.98010023751263,44.997278005306441],[-122.978604540077455,44.998739420041709],[-122.978025788623171,44.999657077428417],[-122.977630019080195,45.000456464463689],[-122.976881027970194,45.002740410700085],[-122.976185715851372,45.004708742366169],[-122.975433497841706,45.006287596816335],[-122.975965255892319,45.009315965643722],[-122.976550992514973,45.013296071387408],[-122.976347996244954,45.015787476602057],[-122.976134511844307,45.017716894508155],[-122.975843879142474,45.020991542465744]]}},
{"type":"Feature","properties":{"OBJECTID":1741.0,"FENAME":null,"MILES":2.98397141,"Source":"100k and 24k DRG","Edit_date":"2020/01/28 14:29:22.000","GlobalID":"4861bdb1-70dd-46a6-97b9-020948f4c4b3","CartoDispl":12,"Shape__Len":15755.40116003044},"geometry":{"type":"LineString","coordinates":[[-122.38087954811833,45.582188144962522],[-122.381197371451307,45.581811741617372],[-122.381350378927834,45.581628229932271],[-122.382937892832345,45.579723962532071],[-122.384720918174168,45.579598585694129],[-122.388453548511322,45.579348630944963],[-122.391378302218797,45.579130250294313],[-122.392696993675685,45.579272278398172],[-122.39656313030207,45.579715842549241],[-122.397997182961191,45.579858444043786],[-122.401466561040195,45.580254731413106],[-122.401958756453325,45.579771266266647],[-122.403073727067934,45.578579985565177],[-122.405043991156646,45.576493050440838],[-122.407027425143923,45.574361155429003],[-122.409010218547252,45.572274230674466],[-122.409840026519817,45.571360426440513],[-122.409854733099891,45.569956356563686],[-122.409865295907096,45.567724171143723],[-122.40989216756202,45.565159038559671],[-122.409907261062813,45.562494850019398],[-122.409914141831422,45.560613685916479],[-122.40799415354374,45.560423713816448],[-122.403194134423686,45.559957658951191],[-122.402400533115923,45.559881485240766],[-122.402354845087487,45.559401295384347]]}},
{"type":"Feature","properties":{"OBJECTID":2276.0,"FENAME":null,"MILES":3.02468382,"Source":"Orthoimagery and lidar","Edit_date":"2012/04/03 08:18:03.000","GlobalID":"d54bc002-5bb1-4806-9681-e3685899a3b3","CartoDispl":1,"Shape__Len":15970.362746245672},"geometry":{"type":"LineString","coordinates":[[-122.917051839269689,45.16160924416905],[-122.916667388015497,45.161117152319811],[-122.912071175885188,45.159913765691272],[-122.90361707876022,45.157276519458037],[-122.899256440856433,45.155896159357326],[-122.896082711785965,45.154876618571642],[-122.896173262550235,45.154145811773411],[-122.89696443455972,45.150856269221357],[-122.897417829527029,45.14914596609394],[-122.897504180295712,45.137724609151661],[-122.897770106102598,45.134917728556218],[-122.897550637652913,45.132092461789476],[-122.897623628306874,45.12757455356968]]}},
{"type":"Feature","properties":{"OBJECTID":4248.0,"FENAME":null,"MILES":null,"Source":null,"Edit_date":"2020/03/19 10:25:38.000","GlobalID":"3868b130-4aa2-4bfa-8d89-1a0e404af638","CartoDispl":1,"Shape__Len":16669.888995465732},"geometry":{"type":"LineString","coordinates":[[-121.767329661595866,45.3044083117612],[-121.767366148351201,45.302458644200271],[-121.74603011539206,45.301809808898426],[-121.74562138431935,45.300680220355538],[-121.746301720294682,45.300295585375274],[-121.746421470660295,45.299836910617266],[-121.745780105603188,45.298643125205516],[-121.745027117455251,45.298285272623119],[-121.744449373639597,45.297788322038691],[-121.744554286960124,45.297392699523883],[-121.745390190932724,45.297086447847448],[-121.745453249834085,45.29662838086859],[-121.745038221397522,45.295786646146233],[-121.744472039716541,45.29544965950754],[-121.742800087976903,45.290390467769605],[-121.742487840902399,45.289427557878575],[-121.737312800389432,45.289459852732996],[-121.737250419172454,45.288814447439201],[-121.737799802469752,45.287991010680841],[-121.737409685722312,45.28641143402475],[-121.73773551471011,45.283086136632996],[-121.735754165103174,45.282461135467678],[-121.733494974513746,45.279815073026704]]}},
{"type":"Feature","properties":{"OBJECTID":2184.0,"FENAME":null,"MILES":3.17551306,"Source":"Orthoimagery and lidar","Edit_date":"2010/12/30 16:00:00.000","GlobalID":"c3aac104-2491-49cb-8720-65f3e664d926","CartoDispl":1,"Shape__Len":16766.742491069628},"geometry":{"type":"LineString","coordinates":[[-123.020088799764594,45.013566158846452],[-123.0203770138762,45.014017279000292],[-123.02024619508552,45.017822245746203],[-123.019762282188083,45.01874757839667],[-123.0191222871577,45.019171264703708],[-123.011962824659818,45.024501188064306],[-123.007929581048984,45.028190638233781],[-123.007600408928198,45.028035777612317],[-123.004618031574935,45.028052713626018],[-122.998704108822906,45.028018556991661],[-122.989846449562307,45.027961706918916],[-122.989494141377321,45.027893053933276],[-122.989432052011665,45.022043601855536],[-122.989444171816899,45.02012801471421],[-122.989764230330167,45.018815656428878],[-122.992810675711738,45.013404286724189]]}},
{"type":"Feature","properties":{"OBJECTID":4122.0,"FENAME":null,"MILES":14.35276941,"Source":"Orthoimagery and lidar","Edit_date":"2020/01/28 16:27:46.000","GlobalID":"7dcca2bf-dfb7-469a-81f0-7e01be625b10","CartoDispl":100,"Shape__Len":16996.371501785601},"geometry":{"type":"LineString","coordinates":[[-122.947674449142184,44.786904042963229],[-122.941771763045267,44.788290889349938],[-122.940976038303248,44.788561686645053],[-122.939940052982138,44.788697229220091],[-122.931139924510035,44.790781067272775],[-122.930135893637257,44.791009402954003],[-122.922833080165034,44.790969355962332],[-122.91524870943708,44.790928063794951],[-122.905272001372779,44.790902811891158],[-122.895465172082098,44.790899895741951],[-122.895323797122956,44.798440734571194],[-122.895299410473811,44.799677507760613]]}},
{"type":"Feature","properties":{"OBJECTID":1658.0,"FENAME":null,"MILES":0.93684161,"Source":"Orthoimagery and lidar","Edit_date":"2019/10/11 08:09:18.000","GlobalID":"d716a125-8a20-4fde-b034-8d80487335a3","CartoDispl":1,"Shape__Len":17620.151350593249},"geometry":{"type":"LineString","coordinates":[[-122.89551373593298,45.557045498816017],[-122.882360435670691,45.556978679298432],[-122.876546912601214,45.556895026454889],[-122.867035740194311,45.556651176992901],[-122.856867938997667,45.559097957368941],[-122.851052937726635,45.560480741033949],[-122.846095922668866,45.561616027515512],[-122.842382038244665,45.562583461031181],[-122.835786477871039,45.564173215216272],[-122.834021066810564,45.564578431631645],[-122.832279082059657,45.564989931652825],[-122.830513812134072,45.565414870296991],[-122.828904786994144,45.565808508750784]]}},
{"type":"Feature","properties":{"OBJECTID":1657.0,"FENAME":null,"MILES":0.93615034,"Source":"Orthoimagery and lidar","Edit_date":"2019/10/11 08:09:08.000","GlobalID":"9d6e9dab-4869-4217-b17b-2b5b8d589368","CartoDispl":1,"Shape__Len":17650.959928236196},"geometry":{"type":"LineString","coordinates":[[-122.895497800791247,45.557207511494966],[-122.881548116579083,45.557135350420147],[-122.87628416498535,45.557024674193926],[-122.871398897317704,45.556879100598813],[-122.867100388307463,45.556789236894481],[-122.857107057649387,45.559176001563145],[-122.844612930561127,45.562192177268038],[-122.834067912987862,45.564718005327109],[-122.830576255793133,45.565558978795288],[-122.829201610906168,45.565912469306099],[-122.828787646869671,45.566010853956229]]}},
{"type":"Feature","properties":{"OBJECTID":1710.0,"FENAME":null,"MILES":3.37187386,"Source":"100k and 24k DRG","Edit_date":"2020/01/28 16:27:45.000","GlobalID":"806a25db-0551-468e-b146-cf352db24a9b","CartoDispl":100,"Shape__Len":17803.529583676638},"geometry":{"type":"LineString","coordinates":[[-122.818096935086743,45.370713849960715],[-122.818018812854703,45.366456101989932],[-122.814142297714255,45.363690934612535],[-122.801370330934745,45.354627593491891],[-122.798763949823865,45.352804736488473],[-122.788945028074266,45.345788470047381],[-122.783313530723348,45.341754299591955],[-122.782076780266465,45.34088330847063],[-122.779588076723471,45.339069245027083],[-122.779560460508023,45.333024765025776]]}},
{"type":"Feature","properties":{"OBJECTID":2197.0,"FENAME":null,"MILES":3.38240118,"Source":"Orthoimagery and lidar","Edit_date":"2020/01/28 16:27:45.000","GlobalID":"12efad57-11f3-4848-84d8-243976bbcdac","CartoDispl":100,"Shape__Len":17859.113945595975},"geometry":{"type":"LineString","coordinates":[[-122.840335341698633,45.230390769512567],[-122.837474297798195,45.230540470375658],[-122.830915125512831,45.23054950587148],[-122.825597933586806,45.230656092609458],[-122.82479781535794,45.231286019921797],[-122.807852859712256,45.235031119969037],[-122.804678018735387,45.233850998892542],[-122.800535365431386,45.231815152182513],[-122.799220995982566,45.231534225193037],[-122.797935633263933,45.231436882432014],[-122.793160757685754,45.230978738446488],[-122.79218593102172,45.231044022823092],[-122.786772267464599,45.232010195935942],[-122.78540795918326,45.232113785632421],[-122.784299256038437,45.232089553018113],[-122.77836210802495,45.230794194513976],[-122.774113132267559,45.230781459612452]]}},
{"type":"Feature","properties":{"OBJECTID":2286.0,"FENAME":null,"MILES":3.40825787,"Source":"Orthoimagery and lidar","Edit_date":"2020/01/28 16:27:45.000","GlobalID":"21d75180-d44f-4c4d-a07d-47c049aaad6d","CartoDispl":100,"Shape__Len":17995.637426589652},"geometry":{"type":"LineString","coordinates":[[-122.83057009995855,45.163593052253297],[-122.833698474408394,45.161085615671972],[-122.845467768946421,45.151540308041341],[-122.844858239657057,45.151452788852886],[-122.84221161804615,45.151435674106551],[-122.831515499976248,45.15115446271335],[-122.827031855077578,45.151160218740849],[-122.822585667751639,45.151093575156956],[-122.812389075411772,45.151171997584143],[-122.806652473050192,45.15115945586718],[-122.803882487222765,45.151086779044462],[-122.801710410365757,45.15131639831899],[-122.799480141762487,45.151104102472296],[-122.798988400866392,45.150428004458476]]}},
{"type":"Feature","properties":{"OBJECTID":17.0,"FENAME":null,"MILES":3.42558553,"Source":"Orthoimagery and lidar","Edit_date":"2010/12/30 16:00:00.000","GlobalID":"90840f59-3b17-4608-9707-cbef3434ea67","CartoDispl":1,"Shape__Len":18087.127862523885},"geometry":{"type":"LineString","coordinates":[[-123.299612211900083,45.606361215500094],[-123.299039283674844,45.606668190178816],[-123.298135205989922,45.60715010872805],[-123.290043176407622,45.611467852621871],[-123.283857264969825,45.611873210370668],[-123.282646396734478,45.61195209905145],[-123.277700230837127,45.612276170432729],[-123.275678022883127,45.612408904817805],[-123.275152110106845,45.612448135438271],[-123.263722028214147,45.61330326204105],[-123.25231094402956,45.614025111289266],[-123.25144413129712,45.614064377964247],[-123.250821903569687,45.614103359260021],[-123.24615899767295,45.614137494458291],[-123.245269094509482,45.614143307149966],[-123.238248018534122,45.614195421077987],[-123.234534857473349,45.611680500039547],[-123.233314002589808,45.611271412006587],[-123.233166771611977,45.611222369126665]]}},
{"type":"Feature","properties":{"OBJECTID":1674.0,"FENAME":null,"MILES":3.4395958,"Source":"100k and 24k DRG","Edit_date":"2019/10/11 08:21:12.000","GlobalID":"8dafc47e-133c-4651-9bf6-02fa2825c278","CartoDispl":1,"Shape__Len":18161.102173895571},"geometry":{"type":"LineString","coordinates":[[-122.838506494887753,45.499835737772422],[-122.838723924278327,45.498206843471948],[-122.839447170149512,45.492825178196775],[-122.839882350572481,45.489423352003413],[-122.839975656740918,45.48880691331874],[-122.840006827652559,45.488397403828856],[-122.840232008059829,45.486827022662595],[-122.840301987878291,45.486548081044063],[-122.840855416383192,45.48527967824176],[-122.840956572216911,45.484996300079999],[-122.84097202382975,45.484339234321332],[-122.840971082429846,45.48268300992892],[-122.841001443409382,45.481274387626883],[-122.841008832001592,45.480207741665559],[-122.841000805758569,45.479789182874022],[-122.84102413126395,45.479460673137346],[-122.841016082505632,45.479334656655212],[-122.84107674567278,45.475392210878844],[-122.841075302703359,45.472777380136876],[-122.841105762229859,45.471323729599881],[-122.841120321590026,45.46942000656199],[-122.841188438406419,45.465230043984882],[-122.841188025540646,45.464383929385242],[-122.841218329303231,45.462417221306083],[-122.841240144518792,45.459482860702892],[-122.841270942553507,45.458758296733201],[-122.841262881562727,45.45793468638221],[-122.841300566577928,45.455328889632192],[-122.841300085673225,45.454068711084318],[-122.841345030037814,45.450868859193626],[-122.841337082712428,45.450427783162944],[-122.841340706721439,45.450159899183717]]}},
{"type":"Feature","properties":{"OBJECTID":1115.0,"FENAME":null,"MILES":3.4510942,"Source":"100k and 24k DRG","Edit_date":"2020/01/28 16:27:44.000","GlobalID":"cbaed142-1853-41d4-93ed-66de45172ef0","CartoDispl":100,"Shape__Len":18221.813798378778},"geometry":{"type":"LineString","coordinates":[[-122.404763698390795,45.559123167980708],[-122.404714360650985,45.559938321818528],[-122.406895401891617,45.560120974028642],[-122.410339015120826,45.560417855483081],[-122.410351839663676,45.56164204833118],[-122.410344785595839,45.563541213743825],[-122.41045701352509,45.564762848919159],[-122.410389737502598,45.568257101554487],[-122.410326351986598,45.571425945839394],[-122.409924459197867,45.571864920874866],[-122.408368946154383,45.573540042320985],[-122.406256232034821,45.575788303400898],[-122.404052459033238,45.578144056920507],[-122.40173206992732,45.580598152642438],[-122.400041949663077,45.580427265822216],[-122.394421545585473,45.579812507605766],[-122.391400160107906,45.579481389646979],[-122.389694240119042,45.579589296724073],[-122.385140622271493,45.579897872548685],[-122.383255060148628,45.580022705869133],[-122.382553356865685,45.580892010872397],[-122.381272629547354,45.582444886808894],[-122.380890500275754,45.582908152553728],[-122.379058864367934,45.585167935709094],[-122.378345753070604,45.586002294744105],[-122.377787062461636,45.586721038442803],[-122.377165270602305,45.587560876687164],[-122.376843446099826,45.58795030805333],[-122.376225193657973,45.588827902466754]]}},
{"type":"Feature","properties":{"OBJECTID":1676.0,"FENAME":null,"MILES":3.45817107,"Source":"100k and 24k DRG","Edit_date":"2020/01/28 08:31:45.000","GlobalID":"c32041d4-e9a2-4ba3-9ffd-b089a6d31d61","CartoDispl":12,"Shape__Len":18259.180001632376},"geometry":{"type":"LineString","coordinates":[[-122.817855986364592,45.372554238758141],[-122.81785572465985,45.37250473825938],[-122.817754056207207,45.366509675472656],[-122.816493258449555,45.36558502540192],[-122.794787963067265,45.350160267964036],[-122.781921305670934,45.340964025751539],[-122.779409051912126,45.339154420986688],[-122.779363384318941,45.337664600490626],[-122.779326588266613,45.333582411290521]]}},
{"type":"Feature","properties":{"OBJECTID":1719.0,"FENAME":null,"MILES":3.54515457,"Source":"100k and 24k DRG","Edit_date":"2006/01/11 16:00:00.000","GlobalID":"706d92f5-c6db-40e0-b76c-c4c3ec8c765d","CartoDispl":1,"Shape__Len":18718.453626716047},"geometry":{"type":"MultiLineString","coordinates":[[[-122.725328482655272,45.62483254504518],[-122.725852015507328,45.624176737703685],[-122.72821173302745,45.621653120443199],[-122.737828606524516,45.609733598154079],[-122.739456247319637,45.607768127571546],[-122.74446569189341,45.603317289060456],[-122.744898919715354,45.602505445643729]],[[-122.725329282157233,45.62483254064437],[-122.725227702910118,45.624949321302239],[-122.722961427540497,45.62732908657987],[-122.721585712753608,45.628833389442597],[-122.719592802646446,45.630925731053296],[-122.717646446231242,45.633058646889971],[-122.7166226025886,45.634140713591087],[-122.714636916283368,45.636314003516212],[-122.712580913329077,45.638487054334696],[-122.710556041546326,45.640660150175904],[-122.707131147547841,45.644359791309803],[-122.706067640909524,45.645513669488139],[-122.705958383132469,45.645850927519071]]]}},
{"type":"Feature","properties":{"OBJECTID":3810.0,"FENAME":null,"MILES":3.55162868,"Source":"Orthoimagery and lidar","Edit_date":"2018/07/29 12:54:15.000","GlobalID":"6d6c1715-134e-4717-9d7d-dd764fb88835","CartoDispl":1,"Shape__Len":18752.636935866238},"geometry":{"type":"LineString","coordinates":[[-123.39634033536116,45.09943058536178],[-123.401103588902643,45.099171451117478],[-123.407369522591793,45.098882200792033],[-123.407381352895982,45.098679715808565],[-123.411983900984282,45.098501927910753],[-123.416070639993791,45.098329162650522],[-123.422213239447458,45.096681324031607],[-123.427294211654129,45.095324378560328],[-123.428442022345209,45.095443128029416],[-123.431529456798074,45.096075496601316],[-123.432252049064942,45.096318831871947],[-123.437094196808289,45.094368700802967],[-123.442827988486002,45.09203798933229],[-123.44697329797927,45.090431738784247],[-123.457967534730884,45.085998825481106],[-123.459372304823916,45.085776307639065],[-123.461802057767017,45.08541869706751],[-123.463726447587817,45.085440562777066]]}},
{"type":"Feature","properties":{"OBJECTID":2292.0,"FENAME":null,"MILES":3.56029449,"Source":"Orthoimagery and lidar","Edit_date":"2012/04/03 08:18:03.000","GlobalID":"8e3c94bb-5359-45bc-a73c-23d7c50c0ec3","CartoDispl":1,"Shape__Len":18798.392597553389},"geometry":{"type":"LineString","coordinates":[[-122.857734919876577,45.140940083271275],[-122.858169389006903,45.140702431630018],[-122.862666049923462,45.13712213616413],[-122.86618180149658,45.134248021004375],[-122.868398455586487,45.130729032430118],[-122.872168835999673,45.124276378623975],[-122.872282481551196,45.117771058044703],[-122.872054241378933,45.115188912323859],[-122.871224429986967,45.114648770521121],[-122.875944229520641,45.112621094364982],[-122.881083021847047,45.110484421361392],[-122.88431814474454,45.108201525454582],[-122.891407317749525,45.103493830509954],[-122.895415943823934,45.105725058164893]]}},
{"type":"Feature","properties":{"OBJECTID":3866.0,"FENAME":null,"MILES":11.8793652,"Source":"Orthoimagery and lidar","Edit_date":"2020/01/28 16:27:46.000","GlobalID":"520bd310-f990-4462-a917-ff2f0de93df6","CartoDispl":100,"Shape__Len":19152.632910082466},"geometry":{"type":"LineString","coordinates":[[-122.507007534617259,45.329402804334336],[-122.507065263082922,45.329404520770431],[-122.507679758615154,45.329408526834897],[-122.516953505120838,45.332471506441969],[-122.522983454430531,45.328617606843672],[-122.525937413705662,45.326726584303756],[-122.528990517173185,45.326709107749124],[-122.533937977007596,45.326701321299893],[-122.541172924643618,45.326649645896275],[-122.548182384569387,45.326665792545633],[-122.551818260464117,45.326658891317514],[-122.556562889573158,45.326643002111666],[-122.558927548224574,45.326633334268301],[-122.559693434187409,45.326638177116806],[-122.559694423226986,45.326836782485522],[-122.559720036214173,45.328083439796224],[-122.559686391218037,45.328798507198997],[-122.559709291583545,45.330509855551135],[-122.559685594892613,45.331504579655743],[-122.559677743628086,45.332707410001774],[-122.559687340222908,45.33428205045238],[-122.559668088060093,45.335401726421757],[-122.559665199322652,45.337455874801464],[-122.559737226053031,45.339005590993224],[-122.559774361951639,45.339100195913957]]}},
{"type":"Feature","properties":{"OBJECTID":1679.0,"FENAME":null,"MILES":3.62751175,"Source":"100k and 24k DRG","Edit_date":"2020/01/28 16:27:45.000","GlobalID":"a8c005f0-f6ed-498a-9129-c35ec07e8a97","CartoDispl":100,"Shape__Len":19153.30028547415},"geometry":{"type":"LineString","coordinates":[[-122.817855986364592,45.372554238758141],[-122.817630372827509,45.372591923186441],[-122.81759689672684,45.370720670116228],[-122.81749728687312,45.3676839478441],[-122.812492069773356,45.365096939557326],[-122.809160605175848,45.363277662181353],[-122.804396906698528,45.360875249853997],[-122.801924343611674,45.359575834828654],[-122.79908721622499,45.358130464412625],[-122.795968752396703,45.356508335288339],[-122.792264591079999,45.354552872577528],[-122.790521871626098,45.353694550505246],[-122.782020215188382,45.349311453413712],[-122.779280030271252,45.347844212958798],[-122.779034472929723,45.341219514766287],[-122.779147489090434,45.333850628486751]]}},
{"type":"Feature","properties":{"OBJECTID":263.0,"FENAME":null,"MILES":3.63697576,"Source":"Orthoimagery and lidar","Edit_date":"2010/12/30 16:00:00.000","GlobalID":"9162dfad-5e8a-46a3-9928-23f397dfb3f4","CartoDispl":1,"Shape__Len":19203.270661434097},"geometry":{"type":"LineString","coordinates":[[-122.89789627585975,44.956108386947633],[-122.898391870084467,44.955860615196237],[-122.89953639736315,44.945165035708541],[-122.916730553753794,44.930879990290329],[-122.946194632619196,44.931084185467888],[-122.948171900835021,44.929963823894198]]}},
{"type":"Feature","properties":{"OBJECTID":4215.0,"FENAME":null,"MILES":null,"Source":null,"Edit_date":"2020/03/17 16:13:04.000","GlobalID":"63537f4b-258e-47ea-9905-f1edd182795b","CartoDispl":1,"Shape__Len":19389.407197632278},"geometry":{"type":"LineString","coordinates":[[-123.461483864349205,45.074668281434015],[-123.45103715500322,45.075972229500593],[-123.450926835364498,45.077467673296759],[-123.444240734400864,45.078742864404269],[-123.433104708824843,45.083181638532629],[-123.424408593025291,45.086634121095912],[-123.419575474067869,45.08890834935815],[-123.417191511686966,45.089421957687392],[-123.414613220091113,45.089775475970036],[-123.411339380518854,45.091350392723221],[-123.40192680214102,45.095598490343534],[-123.401702229294344,45.095685180522402],[-123.395314223875019,45.095583585368566]]}},
{"type":"Feature","properties":{"OBJECTID":1268.0,"FENAME":null,"MILES":3.73130632,"Source":"100k and 24k DRG","Edit_date":"2019/10/11 08:06:31.000","GlobalID":"19d9f058-523f-4b86-a2ac-fc4b912c89bd","CartoDispl":1,"Shape__Len":19701.33683703683},"geometry":{"type":"LineString","coordinates":[[-122.870468853761778,45.693037126121261],[-122.869705682362181,45.689327926041109],[-122.869131537390459,45.686676530022069],[-122.868274478736467,45.6828546858343],[-122.868602077369474,45.681594958400908],[-122.86931169848684,45.679120531982292],[-122.869865188846546,45.676987973770451],[-122.868398377588065,45.673507470722264],[-122.867082341932615,45.672668865532174],[-122.860120799774322,45.668317615694313],[-122.85917958915951,45.665764724410018],[-122.858230644593135,45.663301815674259],[-122.854441331787015,45.66052026508509],[-122.854360193325846,45.656402287272911],[-122.853279386490073,45.655419800931206],[-122.852160031276057,45.654464259810332],[-122.850273281825778,45.65281914349476],[-122.846876089821492,45.649898335194074],[-122.845694021389477,45.648938147923452],[-122.841304351192221,45.64714996437413]]}},
{"type":"Feature","properties":{"OBJECTID":4247.0,"FENAME":null,"MILES":null,"Source":null,"Edit_date":"2020/03/19 10:23:49.000","GlobalID":"81286eb4-c719-4da4-a09d-231832a37b4b","CartoDispl":1,"Shape__Len":19713.835306796453},"geometry":{"type":"LineString","coordinates":[[-121.837101441897303,45.306902106245573],[-121.83862049280107,45.309818301159346],[-121.83418119918511,45.311664953515674],[-121.828782181826043,45.312530775904897],[-121.827817934844177,45.3124435187759],[-121.826760791439554,45.312169709778992],[-121.825033808831378,45.311394312495082],[-121.820217616492997,45.311172140469559],[-121.8147977284668,45.313913585687089],[-121.813719867103757,45.314399239379746],[-121.812521784856344,45.314609301239948],[-121.811497270870106,45.314656592118311],[-121.808901851648102,45.314105150104965],[-121.80708205213962,45.313696806014903],[-121.805961925020981,45.313995259308157],[-121.803707359787808,45.313958016406971],[-121.802469066735114,45.314070157341014],[-121.800211918630424,45.31335393137531],[-121.798856704114314,45.313333338943629],[-121.797521353982958,45.313634113944715],[-121.796350608301793,45.313370230514003],[-121.795276269635323,45.313453666586774],[-121.79289125904657,45.312676189041326],[-121.790982217446128,45.312232854027435],[-121.7898722841053,45.310717545376946],[-121.788771613371608,45.310184804760468],[-121.78797156109043,45.309505789309512],[-121.788742471924394,45.307737355613689],[-121.787729275840121,45.307150035292231],[-121.780070036772429,45.305430027582275],[-121.779300593100913,45.304982885862778],[-121.778310495171979,45.303071582774379]]}},
{"type":"Feature","properties":{"OBJECTID":2344.0,"FENAME":null,"MILES":3.53125744,"Source":"Orthoimagery and lidar","Edit_date":"2020/03/19 16:09:27.000","GlobalID":"21961bb8-bd2d-4c7b-b0c6-fec86fb4449d","CartoDispl":100,"Shape__Len":20040.403524012734},"geometry":{"type":"LineString","coordinates":[[-122.78827533967916,45.089268306166183],[-122.787270958954025,45.09124039382553],[-122.785054006894654,45.095087410223087],[-122.784656870611713,45.096411201381677],[-122.784578607171454,45.099095275351964],[-122.784579911279508,45.100183398525523],[-122.784521621321417,45.109074519870333],[-122.784514912674197,45.110202611222739],[-122.784293894447387,45.110814329092712],[-122.785461933030845,45.111434817643108],[-122.791576337994385,45.114748582168382],[-122.799506167180468,45.119016616075584],[-122.803385870546975,45.12105090030343],[-122.80501881299152,45.12205240577503],[-122.805078377155411,45.122781503521509],[-122.805078944897474,45.124082984815637],[-122.8050543416945,45.125522344647216],[-122.806300121137966,45.12577232808448],[-122.810182581107895,45.125803485943244],[-122.815093631722661,45.125706289288708],[-122.81844825648804,45.125880044010302],[-122.820333643148274,45.126471553796911]]}},
{"type":"Feature","properties":{"OBJECTID":1737.0,"FENAME":null,"MILES":3.83543164,"Source":"Orthoimagery and lidar","Edit_date":"2010/12/30 16:00:00.000","GlobalID":"a2d18f94-1818-4986-ac51-af7e5c441de1","CartoDispl":1,"Shape__Len":20251.119502190184},"geometry":{"type":"LineString","coordinates":[[-122.895176932238385,45.548592122373641],[-122.895257096468427,45.548200962167307],[-122.895534592785225,45.546467852318436],[-122.895799990772005,45.536902294608929],[-122.895290873817004,45.534507882736285],[-122.89399208841273,45.528471560371784],[-122.896912580597956,45.523373274047373],[-122.896993817698203,45.515471072258265],[-122.897059879348575,45.514057849360192],[-122.897023533591963,45.510515877277875],[-122.897549044533733,45.507093361988915],[-122.897992932048027,45.504154331950801],[-122.898447828300817,45.500901753559752],[-122.898765687929014,45.497829813616683],[-122.899314135112959,45.493643818155235]]}},
{"type":"Feature","properties":{"OBJECTID":1704.0,"FENAME":null,"MILES":3.94022728,"Source":"100k and 24k DRG","Edit_date":"2020/01/28 08:40:28.000","GlobalID":"7d778654-225c-4f4a-a3a6-dcc9d4c28df8","CartoDispl":12,"Shape__Len":20804.441574441375},"geometry":{"type":"LineString","coordinates":[[-122.82550689184032,45.430331950021539],[-122.825566647263486,45.420133609445969],[-122.825582208667441,45.419359545883189],[-122.825574491119596,45.418886958586128],[-122.825597108722818,45.415687043214717],[-122.825596562769391,45.41391380304114],[-122.825619834470885,45.412847177775504],[-122.825611435587746,45.411550983020412],[-122.825541575421056,45.411406854625234],[-122.825541417760334,45.411330348677481],[-122.825440007905087,45.411195176647695],[-122.824879083611464,45.410613727665321],[-122.823928327005532,45.409550113316392],[-122.822518108114991,45.408049226342499],[-122.822284541782395,45.40778331317788],[-122.822073942134978,45.407575974800629],[-122.82145873018753,45.406886412586744],[-122.821092546622097,45.406503283927584],[-122.820009401688921,45.405295404190085],[-122.818973461214682,45.404200113495556],[-122.818295391132466,45.403460921414762],[-122.818077428513945,45.40319053120178],[-122.818014464583527,45.398802313819999],[-122.8179988233681,45.39658348769008],[-122.818006463006114,45.396191931344028],[-122.817983260680791,45.395332266596881],[-122.817982948147829,45.394441139317742],[-122.817928171169555,45.390606492389814],[-122.817857634129084,45.383603365316866],[-122.817857465058182,45.382667220420032],[-122.817825944437359,45.380920925312644],[-122.817763264143949,45.374835924565993]]}},
{"type":"Feature","properties":{"OBJECTID":1703.0,"FENAME":null,"MILES":3.9414827,"Source":"100k and 24k DRG","Edit_date":"2020/01/28 08:40:12.000","GlobalID":"3e17a16e-e78d-445e-b1ef-86c2092d27f9","CartoDispl":12,"Shape__Len":20811.070311339434},"geometry":{"type":"LineString","coordinates":[[-122.82550689184032,45.430331950021539],[-122.825413361246021,45.430219290295405],[-122.825397617005947,45.430007733039972],[-122.825405018440776,45.427478399970177],[-122.825396898299488,45.427131835072807],[-122.825449456880207,45.41836919693997],[-122.825456680239057,45.414597681195495],[-122.825471869902259,45.413549052437602],[-122.825463777581902,45.41319798966552],[-122.825471648868316,45.4123338899064],[-122.825455977769209,45.411582237273329],[-122.825416724556192,45.411361663510071],[-122.824886825656421,45.41082526555109],[-122.824014358850292,45.409878798047387],[-122.821170191766143,45.406827441108462],[-122.820593565516788,45.406196453490203],[-122.820094989766588,45.40562407836444],[-122.81945618194969,45.404965992698301],[-122.818209925265251,45.403591310821554],[-122.817999496927015,45.40333894209229],[-122.817952672735828,45.403122842022071],[-122.817905760952883,45.401322500656427],[-122.817858796290182,45.398788564736996],[-122.817835257646792,45.396664229004898],[-122.817796330414424,45.394616370526052],[-122.817780409808279,45.394355298158672],[-122.817717887941498,45.389832046800521],[-122.817702331903973,45.389697002893122],[-122.81768637954859,45.388328784382146],[-122.817600583141285,45.384093524752544],[-122.817600608910908,45.383593949240698],[-122.817577239498519,45.383035838558563],[-122.817561198517978,45.381568596761099],[-122.817529986126345,45.381348014311499],[-122.817545725366699,45.381172508332739],[-122.817490858729343,45.378120976634435],[-122.817482958941696,45.376613245580899],[-122.817467302507168,45.376514199942008],[-122.817459519379796,45.374835440098423]]}},
{"type":"Feature","properties":{"OBJECTID":2146.0,"FENAME":null,"MILES":3.94884463,"Source":"Orthoimagery and lidar","Edit_date":"2020/01/28 16:27:45.000","GlobalID":"18ee326d-3859-4c18-b486-64131587593b","CartoDispl":100,"Shape__Len":20849.941598062294},"geometry":{"type":"LineString","coordinates":[[-122.776949952995324,45.327981107475068],[-122.774717125189454,45.328492765783537],[-122.766949888617688,45.328507866522393],[-122.750780838310959,45.328568287507593],[-122.739466706408521,45.322644379438266],[-122.733725397371799,45.319625141961289],[-122.723081394815225,45.319546286554676],[-122.709926731130579,45.319582423934207],[-122.7012492542909,45.319610442131932],[-122.700198629248902,45.319601068269336]]}},
{"type":"Feature","properties":{"OBJECTID":2306.0,"FENAME":null,"MILES":3.9493056,"Source":"Orthoimagery and lidar","Edit_date":"2012/04/03 08:18:03.000","GlobalID":"994e18b1-d42c-4d74-9686-23c2a12b108b","CartoDispl":1,"Shape__Len":20852.375354957563},"geometry":{"type":"LineString","coordinates":[[-122.874993551017909,45.244756926252172],[-122.872000904483684,45.241874929566102],[-122.873741629520438,45.239466338130214],[-122.874814645402267,45.23802914962333],[-122.877015714742541,45.232595334600397],[-122.878575171724634,45.228761227386549],[-122.878633385911129,45.228216920421872],[-122.878451515632889,45.228220706126621],[-122.877830756729978,45.222545416353384],[-122.877472289404594,45.219765936054429],[-122.877036564865847,45.215616030874457],[-122.876111241048875,45.207474541247073],[-122.880640700894176,45.199248065590197],[-122.880924062056565,45.199256451426471],[-122.881052292263206,45.198453423210381],[-122.880934633201434,45.198055697941335],[-122.881765894905854,45.194722605869245],[-122.882771533234092,45.19024249773689]]}},
{"type":"Feature","properties":{"OBJECTID":2128.0,"FENAME":null,"MILES":3.95537887,"Source":"Orthoimagery and lidar","Edit_date":"2010/12/30 16:00:00.000","GlobalID":"8e672a38-6744-443e-899b-daab3a6d3e7a","CartoDispl":1,"Shape__Len":20884.442675865161},"geometry":{"type":"LineString","coordinates":[[-122.949958153874491,44.930071597667428],[-122.950012797700722,44.929404963243528],[-122.952221243859142,44.929504905629322],[-122.952449007016355,44.928041896204647],[-122.958610531339275,44.928126237074977],[-122.973087510232929,44.928081475934462],[-122.981145560124006,44.92805549636126],[-122.983241398507317,44.928098544059438],[-122.986848752480626,44.928050308933358],[-122.987486887043559,44.927831054436751],[-122.99496514938933,44.927777445416517],[-122.998464458691387,44.927780112917922],[-122.999570576996902,44.927873625417995],[-123.000431470308143,44.92803115469443],[-123.00145921017284,44.92822421171509],[-123.002969194171683,44.928739556943995],[-123.00400745368195,44.929177029118698],[-123.004053460434761,44.929606642004046],[-123.008500603507386,44.932103619646654],[-123.009777466902776,44.932320555360896],[-123.011547476916121,44.932790995896553],[-123.01202432510118,44.932986148516427],[-123.015314148839806,44.933873664566654],[-123.020203549113347,44.935107888597656],[-123.024578329251625,44.93622592896017]]}},
{"type":"Feature","properties":{"OBJECTID":1705.0,"FENAME":null,"MILES":3.95919947,"Source":"100k and 24k DRG","Edit_date":"2020/01/28 16:27:45.000","GlobalID":"a1bc8427-958e-4cd1-a66d-d16bce315ec3","CartoDispl":100,"Shape__Len":20904.615278637135},"geometry":{"type":"LineString","coordinates":[[-122.82571740379845,45.430597799936493],[-122.825740582357369,45.429427673134256],[-122.825755156281289,45.426502290465642],[-122.825786065866993,45.424900128404495],[-122.825770550897602,45.424873095464243],[-122.825793576772426,45.423104383163484],[-122.825793271525527,45.421776690150836],[-122.825816494767707,45.42162371501157],[-122.825801014203606,45.421340150170039],[-122.825831742574735,45.41887384571789],[-122.825823649814538,45.417996222333869],[-122.825839043069934,45.417798214617257],[-122.825846627018166,45.416502051481402],[-122.825838340596718,45.415687408931781],[-122.825861741239905,45.414701809725969],[-122.825868667402162,45.411407360770951],[-122.825837402761678,45.411312797478331],[-122.825409050918495,45.410871080355477],[-122.825276578892016,45.410699847561339],[-122.824138565718442,45.409487424972284],[-122.820749680635146,45.405818641147526],[-122.820453633408533,45.405494136926336],[-122.820328723509164,45.4053409086805],[-122.820328826601013,45.405304911079419],[-122.819923570717506,45.404908216782147],[-122.819440793173968,45.404407886151866],[-122.819323887293379,45.404259184681429],[-122.818762742828071,45.403664190966602],[-122.818396700082545,45.403245054781095],[-122.818365469577643,45.403150500527438],[-122.818334323541691,45.402155801343802],[-122.818326422173456,45.400382542531553],[-122.818279045842033,45.396601915572212],[-122.818200987045174,45.391682583844258],[-122.818098414946135,45.379967215519933],[-122.818051341371756,45.377095721568097],[-122.818043411055285,45.3748363825921]]}},
{"type":"Feature","properties":{"OBJECTID":2183.0,"FENAME":null,"MILES":3.98337215,"Source":"Orthoimagery and lidar","Edit_date":"2010/12/30 16:00:00.000","GlobalID":"b77f21e3-3f20-4d05-a551-0b58bced6ea5","CartoDispl":1,"Shape__Len":21032.247021535411},"geometry":{"type":"LineString","coordinates":[[-122.938093365166807,45.009205489344161],[-122.946111026802569,45.005967947736842],[-122.949101724219545,45.004580155135173],[-122.960169642195424,45.004583534165405],[-122.969426308463255,45.004634062188259],[-122.975175596073498,45.004644598592812],[-122.976185715851372,45.004708742366169],[-122.976965676978153,45.004730161783947],[-122.981755685537465,45.004608442984065],[-122.986294767143235,45.004587209153676],[-122.98798238238615,45.004474694044433],[-122.99136777768075,45.004487596639883],[-122.990591171517906,45.006114728309861],[-122.994391047730673,45.006080504946965],[-122.994198879694352,45.007552122721549],[-122.993727315078019,45.009086937515477],[-123.000862636008705,45.009142556284885],[-123.001370397859503,45.01001778253098],[-123.000917665033086,45.011361639926598],[-123.000917559341303,45.012609948642421],[-123.000871310376354,45.013096930595104],[-123.000939614965091,45.014686806842008],[-123.000321801618227,45.014690630358565]]}},
{"type":"Feature","properties":{"OBJECTID":3809.0,"FENAME":null,"MILES":4.00254245,"Source":"Orthoimagery and lidar","Edit_date":"2018/07/29 12:54:15.000","GlobalID":"9bd96671-552e-4af2-ba60-83b91b2d7d21","CartoDispl":1,"Shape__Len":21133.466169553358},"geometry":{"type":"LineString","coordinates":[[-123.39543402926985,45.08851183294027],[-123.395314223875019,45.095583585368566],[-123.395336768607748,45.097799295330262],[-123.396568804844833,45.097846266824455],[-123.396528433219302,45.099239250389438],[-123.39634033536116,45.09943058536178],[-123.393131908826476,45.099604055517325],[-123.386328101145068,45.098350659021762],[-123.383229898111239,45.09786789643988],[-123.381346251060307,45.097300421842995],[-123.381481104222317,45.097141541401221],[-123.378494206145419,45.096243739359799],[-123.377332825227953,45.096070401764088],[-123.376209343091148,45.095997203264645],[-123.370916659496686,45.095980714565506],[-123.366646745973483,45.096444145433033],[-123.360543042039339,45.097349293604552],[-123.357993834885164,45.097754354588886],[-123.357927548560752,45.097522701791412],[-123.35203309629253,45.098445562409353],[-123.344598346109251,45.099755871627636],[-123.34007785530406,45.101616400303499],[-123.337226293368985,45.103031533745167],[-123.337165538048893,45.101112303661516]]}},
{"type":"Feature","properties":{"OBJECTID":2263.0,"FENAME":null,"MILES":4.0070856,"Source":"Orthoimagery and lidar","Edit_date":"2010/12/30 16:00:00.000","GlobalID":"81b3b719-2184-4d01-946e-811efe92f53e","CartoDispl":1,"Shape__Len":21157.454251149426},"geometry":{"type":"LineString","coordinates":[[-123.050754138454238,45.042296396615761],[-123.050753754681153,45.033319957711242],[-123.050769362426948,45.0325263107094],[-123.050754379824369,45.028045550476058],[-123.054837132891862,45.028069842922669],[-123.054869906842271,45.023995386915615],[-123.054828100209392,45.021895119206228],[-123.054443121272257,45.017715525045396],[-123.053316985099372,45.014095449485566],[-123.053099424558809,45.013499907680284],[-123.049980509927522,45.009923755525307],[-123.047559615186373,45.00732557668551],[-123.045070664979178,45.003856921341885],[-123.041637362658008,44.998593644609841],[-123.040873317563566,44.997474067314151],[-123.040348972278039,44.996999592751649],[-123.033183779316573,44.996920885549031],[-123.029997601403267,44.996847682120297]]}},
{"type":"Feature","properties":{"OBJECTID":4155.0,"FENAME":null,"MILES":63.97377408,"Source":"Orthoimagery and lidar","Edit_date":"2020/01/28 15:53:22.000","GlobalID":"4ed49ad6-264d-48c8-823f-5f6acfd03451","CartoDispl":12,"Shape__Len":21469.239933968496},"geometry":{"type":"LineString","coordinates":[[-122.406663637720655,45.360101079597314],[-122.404540967079839,45.36024052311258],[-122.395920756822008,45.361729678855632],[-122.37886933828014,45.370169282090252],[-122.375343214653583,45.371832274334956],[-122.371734865868845,45.373364254646752],[-122.367669394291198,45.375090082127151],[-122.366001996455779,45.375831052664587],[-122.357448176753707,45.379478035540686],[-122.338974692611643,45.387365486995485],[-122.335716778646429,45.388783997922914],[-122.334628931748767,45.388909182378427]]}},
{"type":"Feature","properties":{"OBJECTID":2148.0,"FENAME":null,"MILES":4.12456949,"Source":"Orthoimagery and lidar","Edit_date":"2010/12/30 16:00:00.000","GlobalID":"dd97cc4e-cad7-4a32-9e81-6052ef3bcd01","CartoDispl":1,"Shape__Len":21777.770576996056},"geometry":{"type":"LineString","coordinates":[[-123.056919919931332,44.921597447660695],[-123.060341643356139,44.919185650488551],[-123.061535795430487,44.918379740764358],[-123.065868951977905,44.915960951508254],[-123.071217103091939,44.913027672355497],[-123.073589470121149,44.911735054365494],[-123.073043043070683,44.910863165337858],[-123.07184306813879,44.90852541547423],[-123.071893290296813,44.907661157979916],[-123.072267638280294,44.905800993304929],[-123.069022339633349,44.905820921215934],[-123.063861846625116,44.905810057098201],[-123.062657667336737,44.905878633734325],[-123.061769935721202,44.905778013199352],[-123.060843614113963,44.905468996983934],[-123.060852169087582,44.904657981689006],[-123.056502968819927,44.904681108917821],[-123.050296117490277,44.904660971429749],[-123.044916903755535,44.904675458579483],[-123.044108229889261,44.904698507736121],[-123.043090854645996,44.90483076921192],[-123.042046859095279,44.90485898572939],[-123.040383786044828,44.904869426147414],[-123.039536901259737,44.905029292233735],[-123.038693043281953,44.905089693989318],[-123.036176701263145,44.905113597598863],[-123.034300588359429,44.905133859544264],[-123.033522631671985,44.904847527314999],[-123.032597742994795,44.90473703726839],[-123.030986146983111,44.904746212743504],[-123.028144667763002,44.904740448854021],[-123.025808559624878,44.904676484187405],[-123.020819469854658,44.904539635376707],[-123.020063166960114,44.904582297908064]]}},
{"type":"Feature","properties":{"OBJECTID":2768.0,"FENAME":null,"MILES":4.18269426,"Source":"Orthoimagery and lidar","Edit_date":"2016/08/19 15:27:41.000","GlobalID":"80499c76-bb1a-4135-bede-6f478fc3b949","CartoDispl":1,"Shape__Len":22084.670168530185},"geometry":{"type":"LineString","coordinates":[[-123.507707611205433,45.050823491568195],[-123.504613862965911,45.050961021883147],[-123.502099530765165,45.051969813057383],[-123.498610420639153,45.053339760057654],[-123.496666150134672,45.054162098319985],[-123.494648751928324,45.055915549220778],[-123.490948208930135,45.056025501104855],[-123.486232872055211,45.057780553060716],[-123.484498324246488,45.058568676623281],[-123.480553635337372,45.060904055124041],[-123.479989745348831,45.062594784983879],[-123.476763955861315,45.063810719861877],[-123.477173441281934,45.064289832934946],[-123.479936398217689,45.069393938008638],[-123.484053375891818,45.069421357666918],[-123.484230690769238,45.071303870000676],[-123.483817709510006,45.072429602984123],[-123.484181126600419,45.073220818216114],[-123.484856440873543,45.074061178739804],[-123.485767469657688,45.075038420119562],[-123.486845190947037,45.077688757318072],[-123.486723105422229,45.078454361227479],[-123.492430617800096,45.078793111774274],[-123.493111625537509,45.078956598436257],[-123.493584065349737,45.079249372707167],[-123.493288398670018,45.080038531570878],[-123.493259944503592,45.080792193523479],[-123.493651969593714,45.082135422814019],[-123.493289606688336,45.082935835952789],[-123.492783080607893,45.08354935764244],[-123.491214462602557,45.084438104392511],[-123.490730153236285,45.085222594606343],[-123.490539456004541,45.085961380420571],[-123.490658265198775,45.086701705882497],[-123.491122004196697,45.08734734908704],[-123.492173098515238,45.08842576376513]]}},
{"type":"Feature","properties":{"OBJECTID":2168.0,"FENAME":null,"MILES":0.28034776,"Source":"Orthoimagery and lidar","Edit_date":"2020/01/28 16:27:45.000","GlobalID":"abc45b42-2d35-4047-b2eb-30fdda70dc88","CartoDispl":100,"Shape__Len":22455.043955484005},"geometry":{"type":"LineString","coordinates":[[-122.969605931911346,44.874906517786528],[-122.969402760642282,44.874539216104864],[-122.969478734152759,44.872850877686226],[-122.968913690444211,44.871898441764444],[-122.968198385347307,44.871096256770649],[-122.967362939260809,44.870593669031457],[-122.966058225181811,44.870352823592349],[-122.964754898355665,44.870334923350434],[-122.963244546669628,44.869984084947212],[-122.962003567849351,44.869347315478649],[-122.963113300015465,44.866493389959437],[-122.964312984505753,44.866153306048368],[-122.96486417792309,44.865878521697105],[-122.962695140927863,44.861728052997641],[-122.958724507497038,44.854240605460241],[-122.958136215226787,44.853250639591074],[-122.955431945335292,44.849728948918646],[-122.95372543046625,44.84660908973224],[-122.953204521398717,44.846071269015191],[-122.952921599685013,44.844693602724483],[-122.953146172985157,44.844300023872108],[-122.952700010671492,44.842479846928214],[-122.956825447241357,44.841968948016472],[-122.957668872082323,44.841768014905789],[-122.958018985521591,44.84130313794504],[-122.957954137221989,44.831744484796815],[-122.957943721321115,44.8223333008794]]}},
{"type":"Feature","properties":{"OBJECTID":2147.0,"FENAME":null,"MILES":4.30715714,"Source":"Orthoimagery and lidar","Edit_date":"2020/01/28 16:27:45.000","GlobalID":"4cedf333-96cc-4ec0-8322-33673e966da4","CartoDispl":100,"Shape__Len":22741.83498864053},"geometry":{"type":"LineString","coordinates":[[-122.774113132267559,45.230781459612452],[-122.771837744651194,45.230816236990783],[-122.764189898699968,45.232847338954059],[-122.75625161687536,45.233811062146529],[-122.752662158518476,45.235898984349056],[-122.748370109547807,45.238380637867984],[-122.738249211704158,45.248608758406512],[-122.733059919613297,45.248620853429003],[-122.733084587025232,45.251769594705046],[-122.72282620815453,45.251703034062885],[-122.72287375317579,45.245023465289336],[-122.710302197803202,45.245068302208409]]}},
{"type":"Feature","properties":{"OBJECTID":1449.0,"FENAME":null,"MILES":4.4145626,"Source":"Orthoimagery and lidar","Edit_date":"2020/01/28 16:27:45.000","GlobalID":"310a7715-d5c3-4a07-a2b2-32cd9d491df3","CartoDispl":100,"Shape__Len":23308.93702898328},"geometry":{"type":"LineString","coordinates":[[-122.834731375123781,45.368034004366599],[-122.832041419617724,45.366572074366076],[-122.831259346335997,45.366167831543692],[-122.818620254205456,45.365883993582067],[-122.808141340791209,45.35838027817848],[-122.799432572443749,45.352205634205973],[-122.79576184086568,45.340890520558816],[-122.792768241821847,45.333374043201616],[-122.784930434432937,45.328117146776542],[-122.776912733729489,45.32808908193207]]}},
{"type":"Feature","properties":{"OBJECTID":45.0,"FENAME":null,"MILES":4.51111393,"Source":"Orthoimagery and lidar","Edit_date":"2010/12/30 16:00:00.000","GlobalID":"2a3bc523-1b8c-48ad-aa4e-5913aef60fda","CartoDispl":1,"Shape__Len":23818.729147639595},"geometry":{"type":"LineString","coordinates":[[-122.934259548512216,45.345289559291707],[-122.925381932804882,45.346977940759984],[-122.924720320217276,45.34720784634488],[-122.915430337358217,45.349069354773526],[-122.907473574545776,45.350656945698098],[-122.903053476038039,45.351518935015832],[-122.894298989410984,45.353291450196998],[-122.892449867423238,45.354138099670529],[-122.88978538439838,45.355679197891931],[-122.885543959508439,45.357976496480227],[-122.880430738008926,45.360697951944744],[-122.877597622986755,45.362203969194788],[-122.87623833141204,45.363430190754229],[-122.872145980693858,45.367168266385001],[-122.871508088570835,45.367773242320212],[-122.867227344962018,45.371518918038809],[-122.857102381583346,45.372486482619308],[-122.854192165486737,45.373307515414389]]}},
{"type":"Feature","properties":{"OBJECTID":1735.0,"FENAME":null,"MILES":4.53516848,"Source":"Orthoimagery and lidar","Edit_date":"2010/12/30 16:00:00.000","GlobalID":"562ffc07-4b5b-4399-ae29-f9f8e82ca260","CartoDispl":1,"Shape__Len":23945.737393921907},"geometry":{"type":"LineString","coordinates":[[-122.909843592270505,45.624830562454463],[-122.910834276277313,45.613157147719505],[-122.913531631381787,45.596099029212887],[-122.913647926057152,45.575842103780424],[-122.915566611450274,45.565234779995528],[-122.915597281381565,45.56050068541586],[-122.915526046105455,45.559375948364661]]}},
{"type":"Feature","properties":{"OBJECTID":2304.0,"FENAME":null,"MILES":4.56221345,"Source":"Orthoimagery and lidar","Edit_date":"2020/01/28 16:27:45.000","GlobalID":"75be545d-d9ba-4559-b9f1-8069783e59c7","CartoDispl":100,"Shape__Len":24088.534901049305},"geometry":{"type":"LineString","coordinates":[[-122.910363375348808,45.234355159282899],[-122.908317977613422,45.234298231329056],[-122.898732550779926,45.234356881599439],[-122.895594036601878,45.234279785769978],[-122.893347002191604,45.233755179112102],[-122.890574898929145,45.232283947460211],[-122.889773588049579,45.231986280332883],[-122.889905481096747,45.231754850279451],[-122.887905776092182,45.230853374621653],[-122.88565646957467,45.229785572539832],[-122.884320260825561,45.22927036080776],[-122.882820091147337,45.229187312794281],[-122.878575171724634,45.228761227386549],[-122.868723309277243,45.227736740133871],[-122.86769212555285,45.227743815939583],[-122.866137318399097,45.227804601418079],[-122.864918938480258,45.227686901458398],[-122.864014918394233,45.227834232168476],[-122.858220454747993,45.228568496662348],[-122.856833768216134,45.228782896244859],[-122.856345825258359,45.228721498010025],[-122.855236487573265,45.227815394654449],[-122.854160710058153,45.226251164573178],[-122.853503478510845,45.226007448285308],[-122.852646536449143,45.22582500687443],[-122.842507745181479,45.223409742183293],[-122.839227005593798,45.222598995785354],[-122.838164005549132,45.222320622547365],[-122.83020028466801,45.220439572924043],[-122.82819744117397,45.219923020124028],[-122.826686538697899,45.219567917690831],[-122.823891695602427,45.218967371614639],[-122.823436143896728,45.21870509276372]]}},
{"type":"Feature","properties":{"OBJECTID":3898.0,"FENAME":null,"MILES":null,"Source":"Orthoimagery and lidar","Edit_date":"2020/01/28 08:36:39.000","GlobalID":"691966c8-99d9-46e4-be1f-855a6b0f86b2","CartoDispl":12,"Shape__Len":24289.593805066779},"geometry":{"type":"LineString","coordinates":[[-122.834820262098035,45.372033659941998],[-122.835963581102561,45.370891315473621],[-122.836680414182695,45.370233864921239],[-122.837128353427829,45.369706290397829],[-122.836870731100987,45.369591741188607],[-122.834451659845286,45.368258863580905],[-122.831115673348464,45.366472716264198],[-122.823175273774538,45.366297987118692],[-122.818455605767497,45.36622534672891],[-122.814719823988213,45.363551173782838],[-122.811193778332111,45.361044205113643],[-122.807640462417666,45.358523381886464],[-122.80567105855603,45.357085737679569],[-122.803119517018615,45.355278504378674],[-122.799031415330248,45.352372639904104],[-122.798181292644017,45.349679026651138],[-122.797681294493572,45.348145539704305],[-122.79723310827022,45.346725349848747],[-122.795949002029502,45.342963738666427],[-122.795323388845759,45.340984950973969],[-122.794544478402116,45.339056816474304],[-122.793005928004121,45.335171567637047],[-122.792360329342429,45.333536125114136],[-122.788467977670265,45.330916612620847],[-122.784716425946115,45.32840781895846],[-122.783127889648767,45.328581905597822],[-122.781684838182755,45.328592350111578],[-122.780233352432248,45.328602943059742]]}},
{"type":"Feature","properties":{"OBJECTID":2144.0,"FENAME":null,"MILES":4.97664787,"Source":"Orthoimagery and lidar","Edit_date":"2020/01/28 08:36:39.000","GlobalID":"0e6f251c-5352-4fb3-a890-92c5a3132482","CartoDispl":12,"Shape__Len":24373.713893963282},"geometry":{"type":"LineString","coordinates":[[-122.834758696713507,45.371996247887665],[-122.837128353427829,45.369706290397829],[-122.831200059861786,45.366412759969535],[-122.825400482429757,45.366304497724641],[-122.818504466208125,45.366100791244151],[-122.817012013044334,45.365097043862136],[-122.807716864837161,45.35848618966596],[-122.799147453246803,45.352338011614769],[-122.795418807756974,45.340955784451275],[-122.792496626941698,45.333496390963461],[-122.787814199571699,45.330439402082931],[-122.784717532182569,45.32832607116309],[-122.779902754620196,45.328353384972495]]}},
{"type":"Feature","properties":{"OBJECTID":2131.0,"FENAME":null,"MILES":4.64794509,"Source":"Orthoimagery and lidar","Edit_date":"2010/12/30 16:00:00.000","GlobalID":"bd01d736-4710-4e53-8808-0017cdb0c7e5","CartoDispl":1,"Shape__Len":24541.199278384869},"geometry":{"type":"LineString","coordinates":[[-123.045748547541322,44.933348572982723],[-123.045921466624051,44.933470476477744],[-123.045034914765878,44.934459159002259],[-123.043866280667061,44.936731948802489],[-123.042934448517926,44.938622144611671],[-123.042932647881841,44.939411225554664],[-123.042735953114871,44.94016171155166],[-123.04228841642167,44.941252200799958],[-123.041787747420344,44.942232361304207],[-123.041047151786302,44.94352654927777],[-123.040071713330008,44.9455291658481],[-123.040855463008796,44.945777808180011],[-123.040601494216745,44.946323711667738],[-123.04021278945892,44.946272220192633],[-123.039756571335872,44.947165626648811],[-123.039434043973131,44.947524350228846],[-123.038970326018486,44.947414468019502],[-123.037135799662892,44.95104830102305],[-123.036618922266939,44.951659999137114],[-123.036209514639935,44.952243607017522],[-123.035578760656065,44.953569645001188],[-123.035582861952122,44.953663895987653],[-123.034057501690711,44.956639070791283],[-123.034212745220827,44.956875807410732],[-123.034144124156057,44.963352518959184],[-123.034097537224767,44.965892159695002],[-123.033415554369128,44.967433707503879],[-123.032177415337728,44.969244723624776],[-123.030250857361665,44.971619680536982],[-123.028980001067566,44.972959670588779],[-123.035383523370825,44.972956650633449],[-123.035718523491155,44.972880692607369],[-123.038969683558889,44.972903685069767],[-123.047064983591397,44.972905736586739],[-123.04902120082987,44.972879778423533],[-123.051003011747525,44.969851464936902],[-123.059634029636413,44.968031167537625]]}},
{"type":"Feature","properties":{"OBJECTID":1634.0,"FENAME":null,"MILES":4.76005252,"Source":"100k and 24k DRG","Edit_date":"2019/10/11 08:06:41.000","GlobalID":"e5e2c45c-d999-4f0d-a908-37a0e179463d","CartoDispl":1,"Shape__Len":25133.127289492335},"geometry":{"type":"LineString","coordinates":[[-122.843361310614341,45.58323983882169],[-122.840933968909695,45.58502050921453],[-122.837879869370383,45.587099756269936],[-122.835178974497566,45.588932160548914],[-122.832778835597352,45.590580655342009],[-122.831561137200083,45.591573289670329],[-122.830529705752767,45.592296338272909],[-122.829045363159793,45.593333722370581],[-122.827701230681114,45.594227303786241],[-122.82639606241446,45.595080414624483],[-122.824809597757337,45.596176102987059],[-122.823770486380027,45.596867585288791],[-122.822418440127919,45.597680070848149],[-122.821081787715272,45.598546575371017],[-122.820073457957889,45.59922906177755],[-122.818432082413338,45.600261571739281],[-122.816817872233798,45.601189578724487],[-122.814084034797091,45.60333139118049],[-122.80993033888069,45.606606879379108],[-122.806839349699715,45.607947344290693],[-122.80375113849,45.609202190699442],[-122.802796008694756,45.60972425826634],[-122.80202422179039,45.610921493775734],[-122.798850758043457,45.61225224866682],[-122.79370146356203,45.613938686395493],[-122.786355392196555,45.616983881515608],[-122.783665791540301,45.61809861578498],[-122.779470791839969,45.618387040851857],[-122.77543484949561,45.617804511712265],[-122.771162560033943,45.617188190553122],[-122.764439234275329,45.61594209574217]]}},
{"type":"Feature","properties":{"OBJECTID":2129.0,"FENAME":null,"MILES":4.7848407,"Source":"Orthoimagery and lidar","Edit_date":"2010/12/30 16:00:00.000","GlobalID":"c0a1abc6-6998-48df-8da1-e2b6d08f7884","CartoDispl":1,"Shape__Len":25264.00968355544},"geometry":{"type":"LineString","coordinates":[[-122.949933707372224,44.930473357863782],[-122.950763074975441,44.930866796821448],[-122.950757952706738,44.931728107622099],[-122.94805964130623,44.931775526229977],[-122.948188342208724,44.935824358305986],[-122.948298434828615,44.937133398525582],[-122.948191180773321,44.937204175154804],[-122.948275674513113,44.943152486426037],[-122.948311896404604,44.948935439026819],[-122.948142803888317,44.954752086772316],[-122.95411312816708,44.954811416868246],[-122.958508296428576,44.954776731439352],[-122.960702709957829,44.954847470487493],[-122.966850826044904,44.954872998414068],[-122.968070055239423,44.955023125488147],[-122.973471921581748,44.954026877000764],[-122.974360325410558,44.953851279120833],[-122.982229574946373,44.953839128671369],[-122.989478343311845,44.953820235894867],[-122.989737525508133,44.95504774472149],[-122.990814100656053,44.955083267972896],[-122.991613080263505,44.953784022728513],[-122.9930764415802,44.953840545534568],[-122.996166317863043,44.95390107927858],[-123.00078296524552,44.953889361588509],[-123.000759504377939,44.951736841053915],[-123.000763393229406,44.950542803809377]]}},
{"type":"Feature","properties":{"OBJECTID":3888.0,"FENAME":null,"MILES":11.46491816,"Source":"Orthoimagery and lidar","Edit_date":"2020/01/28 16:27:46.000","GlobalID":"14287c9f-53c3-424c-b9ae-c944d24ec725","CartoDispl":100,"Shape__Len":26125.17833898446},"geometry":{"type":"LineString","coordinates":[[-122.526724538521549,45.402699046696817],[-122.526305435411658,45.40270157442226],[-122.525189096267397,45.402525704460281],[-122.525028282013977,45.401795011147996],[-122.526296488260584,45.398684207616881],[-122.527627337976242,45.395233409482707],[-122.52911052847702,45.39155321766696],[-122.530108812003931,45.390528459777762],[-122.534951645937085,45.38494273385863],[-122.536033488011796,45.383705697033918],[-122.538066701757401,45.381273166113729],[-122.540421259748769,45.374821542398578],[-122.542831861632521,45.368163452595851],[-122.543639011366693,45.36576301219408],[-122.545166263699286,45.36378073274458],[-122.546163746510203,45.362353584710178],[-122.548991820265726,45.358522938285816],[-122.550428847359612,45.356535853028127],[-122.55061663266757,45.356234853095707],[-122.550720651533098,45.35607226792083],[-122.553162124824141,45.35383822123233],[-122.559108189033154,45.348318591514889],[-122.560243569032806,45.34662665336436],[-122.558980678621239,45.34274087387017],[-122.55823600661212,45.340603501858325],[-122.557446312415394,45.339976826288066],[-122.557397703619202,45.338965524324557],[-122.557369915380136,45.338421233917948]]}},
{"type":"Feature","properties":{"OBJECTID":3887.0,"FENAME":null,"MILES":null,"Source":"Orthoimagery and lidar","Edit_date":"2020/01/28 15:59:40.000","GlobalID":"fa5d00c0-c42b-4ac4-9d4d-d6a8d20490b1","CartoDispl":12,"Shape__Len":26151.174706392725},"geometry":{"type":"LineString","coordinates":[[-122.557885912730185,45.338691434006698],[-122.557901670227352,45.339324649854859],[-122.558510204800257,45.340578493976885],[-122.5593397511864,45.343250213213778],[-122.560132517946911,45.345740386076436],[-122.560429587137293,45.346685366197995],[-122.559234218610698,45.348399801504144],[-122.558085666344297,45.349438226120007],[-122.557237930243744,45.350246265914635],[-122.554796221086121,45.352536377377668],[-122.551935944013749,45.355173178511357],[-122.550784719468325,45.356286587680344],[-122.549136895677719,45.358544715689241],[-122.546228704657779,45.362564676841103],[-122.544586471032943,45.364847634464304],[-122.543861362852937,45.365839168032196],[-122.543230058465682,45.367622093910853],[-122.542511456207379,45.36951728653915],[-122.541451858020096,45.372522278465816],[-122.540434653625184,45.375438989841406],[-122.538323193596852,45.381309798129919],[-122.537859419471573,45.38181445498445],[-122.535035253231328,45.385180056793608],[-122.529385384697804,45.391610387234721],[-122.52840780673553,45.39397316264521],[-122.527535711579375,45.396092966928315],[-122.526494276317521,45.398566973090801],[-122.526137731799992,45.399382196479152],[-122.525629011562998,45.400608445149935],[-122.525108591542747,45.401810126554729],[-122.525311089192599,45.402263846486036],[-122.525576229018441,45.402266858206211],[-122.525984484057687,45.402263569196869],[-122.526325035691272,45.402257647049915],[-122.526725516743255,45.402264017713087],[-122.527036202943606,45.40225480132866],[-122.527482563685709,45.402258466040692],[-122.527768926180926,45.402249672305658],[-122.52793102731313,45.40224494520298]]}},
{"type":"Feature","properties":{"OBJECTID":1701.0,"FENAME":null,"MILES":5.00864948,"Source":"100k and 24k DRG","Edit_date":"2006/01/12 16:00:00.000","GlobalID":"a45b50cd-f33f-4765-977f-ee51cc297a36","CartoDispl":1,"Shape__Len":26445.72206544023},"geometry":{"type":"LineString","coordinates":[[-122.837679333079748,45.499830070201838],[-122.838153889147023,45.496693833223013],[-122.838550420913066,45.493976058406432],[-122.838620436721001,45.49340460082513],[-122.838877072211744,45.491627229475988],[-122.839040567157511,45.490673321076848],[-122.839055695988009,45.490421315860821],[-122.839436814629778,45.48788353778739],[-122.839507005028608,45.487667602327939],[-122.839818843247215,45.486853446457999],[-122.840177126085663,45.485872815042541],[-122.840270500239669,45.485661437218987],[-122.840582335710323,45.484838254295653],[-122.840636594391029,45.484455778910011],[-122.840651486964902,45.483146136091982],[-122.840635778430112,45.483047087019997],[-122.840658883641851,45.482079502262017],[-122.840687337852955,45.476953380299541],[-122.840748112196565,45.472974944487312],[-122.840776851249814,45.468163867153827],[-122.840865956772632,45.459216807724225],[-122.840924457562721,45.451777396449437],[-122.840916617656717,45.451574855311094],[-122.840932297567875,45.45154336582879],[-122.840939771075583,45.451160822764379],[-122.840953869182314,45.44828046321053],[-122.840938064756926,45.448068911277318],[-122.840836652867083,45.447893240398592],[-122.840743375760169,45.4478076037134],[-122.838988561354483,45.445869881367123],[-122.838785497387889,45.445613065484601],[-122.838551606059056,45.445378702386741],[-122.838262914933566,45.445018247124239],[-122.837647013284638,45.444360274518694],[-122.837342731047045,45.444008793420949],[-122.836633241365917,45.443247190093196],[-122.83632899051544,45.442886692889367],[-122.836250863634234,45.442823572777904],[-122.835338378229892,45.441800621857411],[-122.834722543054411,45.441142655208125],[-122.833583890853788,45.439871814354227],[-122.832593686614729,45.438821728978233],[-122.832086809408139,45.438226906403386],[-122.830784997767495,45.436775774342621],[-122.830317176867695,45.436221508310908],[-122.829514222405223,45.435387694505792],[-122.82754157575296,45.433201940383725],[-122.826715297998817,45.432314057235203],[-122.825717211422059,45.431178382101294],[-122.82571740379845,45.430597799936493]]}},
{"type":"Feature","properties":{"OBJECTID":1702.0,"FENAME":null,"MILES":5.02493638,"Source":"100k and 24k DRG","Edit_date":"2019/10/11 08:21:05.000","GlobalID":"e46e2c3b-4d90-440b-95da-0404785e7491","CartoDispl":1,"Shape__Len":26531.717287934254},"geometry":{"type":"LineString","coordinates":[[-122.83749211693042,45.499829797466901],[-122.837507492178332,45.499775807662999],[-122.837608481626987,45.4990063549496],[-122.837655315270354,45.498848898868211],[-122.837989468014484,45.496284064898099],[-122.838113939768505,45.495420124951082],[-122.838619565456767,45.491608858406138],[-122.838627294338153,45.491419843422875],[-122.838673879779023,45.491217383458931],[-122.838938377637447,45.489341004513989],[-122.839024118123206,45.488864076416242],[-122.839031480438464,45.488666066740038],[-122.83911717615743,45.488063108235572],[-122.839218281042747,45.487671705498251],[-122.839475638337348,45.487028479519857],[-122.840309284448395,45.484810861574729],[-122.840355742569614,45.484648914939868],[-122.840436849123336,45.475035777072911],[-122.8404363951107,45.474068154957799],[-122.84045969640357,45.473595620654443],[-122.840488646074846,45.469005060450542],[-122.840504153207164,45.468469513050309],[-122.840607678615967,45.456975129753296],[-122.840666040735499,45.449027172527742],[-122.840665373229342,45.448262059797898],[-122.84063405478669,45.448032477908576],[-122.839979077913938,45.447324968214915],[-122.839199156848977,45.446437253622541],[-122.837631628098038,45.444706803010625],[-122.837257259668363,45.444269711573504],[-122.837093492180358,45.444107447327816],[-122.836376102578086,45.443323333950126],[-122.835463606394214,45.442300372553454],[-122.834909899126416,45.441709995660013],[-122.834301738073293,45.441020519381922],[-122.832523762437773,45.439091660055887],[-122.83222751206489,45.43874468064822],[-122.831237117958395,45.437640555868647],[-122.827635210924925,45.433679146809446],[-122.825639646226961,45.431457295199088],[-122.825522752710498,45.431272593754308],[-122.82550689184032,45.430331950021539]]}},
{"type":"Feature","properties":{"OBJECTID":2127.0,"FENAME":null,"MILES":5.04191566,"Source":"Orthoimagery and lidar","Edit_date":"2010/12/30 16:00:00.000","GlobalID":"5c750699-bef8-4ac4-99a0-8843f4e05e2b","CartoDispl":1,"Shape__Len":26621.367897847973},"geometry":{"type":"LineString","coordinates":[[-123.044295304591401,44.929151279046295],[-123.044645080611872,44.923413951657629],[-123.044902172155787,44.92116759968124],[-123.044856003355733,44.920317745105486],[-123.045202827906394,44.916046057469728],[-123.045287614251876,44.91478614849278],[-123.04541578116779,44.913185944060601],[-123.046424492941966,44.910945582832554],[-123.046264556822933,44.91075047060378],[-123.046485085827399,44.910199353184922],[-123.049629765165548,44.905668879914231],[-123.050296117490277,44.904660971429749],[-123.05274670590444,44.901047871347707],[-123.053329704278482,44.900000400748731],[-123.05434408561942,44.897635672095291],[-123.054439009408952,44.897410102937911],[-123.056811163753466,44.894411104689524],[-123.057684112071129,44.893340632794981],[-123.058334171633774,44.892498561176211],[-123.060092280957846,44.890373864413164],[-123.060239523728796,44.890014700835124],[-123.060424221575943,44.889447788391294],[-123.06096637774283,44.886414763659388],[-123.061046029725588,44.885577048727761],[-123.061113496264596,44.881809642083986],[-123.061194290073928,44.879937307927129],[-123.061269285911749,44.87766781710981],[-123.061331530070987,44.875903489025362],[-123.061460581634933,44.875130887751077],[-123.062129285234917,44.874189048793916],[-123.062386588838322,44.873686731795154],[-123.06224526162589,44.872853916480089],[-123.061368117008371,44.871433229427581],[-123.061194636089169,44.867745640673498],[-123.061243428667225,44.865940220852202],[-123.061444035726552,44.865207411737309],[-123.061953856163328,44.864095282775828],[-123.062442599663015,44.862503564342269],[-123.06286557167472,44.860474633165005],[-123.063072332426074,44.859087814805576]]}},
{"type":"Feature","properties":{"OBJECTID":4254.0,"FENAME":null,"MILES":null,"Source":null,"Edit_date":"2020/03/19 10:52:13.000","GlobalID":"f1da6f35-3433-4568-b693-86c1add18cf8","CartoDispl":1,"Shape__Len":26627.810287819022},"geometry":{"type":"LineString","coordinates":[[-122.275463260844006,45.430091296327141],[-122.2755235182848,45.429184576290488],[-122.285040434559292,45.429212936394642],[-122.300782024984741,45.429224035460095],[-122.300784428378094,45.432753220674329],[-122.329053118839028,45.432767495702393],[-122.339291666902497,45.432712423213481],[-122.341579609166075,45.432948945892882],[-122.342892711403763,45.432973636026233],[-122.348348048794577,45.432690349829556],[-122.367773409002766,45.4326533620779],[-122.372171381342781,45.432635716116472],[-122.372864180492584,45.432804510389325]]}},
{"type":"Feature","properties":{"OBJECTID":2285.0,"FENAME":null,"MILES":5.17225598,"Source":"Orthoimagery and lidar","Edit_date":"2020/01/28 16:27:45.000","GlobalID":"914b3a98-13b4-4641-bd80-70790a1ac8a1","CartoDispl":100,"Shape__Len":27309.566138260365},"geometry":{"type":"LineString","coordinates":[[-122.809054557624236,45.180912247139545],[-122.806662509788666,45.179428377696453],[-122.812576137634466,45.172763132003496],[-122.816102738522602,45.168547022840222],[-122.819214301865827,45.165068106992258],[-122.820351908095319,45.163730140381489],[-122.822635668320515,45.161268373433238],[-122.831515499976248,45.15115446271335],[-122.838542819941381,45.143221559430195],[-122.838835864484267,45.142486662166213],[-122.843899025642671,45.136928871640855],[-122.844512118167927,45.136124564508734],[-122.835479901551992,45.136467012762218],[-122.831817226939734,45.131325352806108],[-122.831248073277038,45.130736720631624],[-122.824860223007462,45.128065846151515],[-122.822603506033232,45.127182835431462],[-122.820333643148274,45.126471553796911]]}},
{"type":"Feature","properties":{"OBJECTID":279.0,"FENAME":null,"MILES":5.21833976,"Source":"Orthoimagery and lidar","Edit_date":"2020/01/22 08:52:15.000","GlobalID":"15ebb2b7-63bc-4a19-8661-e6da6b2db316","CartoDispl":1,"Shape__Len":27622.498123896788},"geometry":{"type":"LineString","coordinates":[[-123.154168880597396,45.281001879655967],[-123.154167504744194,45.280620930249938],[-123.154140342815381,45.269220807081958],[-123.154224465873355,45.259834737872048],[-123.154286585867766,45.256203338264278],[-123.159144707671601,45.244261147485396],[-123.161348092714732,45.238779109257088],[-123.16770316437804,45.229249007613355],[-123.16733327509705,45.221620959184058],[-123.167287096242873,45.221030448864319],[-123.170674697071902,45.221060147287652],[-123.179128156931853,45.216267311163193],[-123.179999290603504,45.214287795314142],[-123.180631201065992,45.213194346458025],[-123.180762548971757,45.212426622026364]]}},
{"type":"Feature","properties":{"OBJECTID":2083.0,"FENAME":null,"MILES":5.27190183,"Source":"Orthoimagery and lidar","Edit_date":"2010/12/30 16:00:00.000","GlobalID":"7ca724ea-fb99-48a8-a28d-1f7adf026b6a","CartoDispl":1,"Shape__Len":27835.697640139169},"geometry":{"type":"LineString","coordinates":[[-122.916680955420958,45.551701433643011],[-122.9166909609242,45.552587168785912],[-122.915991885374225,45.552892180260507],[-122.916001520399405,45.554740072360971],[-122.915979690668735,45.556969663612733],[-122.9086025541651,45.556960046806047],[-122.906451938332154,45.556928156422437],[-122.904397064746419,45.556265527911044],[-122.901546367254696,45.55521436349207],[-122.899397607167302,45.554410686107644],[-122.896049932180873,45.55297902364677],[-122.892819490497274,45.551754442837861],[-122.889513494942264,45.550502741424758],[-122.884197145091989,45.548501327367042],[-122.879872203022387,45.546860528231171],[-122.873399676161185,45.544420166876314],[-122.870673407578209,45.543399079653625],[-122.868844948776655,45.542945581599355],[-122.867258837200609,45.542120388140269],[-122.865991201157854,45.541622136846762],[-122.864836825458084,45.541240655638987],[-122.860476973041031,45.539547468211254],[-122.855294227053733,45.537613515190614],[-122.852271970062986,45.536464610940783],[-122.849147674251469,45.535303394430521],[-122.848644813996231,45.535270641598117],[-122.847767945136567,45.535040594222828],[-122.846602606866512,45.534883020900466],[-122.844381649963381,45.534765685093205],[-122.840399303374383,45.534164449259848],[-122.840384267780962,45.533459819162438],[-122.840555756133014,45.532508536199082],[-122.838638132170601,45.531846788061969],[-122.836560256488681,45.531912198657139],[-122.836755203011506,45.531036659959753],[-122.83457656831942,45.529951395987716],[-122.831452059607045,45.528599198847736],[-122.828802723317594,45.527599435834141]]}},
{"type":"Feature","properties":{"OBJECTID":3838.0,"FENAME":null,"MILES":null,"Source":"Orthoimagery and lidar","Edit_date":"2020/01/28 16:27:46.000","GlobalID":"afd9d0c1-955a-4cce-832f-2b80c3c1a3d2","CartoDispl":100,"Shape__Len":27951.638575109904},"geometry":{"type":"LineString","coordinates":[[-122.441182988745737,45.542573799012075],[-122.445718420260462,45.543285644877855],[-122.446928416768515,45.543605500339567],[-122.448405287402878,45.543728705945398],[-122.449285643160792,45.543943160652915],[-122.455214002220103,45.544738468512108],[-122.461857668951765,45.54521840263952],[-122.476666929862347,45.545759630085179],[-122.477064932864309,45.545708543482178],[-122.487793981094597,45.547810506644666],[-122.505934273374081,45.551536322958547],[-122.51425427623208,45.552982398374034],[-122.525857231512902,45.555021484456638],[-122.536148724777703,45.556845755881398],[-122.536616105333593,45.556970661871134],[-122.544042847383423,45.557809290073834],[-122.544027153708981,45.555288928567741]]}},
{"type":"Feature","properties":{"OBJECTID":2164.0,"FENAME":null,"MILES":5.32967347,"Source":"Orthoimagery and lidar","Edit_date":"2010/12/30 16:00:00.000","GlobalID":"f5c6c876-dae9-4cb0-828b-d86facce5793","CartoDispl":1,"Shape__Len":28140.732293477649},"geometry":{"type":"LineString","coordinates":[[-123.054146988795424,44.897420149298618],[-123.048716225907739,44.897398422795128],[-123.048625047728635,44.892854272022639],[-123.048644083400163,44.891534700261872],[-123.048008265051337,44.891374300002937],[-123.048555292477928,44.890555472215603],[-123.051199476167184,44.883334386084869],[-123.050982139302107,44.883273775991363],[-123.045399836841341,44.882208668866632],[-123.044255365276896,44.883040654424825],[-123.036788863401725,44.883074146704224],[-123.036776857817301,44.883150725196195],[-123.037119580927921,44.883274018156747],[-123.036776666572436,44.884557096283089],[-123.035906082375831,44.88887163160571],[-123.035628657490804,44.89025138182226],[-123.034704138957068,44.890151759847413],[-123.034244958133485,44.890172742708394],[-123.031589869476377,44.884474718881272],[-123.029466212779312,44.881119832928526],[-123.026846924379768,44.876936301791659],[-123.022022033196151,44.869246858449216],[-123.018417211326266,44.863514776244848],[-123.013674386821407,44.855899517731281],[-123.012393248852433,44.8539105349087]]}},
{"type":"Feature","properties":{"OBJECTID":1408.0,"FENAME":null,"MILES":5.33265042,"Source":"Orthoimagery and lidar","Edit_date":"2020/01/28 16:27:45.000","GlobalID":"7901d3fd-2bd8-4319-a4ae-d27142edef1d","CartoDispl":100,"Shape__Len":28156.450642026193},"geometry":{"type":"LineString","coordinates":[[-122.379064633549859,45.370848434231611],[-122.386984619271885,45.37586328143346],[-122.397449497535661,45.3825886743994],[-122.406709211280699,45.388621684396313],[-122.40820295549716,45.390668935724428],[-122.408583404648198,45.392889030966955],[-122.407566296913132,45.397976732304343],[-122.40595432055062,45.401002456478629],[-122.402687727698094,45.405106479573696],[-122.399129402300034,45.40902963252347],[-122.398828862492991,45.415249588121647],[-122.39821125464897,45.416496478520784],[-122.397189575140743,45.41747165710251],[-122.391590503285528,45.421458651313557],[-122.388172117009162,45.422998265987033],[-122.385200469546689,45.424777913876682],[-122.381631934014067,45.425763189408258],[-122.378314708826096,45.427053509732616],[-122.376547376485391,45.42807140793709],[-122.375363606952504,45.429481887548278]]}},
{"type":"Feature","properties":{"OBJECTID":2194.0,"FENAME":null,"MILES":1.07638594,"Source":"Orthoimagery and lidar","Edit_date":"2020/01/28 16:27:45.000","GlobalID":"43a0626a-d9d7-45cc-a1a6-8b75e9a1ae00","CartoDispl":100,"Shape__Len":29032.074326514787},"geometry":{"type":"LineString","coordinates":[[-122.766517876554275,45.318532640141214],[-122.766043203409168,45.317703415531355],[-122.765214772932964,45.317368560852387],[-122.75679888136311,45.31736639348857],[-122.756807234287081,45.317580723046063],[-122.747619537363263,45.31763185750502],[-122.740749056929062,45.317569403183811],[-122.725767221760947,45.317515775325752],[-122.713137010919169,45.317522749046596],[-122.695852412384298,45.317522791499705],[-122.692217449362133,45.317514758165935],[-122.691842295141896,45.317411543473042],[-122.691837469975411,45.3137836369065],[-122.691867196104425,45.311180969047726],[-122.691837220138268,45.306946832909794],[-122.69185853836737,45.303593061893899],[-122.691939924935113,45.301173844398583],[-122.691959946476928,45.300179658763959],[-122.691956057918404,45.297465644342431],[-122.691956932945189,45.295530313206115],[-122.691959422521151,45.294943278323842],[-122.692779840966821,45.294863881717284],[-122.697028969002531,45.29487085779602]]}},
{"type":"Feature","properties":{"OBJECTID":2431.0,"FENAME":null,"MILES":5.52235303,"Source":"Orthoimagery and lidar","Edit_date":"2020/01/28 16:27:45.000","GlobalID":"dcf39766-1dcc-4609-886e-2a013a4c07eb","CartoDispl":100,"Shape__Len":29158.082087402116},"geometry":{"type":"LineString","coordinates":[[-122.589640510275942,45.183727283823174],[-122.583749734841135,45.180507220231178],[-122.583201227019316,45.178658364478977],[-122.582946457565058,45.17810701212106],[-122.580783045483514,45.175084310150872],[-122.579659839010105,45.172913968953615],[-122.578925025209159,45.170130758368259],[-122.574368477398991,45.166769758541392],[-122.573269175725457,45.165893489413996],[-122.56600829814947,45.161037730836036],[-122.558981580698671,45.156135811576746],[-122.555266444934148,45.153605346833913],[-122.55491134351918,45.153188518297455],[-122.555366825706841,45.152483247035214],[-122.557056598417574,45.148925959219532],[-122.557688407802431,45.148234096185313],[-122.563373608823397,45.144919942816934],[-122.563756173479717,45.144473205848783],[-122.577191658247841,45.147623559100964],[-122.586762293977529,45.148627367921115],[-122.596110898471579,45.149642757730703],[-122.603165344140521,45.150450726478368]]}},
{"type":"Feature","properties":{"OBJECTID":2448.0,"FENAME":null,"MILES":5.57168271,"Source":"Orthoimagery and lidar","Edit_date":"2014/02/10 03:55:21.000","GlobalID":"724017c6-adcd-45f7-b483-4f8bc4400536","CartoDispl":1,"Shape__Len":29418.543548443817},"geometry":{"type":"LineString","coordinates":[[-122.868349266679786,45.587626587003491],[-122.871998621110421,45.582759861937213],[-122.873262493130085,45.581537509764352],[-122.874167402264703,45.580864223554045],[-122.880715799918548,45.577242128692944],[-122.886226997129796,45.574182618584167],[-122.887782956482326,45.573269679108172],[-122.891222650806327,45.569948576907734],[-122.893228234122162,45.56782368803276],[-122.893637202489884,45.567261606877544],[-122.896788122904169,45.562719741546523],[-122.898996996913198,45.559584363578054],[-122.899547085755572,45.558953867366654],[-122.899766314734265,45.558723117944773],[-122.90174571058094,45.555782912702092],[-122.900819904874083,45.552884545948992],[-122.900158393794428,45.550022415792156],[-122.899720049716137,45.549263371171349],[-122.900034199671069,45.548367521366465],[-122.900174156902096,45.546533113197306],[-122.900141425921831,45.545950304085885],[-122.900337078824393,45.540879510134296],[-122.900427326079267,45.537144545994813],[-122.899898332435569,45.534815523988506],[-122.899816449552119,45.531625894847693],[-122.899819762451898,45.530280234852171],[-122.899684832141688,45.528258664084802],[-122.899692751156991,45.527430901221948],[-122.899785700966035,45.527018167319035],[-122.899976200410279,45.526710600488684],[-122.899875223969246,45.524283457648721],[-122.899805832206283,45.52302264155562],[-122.899574571211346,45.518073682539701],[-122.899447745677733,45.515635151550278]]}},
{"type":"Feature","properties":{"OBJECTID":1659.0,"FENAME":null,"MILES":0.93686064,"Source":"Orthoimagery and lidar","Edit_date":"2019/10/11 08:08:35.000","GlobalID":"ad3b2570-1cfd-4c6a-b898-39a04082d35e","CartoDispl":1,"Shape__Len":29469.130558408568},"geometry":{"type":"LineString","coordinates":[[-122.895513662978132,45.556865487431558],[-122.881259362567519,45.556788526683903],[-122.87537825163372,45.556640052925829],[-122.867031672160167,45.556421486722854],[-122.859831365818962,45.558137885790337],[-122.85302984378157,45.559781765892247],[-122.850969642011819,45.560279014009559],[-122.848362613724007,45.560911520487302],[-122.837230630360978,45.563584334478314],[-122.831783722031915,45.562656085804534],[-122.829731813287296,45.562344348813028],[-122.827802281179743,45.562026430492793],[-122.826864907601333,45.56188999472667],[-122.826224123082497,45.561790000484123],[-122.825958735227957,45.56175360511299],[-122.824162093559494,45.561728351409954],[-122.822217204806094,45.561734334034902],[-122.820319082476828,45.561758346591525],[-122.818358174929358,45.561759751768406],[-122.816498986326962,45.561752274755044],[-122.814616931222474,45.561767234839216],[-122.812655970749972,45.561782030290836],[-122.810718723866017,45.561769836963606],[-122.808961420161353,45.56218995516155],[-122.807211329875003,45.562601060655965],[-122.805555276232013,45.56302129629929],[-122.804977493758571,45.563002299260653],[-122.803040160725544,45.563007981069852],[-122.801063967472601,45.563018048502322],[-122.799267163375021,45.563023901103087],[-122.797462757728638,45.563029719126519],[-122.79629850977237,45.564301280268722],[-122.795173451678778,45.565563910377243],[-122.793454674374544,45.565569814069569],[-122.791884485622802,45.565562462063838],[-122.790220517362812,45.565586423998184],[-122.788408375471533,45.565605567547706],[-122.786658335003054,45.565615814501989],[-122.785041276695893,45.565621782767948],[-122.785056949806588,45.565819820925512]]}},
{"type":"Feature","properties":{"OBJECTID":205.0,"FENAME":null,"MILES":5.73983488,"Source":"Orthoimagery and lidar","Edit_date":"2020/01/28 16:27:44.000","GlobalID":"e76194be-de0e-4b79-99ca-9329379fc2b9","CartoDispl":100,"Shape__Len":30306.389010731735},"geometry":{"type":"LineString","coordinates":[[-122.343474901976904,45.296380840145886],[-122.348801298647388,45.299914175326215],[-122.350169730804609,45.300232552653384],[-122.349317543396594,45.300988242520333],[-122.346218229308121,45.306850811203063],[-122.345663911019557,45.309395195287394],[-122.346964886579897,45.315837221876002],[-122.350169799369297,45.333844554703475],[-122.352305212360392,45.345777198056751],[-122.354246688544052,45.350260804086254],[-122.355483488360122,45.35259111301707],[-122.358312244944273,45.35600917649468],[-122.361664399689502,45.35932604208493],[-122.362902751213142,45.360326630348112],[-122.376032841260383,45.36892835276457],[-122.377399783716783,45.369794067255498]]}},
{"type":"Feature","properties":{"OBJECTID":49.0,"FENAME":null,"MILES":5.74967556,"Source":"Orthoimagery and lidar","Edit_date":"2010/12/30 16:00:00.000","GlobalID":"977c32c6-51d6-45e2-99cf-089d90183f7f","CartoDispl":1,"Shape__Len":30358.347925192007},"geometry":{"type":"LineString","coordinates":[[-123.720318938845907,45.074673540183355],[-123.706435512008454,45.074666700818163],[-123.685783420556987,45.062706139116358],[-123.664360827678735,45.06327794740362],[-123.64124017515563,45.063990112440543],[-123.623626536959677,45.064570680198187],[-123.609192106729836,45.062454994927982]]}},
{"type":"Feature","properties":{"OBJECTID":2434.0,"FENAME":null,"MILES":5.96469206,"Source":"Orthoimagery and lidar","Edit_date":"2020/01/28 16:27:46.000","GlobalID":"dc89e04d-c380-4e88-bd4b-bafcc4482c0b","CartoDispl":100,"Shape__Len":31493.637056768399},"geometry":{"type":"LineString","coordinates":[[-122.583487245129305,45.22890085664077],[-122.582208639906284,45.232706062079814],[-122.580537339374516,45.237476822778788],[-122.578392232555274,45.244682446053268],[-122.575902402162882,45.252507318594354],[-122.574734920263452,45.256370838104552],[-122.574678633261826,45.257848350402277],[-122.574251066240265,45.258529593530518],[-122.574078491140497,45.259163037603244],[-122.573647802474639,45.260431475946675],[-122.573136273223739,45.261830893742022],[-122.572786985095348,45.262648861307817],[-122.572078997033501,45.265036158210485],[-122.570167135242258,45.271313461894103],[-122.568054248666527,45.27846642522595],[-122.56568755201998,45.286055631598146],[-122.564529315391951,45.290212397251132],[-122.564480727432922,45.290636010711964],[-122.563866700191184,45.290451787019542],[-122.562280295524175,45.289970703144803],[-122.558605270709336,45.289067524246491],[-122.558661522062792,45.288009032113052],[-122.545475035844092,45.287988305212401],[-122.533652833875692,45.287998979547091]]}},
{"type":"Feature","properties":{"OBJECTID":2130.0,"FENAME":null,"MILES":6.31240541,"Source":"Orthoimagery and lidar","Edit_date":"2010/12/30 16:00:00.000","GlobalID":"c6870b8f-d058-4a42-b56a-cb8c4eb98271","CartoDispl":1,"Shape__Len":33329.56758285065},"geometry":{"type":"LineString","coordinates":[[-123.000892878385102,44.949385195041067],[-123.000903929167109,44.946752385292911],[-123.000799161271189,44.946558921737548],[-122.991708048102652,44.946657426598485],[-122.991701259999601,44.950366646327261],[-122.997404539488144,44.950312051801475],[-123.004401045494731,44.949563678637809],[-123.011111600538371,44.948899383914977],[-123.013630394538836,44.948825056038302],[-123.014290859849368,44.948800902573652],[-123.018997738447155,44.948972431882304],[-123.023002026051415,44.949149323943836],[-123.023777720619321,44.949240039649943],[-123.0320556098727,44.951349045265289],[-123.033293801023078,44.95161551002009],[-123.031228235341203,44.955780924338008],[-123.030613497345186,44.956224995118518],[-123.030031144331943,44.956462834469015],[-123.028767060969287,44.956872172509676],[-123.027229094325747,44.958912056097667],[-123.02530732752578,44.96068627573765],[-123.021398393495971,44.964324113069573],[-123.016016750077213,44.969305252470349],[-123.014757242193426,44.970467886909695],[-123.013366126675521,44.971457210799336],[-123.011621631494506,44.97096665131145],[-123.009984843576731,44.973615178434343],[-123.009698656877291,44.974012848723895],[-123.008981664862461,44.974331788249785],[-123.00644398544074,44.973672418257941],[-123.006152092204744,44.973297074321152],[-123.00389081447959,44.9726512301444],[-123.003547208359223,44.97235529184961],[-123.008853212701268,44.966867512795986],[-123.009723972004764,44.967240072054068],[-123.010160070073525,44.967122952567017],[-123.011965995773494,44.967122873732677],[-123.011082254244926,44.968688335263543],[-123.012689786161545,44.969201450323403],[-123.011635826716926,44.970976129525425]]}},
{"type":"Feature","properties":{"OBJECTID":206.0,"FENAME":null,"MILES":6.33862338,"Source":"Orthoimagery and lidar","Edit_date":"2020/01/28 16:27:44.000","GlobalID":"6e3e37e1-41c1-4085-b89c-6f181fa70367","CartoDispl":100,"Shape__Len":33451.962592443604},"geometry":{"type":"LineString","coordinates":[[-122.599269963273272,45.32189124646024],[-122.618073397805958,45.319761167729887],[-122.626278125078699,45.319686056924766],[-122.641105896005755,45.31926714103696],[-122.652237660272405,45.323433453635545],[-122.665872160682611,45.328647756598379],[-122.668238512500466,45.32927467419222],[-122.677467019134227,45.329340977031784],[-122.685499762328433,45.332480670781493],[-122.691871285660753,45.335119354195974],[-122.703207414623321,45.335327755540455],[-122.715239285073963,45.335298150157634],[-122.723401853905457,45.335440696196372]]}},
{"type":"Feature","properties":{"OBJECTID":3835.0,"FENAME":null,"MILES":null,"Source":"Orthoimagery and lidar","Edit_date":"2020/01/28 16:27:46.000","GlobalID":"318de3e8-4ba3-436e-b009-ea7d078af5f0","CartoDispl":100,"Shape__Len":34119.091723897167},"geometry":{"type":"LineString","coordinates":[[-122.567435658859409,45.568711614263272],[-122.560783149600525,45.56795381693118],[-122.559272016356601,45.567301644446836],[-122.558426568119373,45.567128973761747],[-122.557128084138952,45.567089319663026],[-122.556156861989223,45.56731184571241],[-122.55510464982288,45.568116352099011],[-122.54573236817852,45.568111115330503],[-122.533334162911302,45.568122095817671],[-122.529365835847656,45.566654833096237],[-122.526767672630527,45.565815692411874],[-122.521245171893682,45.56498246165404],[-122.517825667722462,45.564648573097223],[-122.515511478502034,45.564286591627358],[-122.509076415474283,45.562798654406471],[-122.504119157888525,45.561749472791767],[-122.496179286457917,45.560849331706834],[-122.483096286619897,45.55938406241485],[-122.479286154922008,45.558394747047643],[-122.471856957647844,45.558645420349556],[-122.46904142617521,45.558478551353765],[-122.467201204466377,45.557830753110217],[-122.46222802338076,45.557771485395477],[-122.46014860159697,45.557190115382724],[-122.4505623166188,45.558315175660425],[-122.447115951338773,45.559042531617543],[-122.445247113943012,45.559046869299138],[-122.441399152001125,45.558423150939106],[-122.439678217314878,45.558666092736942],[-122.438062311295042,45.558682666311313]]}},
{"type":"Feature","properties":{"OBJECTID":1650.0,"FENAME":null,"MILES":5.10104014,"Source":"100k and 24k DRG","Edit_date":"2019/10/11 08:07:20.000","GlobalID":"382f42f9-49ba-44d8-bebe-ed649babc52a","CartoDispl":1,"Shape__Len":34645.991014787702},"geometry":{"type":"LineString","coordinates":[[-122.895606776039287,45.550473065705845],[-122.895680453164374,45.551950475309326],[-122.895526960297829,45.556642867927771],[-122.89552494272597,45.557540877791908],[-122.891348705758062,45.557534997653185],[-122.877458553033975,45.557482985429587],[-122.87462955403349,45.559979195984468],[-122.873201793307516,45.561183239482517],[-122.871480395486515,45.56282557711215],[-122.863369550135232,45.569940824214392],[-122.855200606275673,45.57701055441121],[-122.852653208378158,45.578015510786095],[-122.848880156326672,45.579482238296933],[-122.846896087319138,45.580253669654688],[-122.846739948144489,45.580374985196038],[-122.845779131389094,45.581057759646242],[-122.845568425068208,45.581205993225886],[-122.845255795343306,45.58142609767016],[-122.843412435117557,45.582697211991949],[-122.840904976204826,45.58447593948479],[-122.839264462172693,45.585630268093624],[-122.837499100536547,45.586847388221983],[-122.835951995637899,45.587929790694858],[-122.833998970326988,45.589295111967658],[-122.832725120365836,45.590193353612783],[-122.831084375167848,45.591311557904426],[-122.82944346394406,45.592461226613331],[-122.827060133370352,45.594113830260021],[-122.825716177256353,45.595061377412364],[-122.824669113943173,45.595743846016276],[-122.82314511834501,45.596713604784284],[-122.821097455917808,45.598033545761744],[-122.819190319912153,45.599227659572179],[-122.816556371589357,45.600879642140725],[-122.815860495211084,45.60144556283651],[-122.813210746328977,45.603569994845273],[-122.810982775368146,45.605330501189492],[-122.80980224337587,45.606264629459517],[-122.806894190261346,45.607497374271304],[-122.803993545675453,45.60875706683958],[-122.802359665034459,45.60954183123382],[-122.801703812550869,45.609856505218609]]}},
{"type":"Feature","properties":{"OBJECTID":1454.0,"FENAME":null,"MILES":6.6800266,"Source":"Orthoimagery and lidar","Edit_date":"2020/01/28 16:27:45.000","GlobalID":"a292198f-6f96-4440-a175-fad7e1538bd5","CartoDispl":100,"Shape__Len":35270.611455365455},"geometry":{"type":"LineString","coordinates":[[-122.463661017579042,45.491723263388856],[-122.464036802773222,45.493265412190439],[-122.456298251140623,45.507595678640953],[-122.456341654356351,45.510162987849839],[-122.45476149744367,45.510901488003498],[-122.452996805058973,45.51152973655293],[-122.453649867991786,45.530429999152474],[-122.445968400294745,45.530384142919473],[-122.445642848799267,45.539095659865623],[-122.437657640229816,45.545714422931624],[-122.43767161418576,45.553506058624578],[-122.437735158989355,45.558162693244711],[-122.421819939159533,45.55829735494077],[-122.413384980974342,45.558215812886203],[-122.408704916604364,45.558161777628868]]}},
{"type":"Feature","properties":{"OBJECTID":2180.0,"FENAME":null,"MILES":6.7714803,"Source":"Orthoimagery and lidar","Edit_date":"2010/12/30 16:00:00.000","GlobalID":"bd1b49ae-e01a-44be-8312-22898f02923d","CartoDispl":1,"Shape__Len":35753.487600257686},"geometry":{"type":"LineString","coordinates":[[-122.982740944532964,44.9949398652927],[-122.98282358975483,44.993413442275639],[-122.983138311281962,44.992920703522827],[-122.983352111435835,44.987227253418638],[-122.983448330037845,44.982555929697106],[-122.983454605347774,44.979554124997669],[-122.983544697425984,44.975054441251395],[-122.983637652208216,44.969992468345211],[-122.983147142265665,44.969507488942547],[-122.983155584890326,44.969210171172229],[-122.983250010882216,44.968771534600776],[-122.983364315299156,44.967044301385606],[-122.98342807500957,44.960982375174147],[-122.983547094972394,44.95464289996751],[-122.983498792767406,44.953824426235187],[-122.983554913134185,44.952937003135318],[-122.983549783509901,44.95029751809794],[-122.983556474051269,44.94699073064178],[-122.983477327843275,44.945763159077707],[-122.983245099445526,44.943462071284841],[-122.982822897552992,44.939535559462556],[-122.98291205715978,44.936589099015187],[-122.983099636123129,44.93154407627609],[-122.983167177016099,44.929665352590028],[-122.983241398507317,44.928098544059438],[-122.983554333000583,44.927732110742681],[-122.983623494813259,44.925576999315105],[-122.983676763737961,44.924308453673142],[-122.983520871112361,44.923482753969552],[-122.983248817666166,44.923078841453496],[-122.982585329258526,44.922302168374351],[-122.982069670428757,44.921531844580578],[-122.981427926993959,44.918744008727032],[-122.980961521704572,44.917238862998545],[-122.979443604009333,44.911820670776002],[-122.978609536413401,44.909865997270018],[-122.977767385523464,44.908035373156999],[-122.976855338033076,44.90455765972267],[-122.973831608609714,44.903450361372421],[-122.972177788863988,44.90176096425359],[-122.971294946106838,44.901493980232992],[-122.969685254407921,44.90259792518642]]}},
{"type":"Feature","properties":{"OBJECTID":4154.0,"FENAME":null,"MILES":63.97377408,"Source":"Orthoimagery and lidar","Edit_date":"2020/01/28 16:27:46.000","GlobalID":"2580bfcd-1500-4022-a254-814c6785f587","CartoDispl":100,"Shape__Len":36157.0602689597},"geometry":{"type":"LineString","coordinates":[[-122.334628931748767,45.388909182378427],[-122.333274944105057,45.388377587541342],[-122.304611223006773,45.375969535238994],[-122.28932441676632,45.375276694961499],[-122.285969403442763,45.375351979669638],[-122.284378048452638,45.375398105711653],[-122.276676944983009,45.375620990134216],[-122.249475724365766,45.376411055661741],[-122.230135551632841,45.376968999175496],[-122.226784724412894,45.377899689698893],[-122.223813878388896,45.378724734211907],[-122.218448037620064,45.380064901779996],[-122.214579176872633,45.381040553247594],[-122.208192943892044,45.385382749244805],[-122.205968957612598,45.3867924061637],[-122.204060478277754,45.38793207282221]]}},
{"type":"Feature","properties":{"OBJECTID":2432.0,"FENAME":null,"MILES":6.97046811,"Source":"Orthoimagery and lidar","Edit_date":"2020/01/28 16:27:46.000","GlobalID":"ab4b0399-5c11-49da-b31e-3ca63a6f0951","CartoDispl":100,"Shape__Len":36804.145311673936},"geometry":{"type":"LineString","coordinates":[[-122.604995283323618,45.153664682381191],[-122.607618470106672,45.148451606912637],[-122.608670386497437,45.146448810526906],[-122.610245519522778,45.143374104779674],[-122.610825237249514,45.142243070634777],[-122.611356301219644,45.140747792445602],[-122.612331187121427,45.137302416914302],[-122.612910188731689,45.136154784364123],[-122.613850229359613,45.134942370330286],[-122.617884362050205,45.13022031961367],[-122.619569115905392,45.128230549803952],[-122.621515781226108,45.126352063687662],[-122.62528265209852,45.121410626520962],[-122.626612113658183,45.119966773949493],[-122.62803919576946,45.117998265100915],[-122.63082448427113,45.115680722595272],[-122.63463854760063,45.112671662140606],[-122.642361325672084,45.106709443269438],[-122.649932005934957,45.100483973413212],[-122.652410964673606,45.098478695636388],[-122.652788616154623,45.098239199837018],[-122.654763943246607,45.097488193577718],[-122.656356279618819,45.096835682059769],[-122.657173017211349,45.096123134262356],[-122.66025424982314,45.09270377839114],[-122.663702627581841,45.089708903257772],[-122.667000491848867,45.087388983372911],[-122.676643236555108,45.080035059665164],[-122.67861610973965,45.078320995405818],[-122.679557562134008,45.0778216618898],[-122.683938779874964,45.075995034601135],[-122.68593273404133,45.073002398350077]]}},
{"type":"Feature","properties":{"OBJECTID":3923.0,"FENAME":null,"MILES":7.19079039,"Source":"Orthoimagery and lidar","Edit_date":"2020/01/28 16:27:46.000","GlobalID":"dfb9127d-ce02-4f36-93c0-88b0c81903cb","CartoDispl":100,"Shape__Len":37967.449229205595},"geometry":{"type":"LineString","coordinates":[[-122.969787108140466,44.900685721165573],[-122.967947702978321,44.899403815787416],[-122.961007727580068,44.894314606791461],[-122.95912932039829,44.892879485936824],[-122.958851928833184,44.892405114827845],[-122.954456610939133,44.889262471741048],[-122.953486963553601,44.888391135705028],[-122.951925357200423,44.887978338220471],[-122.950761005400594,44.887831533553495],[-122.948639099021477,44.887098964458843],[-122.943571800573821,44.885170868395498],[-122.942808817048586,44.88500405247833],[-122.942264422409977,44.884295154425281],[-122.941857980387709,44.883423242927762],[-122.941639610939291,44.882433000257791],[-122.941247826560314,44.881526470923795],[-122.940777798417955,44.881056131870054],[-122.938416324574845,44.879585159136987],[-122.937373092657907,44.879252701556162],[-122.932705735556397,44.878790836619338],[-122.931536020323136,44.878895528680374],[-122.92249082805597,44.878353861153698],[-122.913413665650367,44.877812157392299],[-122.913411777888101,44.877377663021093],[-122.913249675592184,44.87695795380138],[-122.910976956354247,44.875667541365516],[-122.907593920824809,44.872799339009717],[-122.907171449599829,44.872693800135465],[-122.904289135684451,44.870261028712825],[-122.901798096590468,44.868168125844399],[-122.897683715671562,44.866425314032888],[-122.890534492452744,44.863522153929758],[-122.883876719354149,44.860696677279869],[-122.881953772897688,44.857237285329262],[-122.879207165443603,44.850743376119866],[-122.877212223115748,44.84593618370787],[-122.875783438940147,44.842403457354045],[-122.875774746297537,44.841754251259651],[-122.87196025049866,44.841656216111403],[-122.866067454618758,44.841537727861628]]}},
{"type":"Feature","properties":{"OBJECTID":1435.0,"FENAME":null,"MILES":7.26329574,"Source":"Orthoimagery and lidar","Edit_date":"2012/03/12 03:10:57.000","GlobalID":"78256e28-db5e-4ab0-a34b-c1723a9195e3","CartoDispl":1,"Shape__Len":38380.729954900344},"geometry":{"type":"LineString","coordinates":[[-122.995990370279131,45.014469866499134],[-122.993158380508362,45.013053750206581],[-122.988497607725975,45.004273030667775],[-122.985236252284622,45.004333612289031],[-122.980633742515678,45.000658902003174],[-122.962607883352788,45.000655931435922],[-122.934934204947623,45.000747468666354],[-122.933996845423863,44.991959939123845],[-122.922362438849547,44.980465871116891],[-122.918028229422163,44.97930685313576],[-122.910183817160188,44.966538042262584],[-122.899997762526567,44.958207973729102],[-122.89789627585975,44.956108386947633]]}},
{"type":"Feature","properties":{"OBJECTID":1402.0,"FENAME":null,"MILES":11.46491816,"Source":"Orthoimagery and lidar","Edit_date":"2020/01/28 16:27:44.000","GlobalID":"3b74e919-3361-479c-98dc-a7063fb992af","CartoDispl":100,"Shape__Len":38591.875864767135},"geometry":{"type":"LineString","coordinates":[[-122.462957077816426,45.490069100237754],[-122.464581054920146,45.489937640764417],[-122.470509884112644,45.483642153163842],[-122.475659231248997,45.477854134294574],[-122.477646650190096,45.475920138959154],[-122.482293271547135,45.471155538622533],[-122.482491646870486,45.464540062824852],[-122.486305758322914,45.460882748938126],[-122.489531366712015,45.455725474516072],[-122.49811577020121,45.44191174808369],[-122.502263576017995,45.435150234194566],[-122.513459058822704,45.430141367989329],[-122.519625719193144,45.4272752170722],[-122.519739889372019,45.426310028338285],[-122.51973699778172,45.419879963639872],[-122.524619089400943,45.417842786540888],[-122.524544864314834,45.414668062066802],[-122.524509678618799,45.408594917341176],[-122.524444496140632,45.405029368351506],[-122.524854290706074,45.403062588375704],[-122.525966706203633,45.402859293907234],[-122.527518019178459,45.402859327918947],[-122.527790716519348,45.40285758392185],[-122.52790592648347,45.402861583063547]]}},
{"type":"Feature","properties":{"OBJECTID":4156.0,"FENAME":null,"MILES":9.04707608,"Source":"Orthoimagery and lidar","Edit_date":"2020/01/28 16:27:46.000","GlobalID":"672b73af-df93-417e-82f1-88063ade00a8","CartoDispl":100,"Shape__Len":38807.766335003544},"geometry":{"type":"LineString","coordinates":[[-122.55970033806355,45.327109352230082],[-122.562942533250691,45.327062381764968],[-122.565409700041741,45.325169532249149],[-122.567629358133985,45.323426148367361],[-122.575324166038683,45.318732654768162],[-122.580111826752614,45.316184434855124],[-122.585647076426213,45.31271839570357],[-122.595835580366909,45.313199969077651],[-122.60917067696451,45.313835748891208],[-122.61223943477934,45.316690705108542],[-122.623194834311363,45.31672823573588],[-122.63192652376172,45.316769004845412],[-122.638481276487099,45.316786382442196],[-122.65739344051542,45.316816415703443],[-122.668797321883076,45.317778844427899],[-122.671987680301129,45.318049069531916],[-122.678820240392014,45.319648366782211],[-122.686057968180933,45.319655239054001],[-122.700198629248902,45.319601068269336]]}},
{"type":"Feature","properties":{"OBJECTID":1971.0,"FENAME":null,"MILES":7.26731812,"Source":"Orthoimagery and lidar","Edit_date":"2020/03/19 10:41:28.000","GlobalID":"fc726195-40cc-44ff-8477-b5f8be36381d","CartoDispl":100,"Shape__Len":39912.04888018324},"geometry":{"type":"LineString","coordinates":[[-122.375363606952504,45.429481887548278],[-122.372929141663633,45.432089975583068],[-122.372864180492584,45.432804510389325],[-122.372843934001651,45.435714636807297],[-122.377289841983924,45.435581082765125],[-122.378145462305184,45.435877513912587],[-122.379327723064307,45.435920503011225],[-122.384875513527788,45.444442454012972],[-122.384470408039277,45.44661428491338],[-122.382092144612898,45.451802211611344],[-122.38181032487023,45.45289249870698],[-122.382157309873506,45.454884655911023],[-122.383391919232437,45.45652124662336],[-122.390383450815193,45.461949511051181],[-122.396259405088912,45.467163887855598],[-122.401092061773099,45.472278128567751],[-122.40426420157705,45.475148557542539],[-122.409395641150255,45.47736020289053],[-122.41748793032734,45.483358033867319],[-122.421530561365117,45.486610914682117],[-122.426268846060822,45.491564030759577],[-122.429841632028015,45.494134911032496],[-122.433433895559645,45.495519474283704],[-122.440429554207597,45.495066683419175],[-122.444081636387438,45.492722869758737],[-122.449674285781285,45.489546788315124],[-122.455951673175178,45.48874847639506],[-122.462957077816426,45.490069100237754]]}},
{"type":"Feature","properties":{"OBJECTID":2134.0,"FENAME":null,"MILES":5.77431325,"Source":"Orthoimagery and lidar","Edit_date":"2010/12/30 16:00:00.000","GlobalID":"6cd5804c-00a5-4b07-9c39-c7e4a775869e","CartoDispl":1,"Shape__Len":41963.9390427822},"geometry":{"type":"LineString","coordinates":[[-123.049025302313311,44.944808853750928],[-123.049442489711595,44.945511503060175],[-123.049133668491109,44.945629810853212],[-123.051126654913773,44.948947831709972],[-123.051509828015185,44.950251581322689],[-123.052349316514992,44.953149061571573],[-123.052729388860016,44.953277892080777],[-123.053746032057788,44.95718347596145],[-123.054391235383605,44.95950202829215],[-123.054871517636272,44.960537747128321],[-123.057423073921143,44.964452243536115],[-123.05787558200916,44.965128351510764],[-123.058202486753586,44.965970190689276],[-123.058737620722397,44.966601584490483],[-123.060345014278923,44.967989694778389],[-123.061528164426505,44.969069853566722],[-123.062524643694886,44.970299938434003],[-123.063447999017384,44.970965588312779],[-123.065431692253298,44.971839273555823],[-123.066339637481462,44.972428055313244],[-123.068655078393277,44.974520761539118],[-123.069657399411682,44.975055962359647],[-123.074280198505392,44.976857115689057],[-123.075646274325393,44.977418472863192],[-123.076130383634663,44.977982314548683],[-123.077061015799245,44.979625419280246],[-123.077182992830302,44.980197326956421],[-123.077219045390379,44.982923850245491],[-123.077235282532811,44.988206603047296],[-123.077259349979698,44.989569725693926],[-123.078214096560529,44.991752598837785],[-123.078289013309131,44.992625728687152],[-123.078228143937849,44.995345823045092],[-123.078039112331524,44.997082479679342],[-123.078044235117034,44.999655298515705],[-123.078180743595112,45.000827228974593],[-123.077019888904118,45.000818790682892],[-123.076132676190042,45.000984352101533],[-123.073339976753502,45.000977901259446],[-123.073029017339266,45.001053429548776],[-123.071710406800904,45.001031294278135],[-123.067449618423993,45.000354064531606],[-123.066535957670865,45.00019423548131],[-123.064469766067603,45.0002143321055],[-123.063256847304828,45.000121146286837],[-123.057536813259262,45.000067651931658],[-123.057524194404621,45.001431574785663],[-123.052322582268189,45.001349204970985],[-123.052298371394173,45.001624182560583],[-123.052297739201393,45.003947838646873],[-123.045070664979178,45.003856921341885],[-123.030257373318904,45.00375305777424],[-123.029000285770678,45.00426653539909],[-123.028093552738213,45.004264913022944],[-123.025445351064008,45.004294168330055],[-123.022996170039036,45.007056274593324],[-123.022303187184221,45.008036211676959],[-123.020980294032242,45.010523565136047],[-123.02033281216471,45.012788929424325],[-123.020400589744284,45.013423522255607]]}},
{"type":"Feature","properties":{"OBJECTID":2165.0,"FENAME":null,"MILES":8.05236155,"Source":"Orthoimagery and lidar","Edit_date":"2010/12/30 16:00:00.000","GlobalID":"b6750005-3beb-493c-8944-3bc20653d143","CartoDispl":1,"Shape__Len":42516.554247623615},"geometry":{"type":"LineString","coordinates":[[-123.033962443819306,44.865459501044541],[-123.03459137630378,44.868161403864221],[-123.035568706437587,44.871310433123824],[-123.036377318097308,44.874359209257953],[-123.035959735213623,44.877785757114431],[-123.036930894418461,44.881207774363851],[-123.03645673240112,44.881231186909396],[-123.029545342878038,44.881161948851712],[-123.02559751039999,44.881157434138721],[-123.015356318874794,44.881004225858256],[-123.015520508301549,44.881845237450285],[-123.015514771790961,44.882560014973251],[-123.014676727206293,44.883046045728932],[-123.011439211046337,44.882986588070004],[-123.00504225278695,44.882982648113838],[-122.998569478955048,44.882915028496647],[-122.991330368207542,44.882876583753863],[-122.983194887378914,44.882817989844007],[-122.978769435232621,44.882757179405047],[-122.976319888972441,44.882744784838941],[-122.976041659347132,44.885232508280673],[-122.971578782902171,44.896372559550407],[-122.969787108140466,44.900685721165573],[-122.97018277365018,44.900963112235189],[-122.969685254407921,44.90259792518642],[-122.962017574033979,44.907621157021453],[-122.955094326412791,44.912550061385829],[-122.954456825137839,44.91608477705347],[-122.953674051106148,44.917907465959615],[-122.953766430781016,44.92097190053947],[-122.949029920098255,44.923151322983173],[-122.94902522074041,44.927828958304026],[-122.949054946508227,44.928101184582836],[-122.949964557579065,44.92841972104759],[-122.950788263386059,44.928870003243965],[-122.950816641053223,44.929545045062888],[-122.950101753953874,44.929508235130157],[-122.950087573179843,44.930041254802788]]}},
{"type":"Feature","properties":{"OBJECTID":1439.0,"FENAME":null,"MILES":9.04707608,"Source":"Orthoimagery and lidar","Edit_date":"2020/01/28 15:54:03.000","GlobalID":"62b1a51b-74f4-429e-80a7-6928c9b3261e","CartoDispl":12,"Shape__Len":43402.004180896416},"geometry":{"type":"LineString","coordinates":[[-122.406663637720655,45.360101079597314],[-122.407476587993784,45.35996201353629],[-122.409532989559025,45.35973613143539],[-122.421004425836401,45.357815647587273],[-122.430097782700614,45.357677977171107],[-122.434932344487606,45.357625208571783],[-122.470497369137945,45.33819807078055],[-122.485092585962619,45.331905582427297],[-122.499299826715458,45.332178860126255],[-122.516667188559992,45.333336497003664],[-122.52617530950306,45.327212500513262],[-122.558561987175011,45.327125823658577],[-122.55970033806355,45.327109352230082]]}},
{"type":"Feature","properties":{"OBJECTID":275.0,"FENAME":null,"MILES":8.3699867,"Source":"Orthoimagery and lidar","Edit_date":"2020/01/28 16:27:44.000","GlobalID":"4ebdc22c-81b1-4b9c-8ca8-4f791cb0e0ec","CartoDispl":100,"Shape__Len":44193.618244805708},"geometry":{"type":"LineString","coordinates":[[-123.089144479453324,44.931606244127785],[-123.089163323961202,44.926259092232669],[-123.089048777792001,44.914248538330419],[-123.089049192281763,44.91115276814179],[-123.091616474041402,44.908116964818319],[-123.091550660379738,44.892365179979656],[-123.091464592937342,44.88112032974211],[-123.091526381760943,44.871439508664608],[-123.089342997128767,44.867008337933804],[-123.089435081590551,44.850638983634909],[-123.090210880072675,44.846429401668196],[-123.090284997555543,44.837491972318688],[-123.087090507545327,44.82243739344657],[-123.08944876438602,44.812214000127547],[-123.08950419481063,44.811488153259454]]}},
{"type":"Feature","properties":{"OBJECTID":2731.0,"FENAME":null,"MILES":8.57470375,"Source":"Orthoimagery and lidar","Edit_date":"2020/01/28 16:27:46.000","GlobalID":"5d0b3fd9-bcfb-4116-964e-fa4244c28b5d","CartoDispl":100,"Shape__Len":45274.526041318008},"geometry":{"type":"LineString","coordinates":[[-122.68593273404133,45.073002398350077],[-122.686757704955085,45.072121421375144],[-122.691743095274305,45.068109789030714],[-122.697207838839873,45.064179369142025],[-122.70057389848408,45.061749308102186],[-122.704728066458628,45.059672342883694],[-122.70561096259965,45.059148496232361],[-122.707538416643189,45.056751643025137],[-122.710030691267804,45.055104528158616],[-122.713321591425142,45.053188573778051],[-122.716116689106144,45.050781010207679],[-122.719159236906975,45.048839450533038],[-122.723708155507623,45.045546957254317],[-122.725757475749745,45.043473378331939],[-122.728031585835552,45.040381349782187],[-122.730103826077269,45.038470219718576],[-122.731476275025528,45.036518214504966],[-122.73338131047187,45.033584080998637],[-122.734817782222578,45.034413501671629],[-122.738531796347502,45.036466493976668],[-122.74340319310042,45.038279641726753],[-122.743632286990461,45.038480434152412],[-122.743667649692156,45.042047169770001],[-122.743641301780357,45.053287134530052],[-122.743608925856833,45.057084535949784],[-122.74358768992326,45.060066829404306],[-122.743563582918853,45.063858023801778],[-122.743577476862868,45.067751091656135],[-122.743542334010669,45.071035449100428],[-122.743566001180682,45.07518183361227],[-122.743599809241815,45.083565385136787],[-122.743591010332963,45.085545405965576],[-122.743572879314797,45.093024510358994],[-122.743670566894565,45.093789204925727],[-122.74819566895242,45.099520306386495],[-122.74822937881342,45.100612186020292]]}},
{"type":"Feature","properties":{"OBJECTID":1357.0,"FENAME":null,"MILES":8.65662554,"Source":"Orthoimagery and lidar","Edit_date":"2010/12/30 16:00:00.000","GlobalID":"ae053631-962d-480f-a834-9c9e596b97bc","CartoDispl":1,"Shape__Len":45707.074511477193},"geometry":{"type":"LineString","coordinates":[[-123.088577936050726,44.931180276646664],[-123.088490974439296,44.932895493352696],[-123.08848402466964,44.934575809785855],[-123.091577651953841,44.93672278455297],[-123.091581183425305,44.969695125560676],[-123.091608156577635,44.987200225462345],[-123.092429176990734,44.988449244582711],[-123.092339513754226,45.010569067270907],[-123.082697622811494,45.018522535917349],[-123.07718659274488,45.018450000473514],[-123.072967912938324,45.017557663708395],[-123.065719894248261,45.0155840490795],[-123.053804185841216,45.01543433206421],[-123.035023604981518,45.015379077356428],[-123.034835893146209,45.015387315387549]]}},
{"type":"Feature","properties":{"OBJECTID":4218.0,"FENAME":null,"MILES":null,"Source":null,"Edit_date":"2020/03/17 16:25:49.000","GlobalID":"cf83cce5-36c5-43fd-bbfb-a6ae23fdeb88","CartoDispl":1,"Shape__Len":45877.685715679319},"geometry":{"type":"LineString","coordinates":[[-122.947092221024931,45.292017024534239],[-122.947055267618509,45.301108097360796],[-122.947115361570653,45.303889292805913],[-122.946805353169296,45.304706239734621],[-122.946748196006396,45.306071655789076],[-122.946492433773898,45.306360685330532],[-122.932835211259189,45.310685758557653],[-122.928952961987818,45.31168537055899],[-122.925792759217444,45.312102501951301],[-122.923553314071427,45.312108664523045],[-122.921551284055809,45.312298938590438],[-122.919544773521224,45.31284044920595],[-122.913619528102458,45.315354265242831],[-122.912370062878011,45.315690841341286],[-122.911231414196024,45.315930559636051],[-122.908960864119635,45.316112671492291],[-122.907929662817466,45.316174542533261],[-122.905828935399995,45.316758281732646],[-122.899288110935885,45.320148503066001],[-122.898181305788114,45.320698087742045],[-122.896047084504289,45.32140389401529],[-122.894723101637823,45.321795837013589],[-122.892805360004957,45.322645698847374],[-122.890325731885781,45.324263447807098],[-122.888825734446641,45.325496349642734],[-122.88729054061497,45.327270217254835],[-122.888008419224263,45.327498604002535],[-122.887480115649936,45.328616989588099],[-122.886599621865315,45.32955350388189],[-122.883695907719058,45.332044215436269],[-122.882468126555068,45.332920276350869],[-122.881245562603539,45.333458551745153],[-122.878092687947671,45.335022257295684],[-122.877770467934454,45.334637152359619],[-122.876822903660027,45.33534534452027],[-122.876315958735049,45.336058037274917],[-122.875691124798422,45.337164822872289],[-122.875229562155994,45.338984116018743],[-122.875603353690181,45.339692329980231],[-122.872921370240647,45.344811970865599],[-122.869091921312432,45.351859289575742],[-122.868440456677078,45.352790980426121],[-122.867068449753887,45.354372120319397],[-122.858129500092318,45.360185674031136],[-122.853028816584654,45.363841021823447],[-122.846569860646255,45.368036744552199],[-122.84500160706618,45.369054289046758],[-122.84044600176577,45.372258839875784],[-122.838024818515223,45.370915813639293],[-122.837631309407399,45.370889138286074],[-122.837303916145174,45.371284686863184],[-122.836847659500194,45.371829765816422],[-122.835887545573328,45.372652912679257]]}},
{"type":"Feature","properties":{"OBJECTID":2145.0,"FENAME":null,"MILES":9.95679316,"Source":"Orthoimagery and lidar","Edit_date":"2020/01/28 16:27:45.000","GlobalID":"9581b9d5-3b8f-415b-80ac-082dc09ac8b8","CartoDispl":100,"Shape__Len":47449.36982943998},"geometry":{"type":"LineString","coordinates":[[-122.834582950389375,45.36764168076607],[-122.829591027603882,45.364924020820659],[-122.829583474966711,45.360614819991127],[-122.826226342474655,45.360701450082672],[-122.825731220960265,45.360769840562369],[-122.8246605320942,45.360625481725002],[-122.823140485239108,45.360655825321857],[-122.82351854859867,45.361116263012441],[-122.823514119500146,45.361350344135602],[-122.821182736618383,45.3632200337535],[-122.818523671577609,45.365544680796816],[-122.816862293345594,45.366884200578959],[-122.816177358584525,45.367395058469882],[-122.815056396781003,45.368070575854745],[-122.814690651422652,45.368263089538416],[-122.813685469531862,45.36872179967434],[-122.812470234120539,45.369116426043135],[-122.811688683494665,45.369287938735219],[-122.807487563778309,45.369381021505518],[-122.801794691868821,45.369873936270011],[-122.800154263296875,45.370013598448409],[-122.798053975056931,45.370415802525144],[-122.796330307912612,45.370898286939287],[-122.795255056402397,45.371338717008356],[-122.793937181586273,45.371939907967061],[-122.788424764616721,45.374904972095116],[-122.784036770286349,45.377282243096573],[-122.78311297202157,45.377709835141275],[-122.78181824706023,45.378203184496954],[-122.778466545000882,45.37845405008872],[-122.77634622436004,45.378710002805462],[-122.773882567288723,45.379382096174858],[-122.768924694148055,45.381009448635901],[-122.764769649260828,45.380534612390214],[-122.764480878790266,45.38057922542707],[-122.764708996502279,45.378985643013209],[-122.768208262495975,45.374735051213392],[-122.770963187388958,45.371620038364661],[-122.771834848182564,45.370569595375137],[-122.772443070056156,45.369855767158285],[-122.773082868294935,45.368185872479017],[-122.773344124162534,45.362867313238674],[-122.774594948691956,45.360912484001453],[-122.774629361343045,45.353697173708795],[-122.77456824618605,45.350383525838836],[-122.77464887743632,45.349972469971007],[-122.775218135583728,45.348625654663735],[-122.774974743414376,45.344896329581381],[-122.774675849741755,45.344326946426044],[-122.773821343560741,45.343339437959322],[-122.773511718178526,45.342848259359528],[-122.773529051994899,45.342233697079898],[-122.773897171944,45.341046804571015],[-122.773038339058658,45.338187451922764],[-122.771937607635408,45.337263236409392],[-122.77170096617651,45.336517137251924],[-122.771143576203286,45.335699301397725],[-122.770137434649541,45.334012751971208],[-122.770058290265936,45.332347112285952],[-122.769944711197098,45.330155662812466],[-122.769909100362497,45.327484957391654],[-122.769985501622031,45.324851061375696],[-122.769918393768009,45.32243445448016],[-122.769886582412539,45.31774547961686],[-122.766449454601286,45.317490757432807]]}},
{"type":"Feature","properties":{"OBJECTID":3868.0,"FENAME":null,"MILES":32.69302197,"Source":"Orthoimagery and lidar","Edit_date":"2020/01/28 16:27:46.000","GlobalID":"c504aca2-e39a-49cb-90bc-f9d598684c12","CartoDispl":100,"Shape__Len":47873.913840638423},"geometry":{"type":"LineString","coordinates":[[-122.558095482230641,45.338408404794357],[-122.558068324321212,45.337800475900714],[-122.558277275590086,45.327453961512106],[-122.55426058843733,45.327468623385862],[-122.539422349268023,45.327511873038553],[-122.526365744815664,45.327538931910453],[-122.522698383034879,45.329922057237582],[-122.516900504434133,45.333537292582257],[-122.505146151799636,45.332933518506323],[-122.49928503197026,45.332530716983186],[-122.48518736237061,45.332260246662209],[-122.476683912334352,45.33595858593101],[-122.470813877403558,45.338472741275446],[-122.457719920987245,45.34560462672723],[-122.446776441261349,45.351589953992899],[-122.440002316790142,45.355284783299872],[-122.435117631406001,45.357946435347742],[-122.430927891625146,45.358018478663084],[-122.421408617106479,45.358153269562223],[-122.409702478172875,45.360176953613347],[-122.407565548986796,45.360180617986806],[-122.404302495140314,45.360611525590045],[-122.40362138759518,45.361151017065417]]}},
{"type":"Feature","properties":{"OBJECTID":2187.0,"FENAME":null,"MILES":9.10851159,"Source":"Orthoimagery and lidar","Edit_date":"2010/12/30 16:00:00.000","GlobalID":"e7c8006e-4cd5-453a-b91e-240a94aab8ed","CartoDispl":1,"Shape__Len":48093.037335325222},"geometry":{"type":"LineString","coordinates":[[-123.061784409926418,45.127122943870823],[-123.063326414424694,45.119513436701688],[-123.067145383369748,45.109080552436239],[-123.067241771486579,45.108520975805661],[-123.066817383463913,45.100740480803211],[-123.066815947965097,45.096138029594798],[-123.066673916353253,45.088351239296713],[-123.066910765393359,45.088231643533206],[-123.066869765570956,45.086846083353308],[-123.067179548356393,45.083808995360236],[-123.067565552780835,45.081584944179056],[-123.070454349493303,45.078018955480822],[-123.071243362272341,45.076700728026942],[-123.071833906662803,45.075000973338071],[-123.071959131192813,45.07418345785451],[-123.072181836737172,45.072377517841211],[-123.072500295373899,45.070912495384938],[-123.073285936827205,45.069065457199024],[-123.075946876409958,45.064475209309705],[-123.077339448533039,45.060399106749912],[-123.078729516017788,45.05718065642813],[-123.080195435071062,45.055675742883331],[-123.081186780498285,45.054838903067605],[-123.082036443668997,45.053990919048836],[-123.082604045019806,45.053149220337211],[-123.084223944338646,45.051483582430066],[-123.081592833439529,45.043995147140741],[-123.081403817678407,45.043370433461824],[-123.081358966514387,45.04281397348268],[-123.081490190243272,45.04168183333573],[-123.08263170024199,45.038783304387195],[-123.083093372674284,45.037829607325442],[-123.084506692201018,45.033338361131854],[-123.086444677242667,45.030679279425421],[-123.086906858216182,45.029739843120041],[-123.087074868004834,45.028077989289024],[-123.087002045566692,45.026893218229006],[-123.086119938906236,45.023825435713249],[-123.085048472831559,45.020576053718841],[-123.082890861699212,45.018280019820509],[-123.081142664611576,45.01703257129325],[-123.080294934510718,45.016093781018284],[-123.079965728695143,45.015486480408448],[-123.079868777340991,45.012844251635983],[-123.079064440174378,45.011518547424636],[-123.078955447994815,45.010877746077163],[-123.078647431373255,45.006653579791333],[-123.078180743595112,45.000827228974593]]}},
{"type":"Feature","properties":{"OBJECTID":2301.0,"FENAME":null,"MILES":9.29562064,"Source":"Orthoimagery and lidar","Edit_date":"2012/04/03 08:18:03.000","GlobalID":"3b265e76-e4f3-4eac-8943-c763a25eb708","CartoDispl":1,"Shape__Len":49080.975452553474},"geometry":{"type":"LineString","coordinates":[[-122.856117274088405,45.158524148027631],[-122.855048640548446,45.160532793575946],[-122.854421818143564,45.161989219772643],[-122.852894870174154,45.163664284745387],[-122.852085897168109,45.164624227701012],[-122.850099446663691,45.166360834476102],[-122.849530864870744,45.166849225706514],[-122.848203036348863,45.167476809549122],[-122.845656101708869,45.168429562301839],[-122.842455815754775,45.170696230063882],[-122.836034874669849,45.175243988583041],[-122.834307232530179,45.176479840708758],[-122.831887472370965,45.178718434749499],[-122.830563962124458,45.180007009192813],[-122.826425231746896,45.183886668015845],[-122.826769836616904,45.184408444531194],[-122.841549310610176,45.184563694745208],[-122.846024430616254,45.184286051569579],[-122.847785375391112,45.184248927789284],[-122.856210920575165,45.185777072719091],[-122.866390766466978,45.187581758203748],[-122.86881709440911,45.188005061378142],[-122.877608879334716,45.18954973609334],[-122.882771533234092,45.19024249773689],[-122.889219112472077,45.191208290380281],[-122.890341171245296,45.191456361530925],[-122.896032568563712,45.193180791773429],[-122.893953255941042,45.195654058519288],[-122.89230163629037,45.198690010985359],[-122.891921905083549,45.200241512675149],[-122.890435561813234,45.20240215125628],[-122.890689902563594,45.202682670293001],[-122.907287703894426,45.206521710932947],[-122.908374561861905,45.206884692633928],[-122.910749419190367,45.209021308637809],[-122.911675342192666,45.20940194793171],[-122.914231246256961,45.210076867575616],[-122.929468672538491,45.208467550420018],[-122.937212712729789,45.208474112589492],[-122.9378101858576,45.20826127248008],[-122.938306579449105,45.208522232973422],[-122.944069166049559,45.20852772715304]]}},
{"type":"Feature","properties":{"OBJECTID":2262.0,"FENAME":null,"MILES":9.51927252,"Source":"Orthoimagery and lidar","Edit_date":"2010/12/30 16:00:00.000","GlobalID":"20cc6b8a-0644-474b-8d9c-39faf3f1006d","CartoDispl":1,"Shape__Len":49701.427033488057},"geometry":{"type":"LineString","coordinates":[[-123.088577936050726,44.931180276646664],[-123.088490974439296,44.932895493352696],[-123.08848402466964,44.934575809785855],[-123.091577651953841,44.93672278455297],[-123.091581183425305,44.969695125560676],[-123.091608156577635,44.987200225462345],[-123.092429176990734,44.988449244582711],[-123.092339513754226,45.010569067270907],[-123.082697622811494,45.018522535917349],[-123.07718659274488,45.018450000473514],[-123.072967912938324,45.017557663708395],[-123.065719894248261,45.0155840490795],[-123.053763395717922,45.015543570559473],[-123.034989414742185,45.015480194510765],[-123.031129009761401,45.01546506598099],[-123.02998599420836,45.01465850005637],[-123.024705427285554,45.014516953424334],[-123.02080265012296,45.013554831265544],[-123.020088799764594,45.013566158846452]]}},
{"type":"Feature","properties":{"OBJECTID":4252.0,"FENAME":null,"MILES":null,"Source":null,"Edit_date":"2020/03/19 10:44:40.000","GlobalID":"3ae63da0-2c6a-4f6e-97b1-4ce844d9c755","CartoDispl":1,"Shape__Len":51621.62322163878},"geometry":{"type":"LineString","coordinates":[[-122.083115110331605,45.481740705012328],[-122.084254945865879,45.48278606324272],[-122.085634349427693,45.482277244091577],[-122.086723548354854,45.482119758080159],[-122.089102582164202,45.482366555187077],[-122.090781929211062,45.481543407749427],[-122.091881527832896,45.478805392896419],[-122.092512305056061,45.478195806289733],[-122.093266354371551,45.47805950253894],[-122.096407322081475,45.478540016076742],[-122.099049815011995,45.477437582405472],[-122.102595710369329,45.477117532676097],[-122.103711901176183,45.476627229929399],[-122.105843476920015,45.475987242363871],[-122.108276937747334,45.47431556476301],[-122.111157924557133,45.470912244979985],[-122.113193012993605,45.469294421945982],[-122.114146880661238,45.467933856506122],[-122.115503400502178,45.46767274967825],[-122.119406311759604,45.463896393694029],[-122.121282048871905,45.462997939519504],[-122.121609962918313,45.462411778821341],[-122.1217037951603,45.461828870891004],[-122.122686079940266,45.461000966986298],[-122.123361337651573,45.460031926502211],[-122.123913894032327,45.458618691138497],[-122.124480865211041,45.457719002699228],[-122.124756380527586,45.456251458381239],[-122.127841541883726,45.454783512826957],[-122.1284324514708,45.454736491807971],[-122.129505392310335,45.455177101877766],[-122.1304072153672,45.454922165166977],[-122.132024277275846,45.453658790695791],[-122.132763872171907,45.453512732396106],[-122.13457800472861,45.454350046022235],[-122.136269742060037,45.454268168063479],[-122.138100278207475,45.453738417028077],[-122.140201696256469,45.454019080460824],[-122.142618111677223,45.453267761852722],[-122.144298522604373,45.453273167577585],[-122.147348179167651,45.452997497148893],[-122.148652942715742,45.452387760337402],[-122.149456281135997,45.449652523714839],[-122.15022551554317,45.447654469274397],[-122.152413436571649,45.446150073947081],[-122.15291830471368,45.443099141735424],[-122.155756314675116,45.44314612866291],[-122.159948953125451,45.442892660846432],[-122.163540287130544,45.44327770365048],[-122.16545596337366,45.442377939788187],[-122.166700697972004,45.44208873683678],[-122.179167090841858,45.436084029513616],[-122.184942481012925,45.432995679294919],[-122.184766804318457,45.43216455992367],[-122.186387790339538,45.431569199022768],[-122.187142325719876,45.431005742358614],[-122.188003931216187,45.430809091441304],[-122.18897064017483,45.430911417640637],[-122.193050451399415,45.430600214916154],[-122.194184860071871,45.430787306844479],[-122.196648137302802,45.432157083275371],[-122.199855100442193,45.431189471480153],[-122.20037018979265,45.431850829767889],[-122.201105553351127,45.432043673023585],[-122.204458337632872,45.431354924671609],[-122.206204412308907,45.430340624505227],[-122.208414593996523,45.428728175654861],[-122.209142230350608,45.427263444113464],[-122.210095156844602,45.426900495193934],[-122.211661852674737,45.426809649520195],[-122.212457094031848,45.426701034027033],[-122.216467155823693,45.426835944610865],[-122.218884756579229,45.427120224889954],[-122.222437387051727,45.426224433095783],[-122.223496646850109,45.42619908585592],[-122.228046395049759,45.428729691141783],[-122.230300195936564,45.429975854134419],[-122.232415580950871,45.428897508275035],[-122.233237753730734,45.429430083467182],[-122.235195276519804,45.42889223597129]]}},
{"type":"Feature","properties":{"OBJECTID":26.0,"FENAME":null,"MILES":9.92093162,"Source":"Orthoimagery and lidar","Edit_date":"2010/12/30 16:00:00.000","GlobalID":"9c8bff1c-8f70-491c-9300-e8d1ca430b18","CartoDispl":1,"Shape__Len":52382.623629352333},"geometry":{"type":"LineString","coordinates":[[-123.232736480421181,45.61082333818711],[-123.232286892998388,45.610664142327238],[-123.231430257040756,45.610186899006813],[-123.218421277919546,45.602915119689122],[-123.217467376771012,45.602171776347234],[-123.213864489421084,45.599368299206574],[-123.205995286698567,45.593245107590626],[-123.203872284989927,45.591593076769726],[-123.194071998655716,45.589164733007131],[-123.191965099070089,45.588227908019078],[-123.180534079181712,45.583145022979132],[-123.167535049784021,45.57748499376968],[-123.167388014525542,45.577420783020067],[-123.157069855695582,45.573278812004283],[-123.152096905865761,45.571281815168916],[-123.140470864406879,45.566738703517018],[-123.138078657039728,45.565803953044835],[-123.136819727755793,45.563537885946538],[-123.129595003035959,45.551026380180275],[-123.128206696990802,45.550053875299596],[-123.122009206763948,45.546088996845832],[-123.122020399569948,45.537280847608528],[-123.100147641818126,45.537106866433852],[-123.089408869056541,45.524744320289734],[-123.088418095138238,45.524713890502113]]}},
{"type":"Feature","properties":{"OBJECTID":2198.0,"FENAME":null,"MILES":10.0852872,"Source":"Orthoimagery and lidar","Edit_date":"2020/01/28 16:27:45.000","GlobalID":"3c1ef45c-95f7-4f9c-9a36-833ccd320ed7","CartoDispl":100,"Shape__Len":53250.422640821213},"geometry":{"type":"LineString","coordinates":[[-122.774113132267559,45.230781459612452],[-122.775105852909789,45.225302228315449],[-122.77594286036252,45.22062017530282],[-122.777379554275328,45.212964255597612],[-122.778709809833444,45.205371763084692],[-122.784077487447775,45.201091702526718],[-122.792891318335208,45.193950045963817],[-122.805049434953716,45.184178170893176],[-122.810914089782145,45.179395741906298],[-122.811492224051136,45.179200050709596],[-122.817535676684827,45.174029989787051],[-122.83057009995855,45.163593052253297],[-122.850099446663691,45.166360834476102],[-122.852222780180114,45.166824299424349],[-122.861536060501024,45.166957415595718],[-122.863809209217209,45.166834381542621],[-122.865785097137433,45.166870848473636],[-122.866570532912206,45.166977616439524],[-122.873995310840456,45.167086847399901],[-122.877020913965097,45.166794670024011],[-122.881579077039518,45.166839325812617],[-122.882669929604205,45.166985761811226],[-122.886081667063905,45.167115173826559],[-122.888566055209665,45.16790822080722],[-122.900674710461857,45.171618231813817],[-122.900746093249964,45.171770240462259],[-122.905582474403417,45.173281669549738],[-122.913504876655722,45.173332027592416],[-122.919690914463061,45.173372022919331]]}},
{"type":"Feature","properties":{"OBJECTID":1739.0,"FENAME":null,"MILES":10.14857624,"Source":"100k and 24k DRG","Edit_date":"2006/01/12 16:00:00.000","GlobalID":"16f434d0-77d7-427a-adf8-9cdee0639819","CartoDispl":1,"Shape__Len":53584.589752380452},"geometry":{"type":"LineString","coordinates":[[-122.899314135112959,45.493643818155235],[-122.899700426066673,45.491061599451974],[-122.900336593546555,45.486382630786935],[-122.90262691562161,45.475462484362886],[-122.902624950427096,45.467316196141027],[-122.90406413746561,45.464305752283444],[-122.904119054225902,45.461577872936118],[-122.904139561075638,45.459468875355398],[-122.904176202690124,45.456013099917413],[-122.902110328019248,45.450026315325118],[-122.89896717957717,45.441114089140214],[-122.898730263975338,45.434107863516282],[-122.898454309311703,45.427850299439491],[-122.896336460812094,45.424909480824397],[-122.884724974749389,45.409168640308131],[-122.881325357735676,45.404614002614927],[-122.881343241252608,45.402315185576342],[-122.881106848956236,45.390552474980929],[-122.878710181106328,45.389263435808232],[-122.874988603427852,45.387315431173043],[-122.868219757907113,45.383727162772139],[-122.864634076929093,45.381852288690219],[-122.855865054457695,45.377211493093697],[-122.847129989552002,45.372634093302715],[-122.842777909676684,45.372421314438199],[-122.834731375123781,45.368034004366599]]}},
{"type":"Feature","properties":{"OBJECTID":258.0,"FENAME":null,"MILES":10.29243517,"Source":"Orthoimagery and lidar","Edit_date":"2010/12/30 16:00:00.000","GlobalID":"0630de4c-6826-4688-add5-ff18d0477265","CartoDispl":1,"Shape__Len":54323.997376921136},"geometry":{"type":"LineString","coordinates":[[-123.089091898575617,44.931996426042303],[-123.089254829964304,44.932779057537317],[-123.089290281056577,44.934888810723322],[-123.091736630092683,44.936671570977303],[-123.091726111790749,44.949717881300877],[-123.091642307760026,44.97609258227321],[-123.091729739995273,44.98721655998915],[-123.092533957040402,44.98838971879205],[-123.092476684960047,45.01063270021838],[-123.090039618691904,45.012621748222138],[-123.082769379823787,45.018625756761011],[-123.07712228998534,45.018532492163338],[-123.07261893830912,45.017565422943051],[-123.065696407297054,45.015660804774178],[-123.06302170514283,45.015634320265484],[-123.053776571627282,45.015607095352081],[-123.031089801460638,45.015551596298003],[-123.029885407491804,45.014715527674049],[-123.024601991313361,45.014612027899808],[-123.020804877506109,45.013643050459685],[-123.001039156638399,45.013723537251231]]}},
{"type":"Feature","properties":{"OBJECTID":266.0,"FENAME":null,"MILES":10.30494282,"Source":"Orthoimagery and lidar","Edit_date":"2020/01/28 16:27:44.000","GlobalID":"372edd49-60c2-41db-9fba-d854f486f291","CartoDispl":100,"Shape__Len":54410.206991657455},"geometry":{"type":"LineString","coordinates":[[-122.779374108215919,45.333423940076173],[-122.762936812383131,45.333562133077287],[-122.743860437857265,45.330917040455859],[-122.72417576000241,45.330929579092121],[-122.696785790359101,45.330947485530601],[-122.683562792647194,45.325441489619223],[-122.671652944095825,45.318630666623434],[-122.655847341557831,45.31750875226512],[-122.649340649577312,45.317492132870541],[-122.605283355257768,45.317447422276778],[-122.582964262505115,45.333086256051722]]}},
{"type":"Feature","properties":{"OBJECTID":1734.0,"FENAME":null,"MILES":1.23692717,"Source":"100k and 24k DRG","Edit_date":"2019/10/11 08:20:52.000","GlobalID":"773e3b00-bad8-4257-a65c-6dc144689283","CartoDispl":1,"Shape__Len":55356.896156936724},"geometry":{"type":"LineString","coordinates":[[-123.088428219595613,45.524637449252729],[-123.086918446414742,45.524518477832196],[-123.085174139507913,45.525819441597143],[-123.08353429392254,45.527184754315833],[-123.059790901283819,45.544055784218017],[-123.048294464947375,45.548365575824548],[-123.024829139984874,45.557149022908227],[-123.000044379797956,45.557091380209854],[-122.992991754268829,45.55706585400646],[-122.99071117108214,45.55732408246292],[-122.975182903669932,45.557292109471497],[-122.950495908707865,45.557260843928219],[-122.925062117377379,45.557164740819083],[-122.914493182015477,45.557128840256631],[-122.914387139425571,45.55712839073859],[-122.897718433919508,45.557069091252274],[-122.897763578441371,45.554494669335512],[-122.897955092157005,45.550787501795327]]}},
{"type":"Feature","properties":{"OBJECTID":1733.0,"FENAME":null,"MILES":1.28266057,"Source":"100k and 24k DRG","Edit_date":"2019/10/11 08:20:40.000","GlobalID":"1b4fc957-9a85-4e1a-ae19-2989fc016d64","CartoDispl":1,"Shape__Len":55459.997269200183},"geometry":{"type":"LineString","coordinates":[[-123.088418095138238,45.524713890502113],[-123.087011668368234,45.524645555873704],[-123.085300481356569,45.525916677942483],[-123.083680946736877,45.527281542708543],[-123.080395148705477,45.529426320700466],[-123.071254710503368,45.536010988167668],[-123.059883166316069,45.54414902986251],[-123.048407668962085,45.5484726638729],[-123.024876245133257,45.557295667119512],[-123.000545696927134,45.557237839120653],[-122.993045141172601,45.557202849511803],[-122.990738483628689,45.557485450368731],[-122.96318656158445,45.557402765194404],[-122.955572063096923,45.557396353006553],[-122.931668386621226,45.557315235968169],[-122.914883727632173,45.557295646757382],[-122.914798018420711,45.557295250034777],[-122.897497381736187,45.557213837023106],[-122.89764241184514,45.550796224522152]]}},
{"type":"Feature","properties":{"OBJECTID":15.0,"FENAME":null,"MILES":10.53682091,"Source":"Orthoimagery and lidar","Edit_date":"2010/12/30 16:00:00.000","GlobalID":"3d3e1d16-3657-42e8-ac46-d8cb7e4f40fd","CartoDispl":1,"Shape__Len":55634.525919304593},"geometry":{"type":"LineString","coordinates":[[-123.294180761311267,45.751629346773257],[-123.29419639050748,45.750694423017684],[-123.294069110665006,45.749722978258887],[-123.293836798774166,45.747827438678286],[-123.293706874860817,45.745544995994905],[-123.293349543175921,45.743803562285756],[-123.289599559211368,45.724518702693686],[-123.289189323282528,45.722539866614056],[-123.288785629642135,45.720383221874201],[-123.293742182707632,45.712859538274223],[-123.295025185650459,45.710911903522309],[-123.292382287915203,45.7055897371784],[-123.29027040740101,45.701296898007122],[-123.289146053649489,45.699024819928148],[-123.288812417136256,45.697919130002106],[-123.287709443752505,45.696163572389338],[-123.285957775040956,45.692575331455494],[-123.28428159155915,45.689213296304658],[-123.282617197647951,45.68585625832754],[-123.281933753595709,45.684475143042611],[-123.280879478777763,45.682386920161392],[-123.280389833524453,45.681335284876603],[-123.27934700687797,45.679246774678468],[-123.278818739241871,45.678177488776214],[-123.278038475955853,45.676589175797027],[-123.275378302733571,45.671235178353761],[-123.274468093485439,45.669379462775346],[-123.273481062166269,45.667419497570698],[-123.271137247721654,45.662649193418446],[-123.268530767216944,45.658227101839749],[-123.267009890924783,45.655693711094081],[-123.26553489135469,45.653246718558435],[-123.264971937800922,45.65231076192223],[-123.262598782462902,45.645247361522166],[-123.25895174583215,45.634385062528203],[-123.258213896006453,45.633736914718838],[-123.255540713259407,45.631347197639769],[-123.250945650142313,45.627249936818643],[-123.248989942036246,45.625548521272336],[-123.244281296771987,45.621347615339921],[-123.242232615696196,45.619510390110733],[-123.234976643904261,45.613046031224961],[-123.233004154937916,45.611289066447561],[-123.232736480421181,45.61082333818711]]}},
{"type":"Feature","properties":{"OBJECTID":2425.0,"FENAME":null,"MILES":10.59354733,"Source":"Orthoimagery and lidar","Edit_date":"2020/01/28 16:27:45.000","GlobalID":"930dc081-b606-4bb0-a1e1-19b22b643dbe","CartoDispl":100,"Shape__Len":55934.041718907836},"geometry":{"type":"LineString","coordinates":[[-122.808088578946837,45.177821226955324],[-122.804701767801092,45.177983390612397],[-122.800047447895608,45.178213579943218],[-122.795236884763582,45.178430987092788],[-122.794519748811126,45.178482107048019],[-122.794151645432351,45.17854718678889],[-122.791262227006257,45.179155807326858],[-122.789416565781323,45.179538922522859],[-122.787783986711318,45.180059322063933],[-122.786555564653241,45.180304168707949],[-122.78552807424073,45.180382421712373],[-122.782316367136104,45.180352269927937],[-122.774010127217096,45.180302987897029],[-122.764256720211478,45.180218881154012],[-122.758032556775944,45.180132377432457],[-122.757172529956165,45.180133649689601],[-122.755635251912921,45.180258414239077],[-122.754901791566482,45.180272900517721],[-122.753714229696968,45.179604719652367],[-122.752259639306303,45.178673509790322],[-122.750019270237502,45.177200400431055],[-122.749247698849359,45.17693453598541],[-122.748618496916535,45.17669206337245],[-122.748117931405631,45.176551859337323],[-122.746876211123279,45.176404801651117],[-122.746256011574147,45.17639080326645],[-122.743697539316443,45.176414902222],[-122.742548932743489,45.176408882792543],[-122.741508943644476,45.176338790036411],[-122.741322576499314,45.175794610458041],[-122.741042452450671,45.175435677288654],[-122.740724943231825,45.175067949705792],[-122.740025523328441,45.17457909099673],[-122.737932210576417,45.17392462200219],[-122.737122131571525,45.173704687806563],[-122.736255217672067,45.173581137180676],[-122.735422795543528,45.173478342600347],[-122.73290741809879,45.173136928283789],[-122.731710739532517,45.172674417449002],[-122.729262075328819,45.172660321742548],[-122.728184763578199,45.172667058162673],[-122.726015755256341,45.172656963205576],[-122.724786375979804,45.172649959370908],[-122.720741473754927,45.172633425042221],[-122.71678097263063,45.172622255819952],[-122.713396050759556,45.172604556640877],[-122.708863432497679,45.172601819131422],[-122.705269523292486,45.172578394020135],[-122.703128266682896,45.1725887656456],[-122.702188576956971,45.172671203917886],[-122.700953113481361,45.172680733341089],[-122.696045887487102,45.172656125721637],[-122.692032099356709,45.172659413908363],[-122.689876740039111,45.172653134494595],[-122.683013329820227,45.172634502585311],[-122.6789142394842,45.17260799593118],[-122.675408917614462,45.172610523513512],[-122.669808808824556,45.172605132647959],[-122.664898599585456,45.172588771057683],[-122.661171193903741,45.172595071430763],[-122.657361771151969,45.172569454788551],[-122.651505035607258,45.172544197341608],[-122.647046633348083,45.172542372937656],[-122.642728131636133,45.172499639751848],[-122.6386971704122,45.172491848568292],[-122.634342553885048,45.172473293143383],[-122.629840325591104,45.172469233915201],[-122.625943702672643,45.172451341575872],[-122.621131899301247,45.17245270244711],[-122.616557319164031,45.172494718322092],[-122.611921283509048,45.17251386933318],[-122.607588004723269,45.172524862543767],[-122.603240914334791,45.172526418493504],[-122.599904195196146,45.172533050208123],[-122.596577658449107,45.172541779362163],[-122.595992498704774,45.172562049804803],[-122.59556623209572,45.172691344372133]]}},
{"type":"Feature","properties":{"OBJECTID":1369.0,"FENAME":null,"MILES":10.64998394,"Source":"Orthoimagery and lidar","Edit_date":"2020/03/11 08:20:10.000","GlobalID":"e090751d-4201-4a3b-862f-f32df8fd6cb1","CartoDispl":100,"Shape__Len":56267.131245070072},"geometry":{"type":"LineString","coordinates":[[-123.089372463339473,44.811343469094638],[-123.089744867553705,44.802638813332813],[-123.094372072870485,44.748998598657394],[-123.094823876557115,44.748107799910663],[-123.095244362218153,44.742485688433554],[-123.095167548754688,44.741044664660691],[-123.095319221217238,44.738133934919553],[-123.083723413924631,44.693731453529445],[-123.083116220240825,44.691362656163662],[-123.082140042113565,44.68740561578376],[-123.071339190309644,44.664297990336735],[-123.06874572806754,44.660734378719191],[-123.068138058046898,44.659818732357394]]}},
{"type":"Feature","properties":{"OBJECTID":3558.0,"FENAME":null,"MILES":11.8793652,"Source":"Orthoimagery and lidar","Edit_date":"2020/01/28 16:27:46.000","GlobalID":"35d8f110-7895-42d4-8578-ad67f8662088","CartoDispl":100,"Shape__Len":57272.711872340384},"geometry":{"type":"LineString","coordinates":[[-122.318815829407185,45.269229035273824],[-122.319863113358579,45.269502057644885],[-122.324407534723861,45.269401273866499],[-122.325551407200862,45.269327498308705],[-122.330265997742146,45.269351865642676],[-122.332754524820757,45.269378326488585],[-122.336993006415426,45.269418136096697],[-122.34030739717987,45.26946011063783],[-122.343405928047559,45.269476683644079],[-122.359977929353448,45.269638271231983],[-122.365685883109492,45.271752865823196],[-122.369413019227409,45.277208145978193],[-122.371575875085696,45.28033493875111],[-122.382655008207209,45.28919193158886],[-122.387936123729204,45.297917694776729],[-122.395908055887404,45.300789268366728],[-122.398673429480951,45.301988266350612],[-122.411943410557512,45.306202234705935],[-122.422440405266883,45.309505040863257],[-122.429264269515201,45.311643014873781],[-122.434856719753654,45.311729694018801],[-122.444059058946166,45.311864853581319],[-122.453663782050867,45.312597773075197],[-122.465458155644583,45.313465956720314],[-122.468074624860762,45.315306633928955],[-122.481301399786204,45.322097771997541],[-122.492147867551608,45.327650240594004],[-122.493567715106238,45.328376118585361],[-122.495705682296617,45.329478174486091],[-122.500261055769172,45.329662888234729],[-122.506961612715628,45.32940143901611],[-122.507007534617259,45.329402804334336]]}},
{"type":"Feature","properties":{"OBJECTID":1838.0,"FENAME":null,"MILES":11.01237144,"Source":"Orthoimagery and lidar","Edit_date":"2020/01/28 16:27:45.000","GlobalID":"13445b52-917f-4769-8442-ac310bdf9248","CartoDispl":100,"Shape__Len":58145.437598100689},"geometry":{"type":"LineString","coordinates":[[-122.126188997104506,45.168374139138244],[-122.126010158681723,45.168354834541752],[-122.125781956738194,45.16830072186935],[-122.125655544644928,45.168248060711129],[-122.125542284607675,45.168169312370338],[-122.124357147606148,45.166622966988676],[-122.122435267017565,45.164996901876307],[-122.121112458479274,45.161655816797236],[-122.117168594606028,45.160806494576271],[-122.114659127039872,45.159355778880418],[-122.112541495476492,45.157259922078936],[-122.111826612891008,45.15659725526303],[-122.109984195377095,45.153999148774446],[-122.109461421333236,45.153256916694183],[-122.106881532904879,45.151463424270062],[-122.104210344938508,45.149012032097723],[-122.097840416505619,45.148007906803016],[-122.090560356608947,45.144259148697067],[-122.083655398952203,45.139387992246292],[-122.082160303316243,45.136657468706296],[-122.079835975013665,45.132515976132431],[-122.078266387365616,45.129694920326791],[-122.077118713977399,45.126741944586023],[-122.073977983779443,45.125951356195429],[-122.069096452400089,45.122433991311581],[-122.06561202619838,45.119948613847555],[-122.064457827899787,45.11978330287846],[-122.06193616149352,45.119240710070549],[-122.058650854784119,45.117611678625813],[-122.057013994455474,45.113733203189724],[-122.05552279848628,45.11230608945538],[-122.054947401705064,45.110493586933671],[-122.054439267355377,45.109403745964727],[-122.053773972479704,45.108406454825207],[-122.05260791610111,45.107189753213632],[-122.050490972820484,45.105635285938462],[-122.049576440495443,45.103069805969334],[-122.049144345460945,45.101831948743353],[-122.048342839969195,45.098111757003622],[-122.047668590040374,45.09717651703923],[-122.045021429871809,45.095184925575516],[-122.044537115536613,45.094739150284198],[-122.04250663825033,45.093771285814931],[-122.040266384030957,45.091630373613121],[-122.039520295241218,45.089976077518052],[-122.038611751125359,45.089418331738635],[-122.032422318682578,45.088568753711314],[-122.03149586044853,45.087812210238774],[-122.029957255537312,45.087275386135616],[-122.025742204038437,45.087794048618576],[-122.024238064870644,45.088472291086354],[-122.023253676989953,45.088716777318282],[-122.016654962030557,45.089099995630846],[-122.016036053326445,45.089260043436418],[-122.009316009667472,45.089695079319796],[-121.999843595339158,45.086786335445026],[-121.995718587348492,45.087237623709662],[-121.993711172938987,45.086626785483837],[-121.99108600016892,45.085025348338505],[-121.986301320182875,45.083241744816782],[-121.98407074662255,45.081881098521166],[-121.980513369700716,45.081752960658108],[-121.979429578561621,45.081303725947315],[-121.977576320132343,45.081117544882765],[-121.974596966242615,45.080019514852928],[-121.973227677163123,45.077569586802255],[-121.971559513722326,45.076621215513228],[-121.971244141129233,45.076668634933235]]}},
{"type":"Feature","properties":{"OBJECTID":1738.0,"FENAME":null,"MILES":12.2415181,"Source":"Orthoimagery and lidar","Edit_date":"2016/08/16 17:28:42.000","GlobalID":"0b943c6a-62ef-49cf-9fc7-eaebbf8ebb65","CartoDispl":1,"Shape__Len":64635.345033399317},"geometry":{"type":"LineString","coordinates":[[-123.041919343729049,45.770852031938382],[-123.039496130441393,45.768962397236926],[-123.036920579913598,45.766889205181158],[-123.035948721507779,45.765621706821499],[-123.030815426749427,45.759686528123808],[-123.027339117243031,45.755603642728666],[-123.025967602149521,45.754430607315726],[-123.022807602511492,45.751456724415668],[-123.020528814514165,45.74969704296236],[-123.019369744793835,45.748671154428109],[-123.015414652891835,45.745273979925884],[-123.014021104655825,45.74402304281309],[-123.009691011340792,45.740274684680898],[-123.006606007831763,45.73753865636295],[-123.002942496947554,45.734411044268768],[-123.000887526294989,45.732585810815252],[-122.997359229375164,45.729762161200064],[-122.972567858309503,45.712697843943396],[-122.968516173253178,45.708605936348349],[-122.955887369877857,45.69583406997782],[-122.948439798737454,45.688297247361433],[-122.945174536553054,45.685037416262105],[-122.930247318953505,45.675830374039492],[-122.928862123291424,45.674965449825024],[-122.924245327150615,45.668571853942161],[-122.923455336213337,45.667423720494646],[-122.922845201372937,45.666226203825438],[-122.917129040186424,45.654188016347874],[-122.914628719751406,45.645990878030524],[-122.912637382969962,45.6384151173879],[-122.910272957564018,45.629206312841667],[-122.909631913841807,45.626865585200079],[-122.909843592270505,45.624830562454463]]}},
{"type":"Feature","properties":{"OBJECTID":46.0,"FENAME":null,"MILES":12.30673023,"Source":"Orthoimagery and lidar","Edit_date":"2020/01/22 08:53:05.000","GlobalID":"9de61dac-1534-473d-a251-2ee0c86bba65","CartoDispl":1,"Shape__Len":65564.773363155648},"geometry":{"type":"LineString","coordinates":[[-123.154168880597396,45.281001879655967],[-123.150141771521604,45.280538639814843],[-123.145759360178857,45.280612610579688],[-123.129699519048543,45.280888557923269],[-123.112962213781572,45.288443810988639],[-123.112274909335,45.290036522766869],[-123.103795130967526,45.292862574962982],[-123.089605917155453,45.293466178565886],[-123.06947265789664,45.310546726581336],[-123.05754287340072,45.311114563611859],[-123.031276714799404,45.312400581206695],[-123.010513698688172,45.327680019152538],[-122.999945814368473,45.335384568585269],[-122.988327363969987,45.335245201185835],[-122.984650939615335,45.335196727652047],[-122.980771666783468,45.335177870312329],[-122.976998919598358,45.335122741178658],[-122.972938258697212,45.335073607366816],[-122.960372062800062,45.334925015685229],[-122.957896896445661,45.335910791098769],[-122.956971962384955,45.336292600593154],[-122.954922868594096,45.337068732913039],[-122.95338786900659,45.337666690371705],[-122.948232309556943,45.339745784503783],[-122.945692836487225,45.340747692868867],[-122.94259971864571,45.342006760740219],[-122.939621100251372,45.343136310652852],[-122.938251020330611,45.343681620139115],[-122.934259548512216,45.345289559291707]]}},
{"type":"Feature","properties":{"OBJECTID":2377.0,"FENAME":null,"MILES":5.8216533,"Source":"Orthoimagery and lidar","Edit_date":"2020/01/28 16:27:45.000","GlobalID":"5f5f318b-cad0-487b-b015-399896635b04","CartoDispl":100,"Shape__Len":66316.282237021005},"geometry":{"type":"LineString","coordinates":[[-122.674441730678979,44.773773602640816],[-122.674595819294879,44.773721559395703],[-122.67745384219316,44.776377339620836],[-122.677460365318908,44.781939657810092],[-122.677473588911369,44.785661592090605],[-122.683854551398568,44.787011855223454],[-122.694357946330101,44.789230276922339],[-122.704912057233429,44.791440829484557],[-122.714717032581319,44.793504028206804],[-122.714424243920135,44.79416476446341],[-122.724956513912403,44.796415619467979],[-122.733683370600431,44.798241947977559],[-122.737232547526347,44.798965206945844],[-122.745925131385732,44.80074959904514],[-122.747134387073245,44.801089322604248],[-122.755452638046293,44.80334484893158],[-122.757838174039108,44.804030693475859],[-122.770264825597238,44.808652400118852],[-122.771232182910964,44.809002597568593],[-122.773637382234512,44.809887253746147],[-122.784146612088946,44.809900050049663],[-122.794391929173429,44.809866253231128],[-122.815242375849621,44.809856555833512],[-122.846453737085568,44.809717506246848],[-122.863631174765928,44.809621082008782],[-122.873607043220588,44.809635927134494],[-122.87390434779644,44.804012443518104],[-122.874076496183051,44.801603208638447],[-122.874723880604236,44.799944401267844],[-122.894424563410325,44.800039830315896],[-122.895299410473811,44.799677507760613]]}},
{"type":"Feature","properties":{"OBJECTID":4253.0,"FENAME":null,"MILES":null,"Source":null,"Edit_date":"2020/03/19 10:53:16.000","GlobalID":"fef38370-32fd-46f0-ad51-5ccd98325b8e","CartoDispl":1,"Shape__Len":66515.367998506656},"geometry":{"type":"LineString","coordinates":[[-122.239502056029124,45.429136823630778],[-122.238769179349077,45.427755996189362],[-122.238065251469422,45.426322106009827],[-122.235326040590138,45.424957295983909],[-122.234639098584523,45.42408537596986],[-122.233920780391003,45.423543510640151],[-122.233792492204941,45.422479091802828],[-122.233314314323252,45.421681609349008],[-122.230210673794446,45.418247607329555],[-122.229693625240017,45.417528237944019],[-122.229564136256201,45.416880667599088],[-122.229507763951545,45.41545650102919],[-122.229466178397374,45.41452650258428],[-122.228927591126705,45.413545712714104],[-122.228332982804247,45.412992283214351],[-122.227609790169538,45.412741268064629],[-122.228235375283262,45.411568724828811],[-122.228829375397765,45.411181852685118],[-122.232647402683611,45.409535354795764],[-122.232008627696743,45.408885660568302],[-122.231257326836584,45.407694773142758],[-122.229267196870367,45.407414110735395],[-122.227030641306911,45.407175842034142],[-122.22583041331815,45.40707729256814],[-122.220632814528315,45.407687305027892],[-122.219927512996932,45.407571693767196],[-122.217821303354597,45.406769419380126],[-122.215890641223936,45.406102998117845],[-122.21466570198173,45.405283223282296],[-122.212878421323509,45.40412625565321],[-122.211159198749939,45.40389763847142],[-122.20986621781762,45.403953839965709],[-122.20758233402708,45.403559241344226],[-122.20597504010577,45.405797643048217],[-122.203325174438646,45.407331583861826],[-122.201031751493403,45.410153107355768],[-122.193927148244981,45.409135721846503],[-122.191751554065235,45.40974289109252],[-122.188923726458512,45.410844162031829],[-122.178190637228838,45.410756840000708],[-122.175863453880609,45.40985123542626],[-122.170572675968302,45.409821158323865],[-122.168662783548768,45.409212362266146],[-122.16682843050954,45.408238935947374],[-122.165156329074804,45.407610929350767],[-122.161479093247351,45.407033310077857],[-122.155368914117147,45.407033006500839],[-122.151430089679238,45.405964404422029],[-122.146374335542745,45.406743573367173],[-122.142092642445746,45.407162643578843],[-122.132798214176646,45.406973324968753],[-122.131939591951266,45.406781782305465],[-122.130026872341276,45.405810095305164],[-122.129547532113492,45.404915283783524],[-122.128727868918062,45.404151244055463],[-122.124722873837229,45.402171463297158],[-122.123839709733929,45.401592456130111],[-122.123286675995928,45.401008843540396],[-122.122128182036079,45.400423963684162],[-122.118329438795683,45.398421707587758],[-122.114143368028067,45.392392104858878],[-122.109493059252102,45.389916671723647],[-122.102593166698654,45.386173056773437],[-122.091678141651585,45.385450243871233],[-122.084455869481488,45.385442054683708],[-122.069930404616471,45.385483585237218],[-122.062393424515619,45.385536430144313],[-122.061493543211455,45.386343373119558],[-122.060415545685601,45.386668011934411],[-122.058101897434327,45.386572957681231],[-122.055950862198102,45.387920035690428],[-122.054897181387105,45.388127974134115],[-122.05392856303709,45.387917943006912],[-122.051722192783146,45.388274603757829],[-122.050477063686202,45.388136081725712],[-122.048111702540183,45.387261762150246],[-122.047362961362083,45.386589277695791],[-122.047061423643413,45.385848811702999],[-122.045513220227818,45.384250137192765],[-122.044697411806865,45.384360219303638],[-122.044861416597271,45.382589927536891],[-122.044926483744987,45.380447083188464],[-122.044636408863994,45.380427740792285],[-122.044608043317595,45.380024860701496],[-122.044833861206826,45.379910197134308],[-122.044858626380901,45.379519020135433],[-122.0449490844628,45.378852301779489]]}},
{"type":"Feature","properties":{"OBJECTID":1398.0,"FENAME":null,"MILES":12.79375275,"Source":"Orthoimagery and lidar","Edit_date":"2019/10/11 08:25:13.000","GlobalID":"a600c835-9e49-43e6-b9ad-78bacf629d81","CartoDispl":1,"Shape__Len":67551.149588461863},"geometry":{"type":"LineString","coordinates":[[-123.829596990901521,45.019818418298655],[-123.82178162104799,45.021126109597603],[-123.812682039779716,45.022647939139681],[-123.806221140714158,45.029342905707239],[-123.803216792035286,45.032053553242051],[-123.795039690316628,45.039531497590055],[-123.769514483952634,45.046308455811882],[-123.762667979353495,45.050025094057929],[-123.744414199021364,45.05015186222478],[-123.741400579388852,45.053095374390068],[-123.733892563399451,45.0604455438245],[-123.729617327229747,45.063483076955102],[-123.726477138002622,45.067434330237532],[-123.720030394386399,45.075020797884584],[-123.706360876197294,45.075021391289759],[-123.701462112069478,45.072202961992993],[-123.685596339541974,45.062831912353623],[-123.669833490565438,45.063340321331495],[-123.647240516251884,45.064032423918228],[-123.623662856164103,45.064803478207452],[-123.609227850865537,45.062673690033421]]}},
{"type":"Feature","properties":{"OBJECTID":4217.0,"FENAME":null,"MILES":null,"Source":null,"Edit_date":"2020/03/17 16:24:08.000","GlobalID":"3900b26a-4c98-4496-b7f2-246295ebe471","CartoDispl":1,"Shape__Len":67883.804006671271},"geometry":{"type":"LineString","coordinates":[[-123.10480018347215,45.20416604109942],[-123.103999764669965,45.204878748993373],[-123.101700521013456,45.206142046031118],[-123.085817153879887,45.214908943411089],[-123.085471833081371,45.215308375036869],[-123.088787827029677,45.218288002650283],[-123.091566706516446,45.218806982067122],[-123.082858438906428,45.223316751574899],[-123.068918037661561,45.230777986123449],[-123.065800284887743,45.232467882866025],[-123.065292981290625,45.233100462735912],[-123.065005902873423,45.233525554841641],[-123.064845949926479,45.234231509025967],[-123.063518491244281,45.237070501392758],[-123.061902078977283,45.238132778536652],[-123.057655511327823,45.240252569400923],[-123.041785939194909,45.247665555954917],[-123.036017993719668,45.250884911807972],[-123.035163948617878,45.251470880450427],[-123.034391029147201,45.252163136676927],[-123.031172924668752,45.256420715276455],[-123.026453021858302,45.260899956496985],[-123.024325783490752,45.262999362397998],[-123.021206645582666,45.266484525318873],[-123.016359800713559,45.271600912091195],[-123.009249697145208,45.279697083665759],[-123.005308800100821,45.284131503948231],[-123.002588483096673,45.286270247646257],[-122.989055677902826,45.29596189522205],[-122.986811069031262,45.297617292663475],[-122.985800998955682,45.298776204815297],[-122.979692474812651,45.298735114822477],[-122.97719212626123,45.298709222043826],[-122.976599181554121,45.298592182519144],[-122.974737958762873,45.298605872588475],[-122.974718280924051,45.298718672413969],[-122.967662764318817,45.298713006975454],[-122.967607365535329,45.290225152472097],[-122.966750118192252,45.290226053290468],[-122.96638745444946,45.290337483451729],[-122.966438505011013,45.29067354119865],[-122.960893398756781,45.290739171681409],[-122.960739356503979,45.29028426665198],[-122.96081812672395,45.285796030897103],[-122.9608815196584,45.284982091789331],[-122.959469751454435,45.284899586485956],[-122.958366562295637,45.284585779172701],[-122.955304274014821,45.285143238480494],[-122.953213210299339,45.285213315602185],[-122.94911159350589,45.285809825675685],[-122.948158786319411,45.286010889941394],[-122.944984742807151,45.286064178298155],[-122.948565544895516,45.292013020541916],[-122.947092221024931,45.292017024534239]]}},
{"type":"Feature","properties":{"OBJECTID":54.0,"FENAME":null,"MILES":13.40803386,"Source":"Orthoimagery and lidar","Edit_date":"2020/01/28 16:27:43.000","GlobalID":"ce22d4f7-e380-4f61-ab57-fdd017810d5e","CartoDispl":100,"Shape__Len":70794.560296412266},"geometry":{"type":"LineString","coordinates":[[-122.776944971077995,45.327854459580045],[-122.77468420499666,45.327654938694565],[-122.751206303717538,45.327780090322634],[-122.734093537408626,45.318779610498439],[-122.719857087448602,45.318710898619315],[-122.71992875077629,45.306883320591517],[-122.722693229145492,45.300434782068812],[-122.723597403705966,45.294119229696435],[-122.725973848229913,45.277957502718202],[-122.731480200282959,45.269974118453177],[-122.731347770270716,45.243583795211606],[-122.732816458684852,45.233698386333415],[-122.733201803482288,45.230989931674088],[-122.73321967242893,45.228203572971523],[-122.733206158991607,45.218823729804662],[-122.733196473123655,45.216224603814759],[-122.728744902569588,45.198252456631366],[-122.728210344128016,45.196095788129149],[-122.728152246946777,45.191143912919003],[-122.727831919097227,45.175558877933682],[-122.727716847623682,45.172922417668502],[-122.727543499336861,45.169491047393485]]}},
{"type":"Feature","properties":{"OBJECTID":48.0,"FENAME":null,"MILES":13.821288,"Source":"Orthoimagery and lidar","Edit_date":"2020/01/28 15:55:12.000","GlobalID":"939b21af-48f6-470e-ba06-ca1c50c01791","CartoDispl":12,"Shape__Len":72867.590917657522},"geometry":{"type":"LineString","coordinates":[[-122.320652176568373,45.268006257629352],[-122.31963327484425,45.269201612077218],[-122.3189137011789,45.269030973354823],[-122.31871257945339,45.269437978814445],[-122.319203771451399,45.269532078310441],[-122.319793079307502,45.269641056667432],[-122.322999929751163,45.269590810366466],[-122.332744155051742,45.269502747522168],[-122.334806600455849,45.269571689624946],[-122.3381839917908,45.269584000579201],[-122.340294135760942,45.269591657781888],[-122.345655303381449,45.269658519740759],[-122.350022015059523,45.269708130806507],[-122.354876674533983,45.269725392391194],[-122.359902048224228,45.269785380476861],[-122.365498554134106,45.271858479903763],[-122.371386873271703,45.280389284988289],[-122.382439580725972,45.289272374492199],[-122.387785495465707,45.298035573252086],[-122.395415316972759,45.300726756141884],[-122.398550269039035,45.302112122460002],[-122.407598967652319,45.304996164315746],[-122.429256304525722,45.311746513274485],[-122.444134317464957,45.311952568680425],[-122.465402536012874,45.313591992894466],[-122.467979144387556,45.315463877755768],[-122.492109913998249,45.327722547134584],[-122.493400039465314,45.328473236333132],[-122.495613903643346,45.329596395099045],[-122.50023749799908,45.329801500768518],[-122.507630107399521,45.329527800916665],[-122.516958295680951,45.332649750554658],[-122.526003144059771,45.32686833264389],[-122.559497944276103,45.326780244400034],[-122.559503026150452,45.327203121662947]]}},
{"type":"Feature","properties":{"OBJECTID":1835.0,"FENAME":null,"MILES":14.56106569,"Source":"Orthoimagery and lidar","Edit_date":"2020/01/28 16:27:45.000","GlobalID":"e1e12ce9-ab54-4802-88ae-e2bc9fe7ad98","CartoDispl":100,"Shape__Len":76882.581010016598},"geometry":{"type":"LineString","coordinates":[[-122.126188997104506,45.168374139138244],[-122.130799380821614,45.168894976458382],[-122.133493230774519,45.16831236648639],[-122.134514096905576,45.168122355739101],[-122.135998588155175,45.167566513530396],[-122.13767514401799,45.16693109043193],[-122.140874890377361,45.165695004793172],[-122.141351188068725,45.165329531977221],[-122.1434932773887,45.16333827362179],[-122.144628218202143,45.162320608195969],[-122.148342756981961,45.160665097405513],[-122.149867501945181,45.159947345916208],[-122.151154163611594,45.161550219826971],[-122.152365778594643,45.163071509511965],[-122.153380419146586,45.164150238294042],[-122.154396035749784,45.165165970077211],[-122.155024062639143,45.165719720182679],[-122.157246001752497,45.167770539988112],[-122.158338871180135,45.168732780811141],[-122.160522519560203,45.170810245146392],[-122.16271954617676,45.172851777879671],[-122.1635341295204,45.173712911210906],[-122.165994141131691,45.176062343082158],[-122.168140535710378,45.178112411185317],[-122.17091228099008,45.180932099771404],[-122.17216620766149,45.183110602172341],[-122.169663124257653,45.185435975062781],[-122.169392237393851,45.187433481375294],[-122.172134385805535,45.189694815716933],[-122.17271273157867,45.190194100831015],[-122.174635203504963,45.191931811822954],[-122.178145478447604,45.194810688450282],[-122.179944969290972,45.196272891839563],[-122.182756245796583,45.196437113285306],[-122.184318153246736,45.195831717491245],[-122.18620021741124,45.195089309561865],[-122.189633650912384,45.195365812041338],[-122.19143465301913,45.194946511039788],[-122.192290341316749,45.194754538960694],[-122.193776139050726,45.194116949840215],[-122.195535798038335,45.193013178263712],[-122.198280334879684,45.191574241540387],[-122.201398900858891,45.188864980324048],[-122.203035666534873,45.188335539315801],[-122.204206391383693,45.18836165570125],[-122.20605250740698,45.188338518351777],[-122.207851397206966,45.189882117202849],[-122.209292596373729,45.190603634070236],[-122.213629277566326,45.192758806826639],[-122.215549888849097,45.193807501547575],[-122.215860957077098,45.194332091767933],[-122.216646245328604,45.195553526454511],[-122.217706807557789,45.197128128196276],[-122.222239079266188,45.19900364318864],[-122.223833809698363,45.199698208629826],[-122.224744186102484,45.200163262128733],[-122.226031640639832,45.200990961250234],[-122.227205638556555,45.201736796025074],[-122.227477113115896,45.203315234100835],[-122.226810833177765,45.204562625109354],[-122.226380179679268,45.205333847034368],[-122.226344623542147,45.207016905255074],[-122.227553226646023,45.208978439618313],[-122.228582834557926,45.210056614398155],[-122.23143030160351,45.213262408899276],[-122.235269045194997,45.217599995410367],[-122.23578442468326,45.218107532023573],[-122.238439176693078,45.219592573071481],[-122.241220210368553,45.221168390706758],[-122.242737957665767,45.22197062078321],[-122.245013136819708,45.223290942242393],[-122.246073077711259,45.225008264258051],[-122.247168193249863,45.225996573406341],[-122.249511516612102,45.227962079290521],[-122.25087920636156,45.229125764211794],[-122.25600704046029,45.228823477672741],[-122.263708691870491,45.235334769978067],[-122.269297088269198,45.237819056193523],[-122.274704198592616,45.240248388656163],[-122.27717456856702,45.241051999488114],[-122.279210301663838,45.241320453790237],[-122.28176314216087,45.243670007131698],[-122.282914917659099,45.244661984113023],[-122.289038380433894,45.246370970676018],[-122.290737277889917,45.247935910992389],[-122.291966688543312,45.249928039847944],[-122.298845158196983,45.261541035501708],[-122.301805351777915,45.2630400005974],[-122.305674291169041,45.2657506602959],[-122.30879012863906,45.267191880770689],[-122.315212668700781,45.268235524870882],[-122.318505509966712,45.268946222212314],[-122.318035434081125,45.269849146188413],[-122.319080531407025,45.270079709080761],[-122.319474692844906,45.271392511625315],[-122.319599274187411,45.272369920878823]]}},
{"type":"Feature","properties":{"OBJECTID":66.0,"FENAME":null,"MILES":15.38827248,"Source":"Orthoimagery and lidar","Edit_date":"2020/04/07 15:38:11.000","GlobalID":"0e451c92-a5a8-41a1-9389-22bb7152fd56","CartoDispl":100,"Shape__Len":81252.346998464607},"geometry":{"type":"LineString","coordinates":[[-122.876198502083781,44.938838603695125],[-122.874745625476962,44.93778171608497],[-122.873991538708324,44.93723256586064],[-122.866247640256717,44.931599866374235],[-122.861210707886684,44.926495565720131],[-122.859637445387833,44.924901702916927],[-122.859145514409065,44.924403713050587],[-122.856431714817759,44.921652680668409],[-122.85148935678707,44.917348069616928],[-122.826286147548188,44.895392785713035],[-122.818331389496734,44.888463869372245],[-122.814940535055825,44.885510063282794],[-122.813137213292336,44.883919854871998],[-122.805410202555819,44.877106950606951],[-122.802836189155229,44.874836974541118],[-122.793078374703597,44.866231939168692],[-122.792351347652087,44.865590834404685],[-122.791511159292625,44.864849748619569],[-122.787884229349999,44.861470041962825],[-122.782915190944266,44.856836903586569],[-122.780833069148954,44.854897023970054],[-122.779005038886154,44.853193259542351],[-122.769457166495769,44.844289861183931],[-122.765359088064741,44.840493030474462],[-122.761155106568467,44.83654993795853],[-122.748847905587851,44.829752825318756],[-122.735099771867098,44.817941747308829],[-122.701272456528059,44.799786502002014],[-122.698481418831676,44.798244528383215],[-122.695529030743216,44.796360543744001],[-122.692495863865844,44.794435098136731],[-122.684979123230505,44.789579543279729],[-122.677069827065353,44.774603073916452],[-122.673358368108154,44.773850777984038],[-122.673428968852264,44.772792129056306]]}},
{"type":"Feature","properties":{"OBJECTID":73.0,"FENAME":null,"MILES":15.55650475,"Source":"Orthoimagery and lidar","Edit_date":"2020/01/28 16:27:43.000","GlobalID":"e989a5e3-6e99-46ef-80e1-7737dbaaef7f","CartoDispl":100,"Shape__Len":82138.509594117233},"geometry":{"type":"LineString","coordinates":[[-122.949461821209056,44.929603952905552],[-122.949461191589634,44.928572522284156],[-122.94726705324355,44.92818672671887],[-122.942840737297885,44.925467709622446],[-122.94101277853396,44.916996644270888],[-122.934875665090757,44.912666543914909],[-122.934856280383784,44.900698709765734],[-122.939522978285083,44.897460252324521],[-122.94052618005739,44.895793895497711],[-122.951597978903607,44.886811418562793],[-122.959679072447955,44.874365665028975],[-122.96207637808368,44.868291948301717],[-122.96579189260062,44.858705110283594],[-122.964860594184856,44.853623822442273],[-122.961282290518014,44.821955804562656],[-122.946956896511026,44.793092055015819],[-122.947734272786036,44.786090306906949],[-122.946146877771739,44.773904634508938],[-122.946067135908748,44.7636998787846],[-122.950228812840407,44.75081331491608],[-122.956304686358664,44.742228788521977],[-122.956032518312341,44.737724551398685],[-122.955618485423031,44.737120656615005],[-122.953096448140144,44.733445542530795],[-122.952862624880652,44.733103680041189],[-122.952710654904166,44.732882552280955],[-122.95275063167928,44.732682371529442],[-122.953120777371481,44.73084658373088],[-122.953128562669747,44.723996594303095],[-122.953128398472913,44.723849418210627],[-122.953065588881245,44.723791410967692],[-122.952304457318121,44.723100884561489],[-122.951294690739374,44.722183738874691],[-122.951191460696052,44.719897630191895],[-122.951176363821034,44.719565855387948]]}},
{"type":"Feature","properties":{"OBJECTID":4213.0,"FENAME":null,"MILES":null,"Source":null,"Edit_date":"2020/03/17 16:11:56.000","GlobalID":"88f5aae1-228d-43a5-9dc7-3cb754020dd0","CartoDispl":1,"Shape__Len":83857.881532181258},"geometry":{"type":"LineString","coordinates":[[-123.103613269543246,45.203997427574848],[-123.103834245487803,45.204098006642283],[-123.104220811534574,45.20406295159929],[-123.10480018347215,45.20416604109942],[-123.110419455944808,45.199079497983199],[-123.113774273599361,45.192652772623838],[-123.120022894357433,45.180530781055083],[-123.123142943943805,45.174598537448361],[-123.123765986143113,45.173875885278989],[-123.131931481600205,45.171591006007574],[-123.144572029394041,45.168005481327278],[-123.163342684726402,45.157153507584958],[-123.178258488669101,45.149711299920881],[-123.1948673057165,45.141957176015701],[-123.197033847137789,45.140785935689429],[-123.204838350966128,45.136378319912815],[-123.206046401379012,45.134958698115128],[-123.206437207649969,45.133970419950842],[-123.205828377635001,45.129887626804617],[-123.205818582315004,45.128895813350972],[-123.206237692731762,45.125781062071077],[-123.206504176182946,45.124860098402131],[-123.205963779392704,45.123416855612653],[-123.206173489071276,45.119714333657754],[-123.212691301571056,45.11978100347023],[-123.213054552076244,45.118986592289197],[-123.214478498847555,45.117136641189042],[-123.218026588131536,45.117130794702092],[-123.219213715808522,45.11644587601026],[-123.220406842126764,45.115889641657979],[-123.224105318817109,45.114823601764606],[-123.227461395202212,45.113443403293765],[-123.2425997838494,45.113434025951065],[-123.242633694844045,45.108369825204321],[-123.242746237993103,45.107284906693508],[-123.256511002524334,45.107499448931982],[-123.267376738901518,45.110255381212596],[-123.268229309277359,45.110582892419188],[-123.27951646765915,45.110712161009587],[-123.27969845943845,45.10386629459186],[-123.282335566228738,45.101947681015027],[-123.287470634603693,45.100909489965389],[-123.310287009799524,45.100976843607711],[-123.325337545658954,45.101087584275511],[-123.337165538048893,45.101112303661516]]}},
{"type":"Feature","properties":{"OBJECTID":1441.0,"FENAME":null,"MILES":16.76352186,"Source":"Orthoimagery and lidar","Edit_date":"2020/01/28 16:27:45.000","GlobalID":"f4157e32-58af-43b2-847f-9e565787bde4","CartoDispl":100,"Shape__Len":88511.572194216162},"geometry":{"type":"LineString","coordinates":[[-122.206376848692855,45.387911565463384],[-122.214334138737115,45.403835641254346],[-122.219706265644902,45.414468473239296],[-122.225955236395805,45.446630842516313],[-122.228289090792728,45.44946270464402],[-122.245510074014774,45.46860983382966],[-122.25565743819179,45.493705245377619],[-122.27408475084053,45.507016152572646],[-122.316688303209887,45.518457466319468],[-122.31705082641227,45.518718087164146],[-122.337703312011797,45.532660567068213],[-122.369899914522023,45.557682534056298],[-122.387848343366059,45.557276128239323],[-122.392036767891341,45.559001035540206],[-122.396525132924609,45.559996548380695],[-122.401495809698389,45.561329844499546],[-122.402005744692815,45.559210962830356]]}},
{"type":"Feature","properties":{"OBJECTID":3559.0,"FENAME":null,"MILES":16.85515742,"Source":"Orthoimagery and lidar","Edit_date":"2020/01/28 16:27:46.000","GlobalID":"08fe785b-da36-4f59-bc9a-5415253df68d","CartoDispl":100,"Shape__Len":88995.409500152673},"geometry":{"type":"LineString","coordinates":[[-122.332725314293214,45.269667727214788],[-122.332744155051742,45.269502747522168],[-122.332754524820757,45.269378326488585],[-122.332817071020742,45.266792672275905],[-122.332934825042955,45.261900946063683],[-122.333405550938991,45.262069878407551],[-122.333416682934882,45.259191889200878],[-122.333519815076826,45.257787426826482],[-122.334837214258641,45.257454003699777],[-122.336600497782243,45.256865018565108],[-122.337469850833713,45.256362287065627],[-122.339554519610843,45.255888417642083],[-122.339724798710719,45.249809414801121],[-122.3396020608307,45.242364291056127],[-122.340598152078755,45.239069874501766],[-122.341260530393541,45.238490225525005],[-122.344066877721033,45.237539879824894],[-122.345417521024544,45.23719778436643],[-122.345468098230384,45.228803934819226],[-122.345466557074346,45.228042411557517],[-122.346014301102159,45.225292131029342],[-122.348684340081633,45.225426025886833],[-122.351555575596109,45.225821192170379],[-122.353595655736342,45.225764606180718],[-122.356722748612228,45.224937079216303],[-122.362829022393427,45.223276122642076],[-122.363687348164888,45.22245270226604],[-122.364085469832347,45.221428234854486],[-122.364247817077171,45.220479698227265],[-122.364177751679549,45.2197112511694],[-122.36404224150985,45.219024017692689],[-122.364851587003315,45.21350376811067],[-122.365302182512664,45.21199746408476],[-122.367176026703731,45.208905080908174],[-122.367610845020437,45.208320906252183],[-122.368462966824453,45.207665883791343],[-122.36941426254306,45.207273801322444],[-122.370549219151286,45.206950899682475],[-122.371632919218683,45.20679715822984],[-122.372957218145686,45.206719689988951],[-122.373509751351236,45.206622595629526],[-122.374860222936761,45.205951467057133],[-122.37657476947399,45.204617088350133],[-122.377324286644154,45.204300346813547],[-122.378130982569758,45.203998708568342],[-122.379644940058768,45.203477189958512],[-122.38109571130876,45.202756262749404],[-122.382377902941613,45.201733422987473],[-122.385881613054067,45.199287652399313],[-122.386704347108093,45.198785279749799],[-122.387710212910477,45.198336038027463],[-122.389527190296334,45.198074003115913],[-122.390449931919946,45.197858568347904],[-122.392085402828869,45.197246721205893],[-122.392897507235134,45.19676852582441],[-122.393888296399751,45.19620724363854],[-122.394772809917669,45.195864132573504],[-122.395776023879009,45.194989986713537],[-122.395924201251816,45.194666904607942],[-122.396321038015728,45.193626290098372],[-122.398452294016664,45.192926084385817],[-122.399559687641471,45.19246705850783],[-122.401300041868154,45.191949558543449],[-122.402212401058904,45.191421552274342],[-122.403989145752448,45.189941425522498],[-122.406318383643224,45.188027318944386],[-122.40713261023339,45.187621131433787],[-122.408132852370571,45.187356178421496],[-122.409093296031884,45.186915507727186],[-122.412273551558997,45.184690659236558],[-122.414032194983562,45.183362980448976],[-122.414570166714057,45.182833027550245],[-122.414999027615494,45.182088422502524],[-122.41531137599307,45.18090482424374],[-122.415569750832347,45.180146996845679],[-122.416084757127535,45.179609397774662],[-122.416959097816644,45.178969661844356],[-122.421419959791152,45.176418749914461],[-122.422452070697972,45.176097025270103],[-122.423373810156733,45.175865302420156],[-122.42419907639426,45.175458805232893],[-122.426144321155562,45.173622783343198],[-122.426704215532013,45.173076371949698],[-122.427358442330174,45.172640623675427],[-122.430831035919581,45.172093879912453],[-122.432018270440025,45.172009986012874],[-122.437571579583661,45.172005581687287],[-122.439805193875955,45.172032400920784],[-122.445155149377015,45.172047066491864],[-122.448494255996749,45.172045161935017],[-122.453191199608725,45.171114421922653],[-122.462040299668416,45.169912940192646],[-122.465920845139522,45.16998505170303],[-122.470577846001646,45.169455116718296],[-122.473811030190561,45.169237325147691],[-122.476237338793851,45.169246133790878],[-122.480324209977681,45.168099199378844],[-122.480928672205195,45.167650461211615],[-122.485025333162753,45.166277715467615],[-122.488778630751966,45.163157017501476],[-122.489666967394911,45.162728417758146],[-122.493588017869612,45.159571400601607],[-122.495575939415218,45.158696067897367],[-122.495976117625233,45.158431933409268],[-122.496579786894699,45.158061442699676],[-122.497775495561811,45.157990470812621],[-122.498894594296686,45.158249812458848],[-122.49973265242123,45.158985267305233],[-122.501665054447486,45.160232399453157],[-122.506694011524004,45.162980599884349],[-122.510074766954119,45.166087994419904],[-122.513283650975623,45.168284682044629],[-122.51709541298068,45.170895941103581],[-122.521060277093312,45.171650090281382],[-122.521388277806423,45.171888604900353],[-122.523714875573646,45.169297225939467],[-122.526112262700622,45.166541736923641],[-122.52953056714891,45.163370334738914],[-122.530162979122096,45.162807492329812],[-122.531095598763457,45.162420302295871],[-122.533832227431361,45.161702990978768],[-122.536733220057783,45.161299322655438],[-122.542639727997681,45.161285937642965],[-122.543958382360643,45.161335078018105],[-122.551164787187929,45.156133305458219],[-122.553993149394373,45.15408134421871],[-122.55491134351918,45.153188518297455]]}},
{"type":"Feature","properties":{"OBJECTID":2174.0,"FENAME":null,"MILES":8.76642891,"Source":"Orthoimagery and lidar","Edit_date":"2020/03/19 16:08:44.000","GlobalID":"d4aaf322-c849-40e6-b6ec-9dee6580076c","CartoDispl":100,"Shape__Len":89036.169245815981},"geometry":{"type":"LineString","coordinates":[[-122.991739767725605,44.969423616495611],[-122.991795078833775,44.967873040263015],[-122.98844619955031,44.968410466947859],[-122.983155584890326,44.969210171172229],[-122.981137179764929,44.969416597993579],[-122.977796952541539,44.96968490324722],[-122.973111569091458,44.96994351952867],[-122.972584360058661,44.969940405917995],[-122.966534783719254,44.969580352260735],[-122.962899241004948,44.969418017872925],[-122.961526650087023,44.96955757592216],[-122.958595437603819,44.971193294875846],[-122.956545574117413,44.972579966553226],[-122.953286884467275,44.974630226181901],[-122.950219946118139,44.976585185972283],[-122.947827852495053,44.977878211526722],[-122.945904204970518,44.978902252468288],[-122.944728146625465,44.979382814211789],[-122.939991286628683,44.981176114209035],[-122.937695923244831,44.982044765249867],[-122.93686446343591,44.982364483532002],[-122.932683919884568,44.984380786525399],[-122.93144311127574,44.984934520241211],[-122.928859485792628,44.985866611133169],[-122.926018653333855,44.987278910392313],[-122.924052594294281,44.988274678915673],[-122.919695403923228,44.990452482199764],[-122.919410567520003,44.990592748416994],[-122.918407066292374,44.991007064601654],[-122.917249794321293,44.991299871210416],[-122.916152890095091,44.991418725020701],[-122.91259836011983,44.991444959365658],[-122.90676419518806,44.991432204090295],[-122.901269704373121,44.991460070380867],[-122.89597644601524,44.991449929433756],[-122.8889996869801,44.991431162318896],[-122.883387232535441,44.991383870368452],[-122.880316820862021,44.991346371602454],[-122.875647091867648,44.991375229710627],[-122.867068290581003,44.991354460489511],[-122.861309215956965,44.991357063417688],[-122.855306804616802,44.991359538556182],[-122.853334435401166,44.991394890415371],[-122.852296079459478,44.991627062672961],[-122.849625407266601,44.992616677628348],[-122.848795448656006,44.993156359847504],[-122.846917406776299,44.993856407176423],[-122.844554352801737,44.994264073174818],[-122.83712047792244,44.994313791195879],[-122.832848424259126,44.994318492163039],[-122.827319856680447,44.994343527030686],[-122.826199003799189,44.994375667061938],[-122.821156355753729,44.994541369047226],[-122.82023231396613,44.994748916964511],[-122.819238092611073,44.99505236823434],[-122.81760892827883,44.996135065655331],[-122.815969923502024,44.997343939676028],[-122.813158245008751,44.998838755059687],[-122.806142240665864,45.001803440142147],[-122.80091394422881,45.003955115935774],[-122.799311444439283,45.004228485329371],[-122.794823729422816,45.006029143470684],[-122.790692787700252,45.00635690223136],[-122.789795054668289,45.006499400352055],[-122.789934495585626,45.007115973188725],[-122.790000390883137,45.014121332762123],[-122.790077555891827,45.018434750702482],[-122.787162607831092,45.018426775931623],[-122.789127514439357,45.023687253794371],[-122.79096936605157,45.031690022956901],[-122.793307262045047,45.041110285147248],[-122.795150083177916,45.048522300687495],[-122.799258081133615,45.065782969903793],[-122.798659364911941,45.06603970549402],[-122.798672968682467,45.067928407315542],[-122.797336217790871,45.07014671176303],[-122.798403217948589,45.070370676222119],[-122.794565947407094,45.077296057665457],[-122.79142699690297,45.083371130845684],[-122.789866071729421,45.086631958607306],[-122.78827533967916,45.089268306166183]]}},
{"type":"Feature","properties":{"OBJECTID":278.0,"FENAME":null,"MILES":18.43137073,"Source":"Orthoimagery and lidar","Edit_date":"2020/01/22 08:52:33.000","GlobalID":"c1887785-a9cb-4f5f-8a3c-b2e64be59c89","CartoDispl":1,"Shape__Len":97418.677650257101},"geometry":{"type":"LineString","coordinates":[[-123.088052941147112,45.524095660999599],[-123.088270517600421,45.511088605824135],[-123.119743744204968,45.496561629592442],[-123.129245871947688,45.493418829557719],[-123.14274753925811,45.482513860180724],[-123.145684930991237,45.467369358974253],[-123.145203559091911,45.463976920704276],[-123.149051977974594,45.450045059437421],[-123.152630016663025,45.433427621394742],[-123.155247105343179,45.400127622833246],[-123.161968356394752,45.39015016800289],[-123.162472134587063,45.372280565666479],[-123.153740227970403,45.364370949932713],[-123.156037848454332,45.346578235985305],[-123.154910668351505,45.331059093229243],[-123.153709241811015,45.327485694414847],[-123.153764212280294,45.322800471986376],[-123.154776190229157,45.320435386442995],[-123.154646370522002,45.314436969535038],[-123.154625331367228,45.301761318400693],[-123.155301899657104,45.288923275867432],[-123.154075458593084,45.287048379742458],[-123.154168880597396,45.281001879655967]]}},
{"type":"Feature","properties":{"OBJECTID":201.0,"FENAME":null,"MILES":0.34649864,"Source":"Orthoimagery and lidar","Edit_date":"2020/03/19 10:55:40.000","GlobalID":"0f970bc7-9be5-4955-a24a-4f7c8a4cf598","CartoDispl":100,"Shape__Len":102529.37175942186},"geometry":{"type":"LineString","coordinates":[[-121.714450123377944,45.330851565280071],[-121.731838510901838,45.321709451080601],[-121.752177340993157,45.310791895413153],[-121.758632532444238,45.307396631431018],[-121.765558649269451,45.306558540949929],[-121.767329661595866,45.3044083117612],[-121.782837789654963,45.302554562483195],[-121.794302224237597,45.301410275733936],[-121.799462746687979,45.301000597864487],[-121.812671921747196,45.302260751130866],[-121.819262219769058,45.302557862872852],[-121.821216018151631,45.301929244901849],[-121.835760933375227,45.306986295318872],[-121.857491111701748,45.305619613307428],[-121.867757907085604,45.304266874008611],[-121.874276251215463,45.305011662012532],[-121.876984035448459,45.305801276869069],[-121.88755822698343,45.309196894589938],[-121.890783366557031,45.312464488269264],[-121.893639248815745,45.313623630942416],[-121.899250684264956,45.317571568070143],[-121.901091844058115,45.318751827784673],[-121.9012347925689,45.32270895484384],[-121.901262015712064,45.324038201957947],[-121.902221338964665,45.326678811199429],[-121.90327590516948,45.329367117092026],[-121.905170367466283,45.330576112890604],[-121.907099485078362,45.331820865275844],[-121.909630280246475,45.33225915946403],[-121.911942161695961,45.33322896247045],[-121.916198186104054,45.338771645005089],[-121.923778192166566,45.341732626482759],[-121.928174392802177,45.343483581336407],[-121.932119955987972,45.346569438693798],[-121.933836210183316,45.346996344162882],[-121.936741565463095,45.349466438905225],[-121.94123129483215,45.349414843306029],[-121.942734243055696,45.349849452265481],[-121.947184630020786,45.349810361667501],[-121.950962961317472,45.348668420973659],[-121.953103043583425,45.349508258687784],[-121.953791779954784,45.349566690944911],[-121.957695221442393,45.352333864153273],[-121.958108919581463,45.352805999237816],[-121.959972099764954,45.353635681256904],[-121.960647954251556,45.354266979160762],[-121.960893102842334,45.354719501107517],[-121.961999497263022,45.354977030976762],[-121.96272078669999,45.355772537223011],[-121.967856855276793,45.357161925255213],[-121.968331335364823,45.357979896015131],[-121.972180052046326,45.35901697092693],[-121.975168782905286,45.359754624857878],[-121.975349047321387,45.360353343047429],[-121.977501873215061,45.361198462680726],[-121.980131544386566,45.362405839446133],[-121.98193763447992,45.363129270529249],[-121.984005124216949,45.36439218239466],[-121.985120080081344,45.364436127073802],[-121.986272488081497,45.364867327020022],[-121.989623807143644,45.366850458109624],[-121.991692602709406,45.367618846397711],[-121.993331280028457,45.368237617362901],[-121.99558765968824,45.369342806763264],[-121.998368802482418,45.370528444350384],[-122.001081318272625,45.371714905143115],[-122.002541831578583,45.37287869183367],[-122.003786269317587,45.375780400661846],[-122.004323855034912,45.376355072933713],[-122.008993141418387,45.378194624205442],[-122.009596263541852,45.37864240847879],[-122.010202175563492,45.379196782502405],[-122.011382311053737,45.379617689204608],[-122.013166260403608,45.379458821494872],[-122.014132055018806,45.379572289513945],[-122.015970703862109,45.379926427093615],[-122.018681244156667,45.379958979773171],[-122.020160898570623,45.379212663785623],[-122.022266390477071,45.378729571267655],[-122.023560653348213,45.378780507786402],[-122.028012132225399,45.379633404441002],[-122.030556383954348,45.379619393468538],[-122.031823686781067,45.379689979289083],[-122.033197636125863,45.380670347943088],[-122.034582165678117,45.381010782805475],[-122.036623531358501,45.381739978261173],[-122.038383659641426,45.382753966929762],[-122.039062256364232,45.383442943638556],[-122.040050691095743,45.383885482439666],[-122.041729335890039,45.383902055979419],[-122.043438281515805,45.384538595029667],[-122.044697411806865,45.384360219303638]]}},
{"type":"Feature","properties":{"OBJECTID":61.0,"FENAME":null,"MILES":17.99369143,"Source":"Orthoimagery and lidar","Edit_date":"2019/10/11 08:24:21.000","GlobalID":"ac4c650e-c1fa-4439-9d7c-f6045c95289c","CartoDispl":1,"Shape__Len":111354.74191893236},"geometry":{"type":"LineString","coordinates":[[-123.179895045994627,45.211866512396931],[-123.178634147064926,45.2100032457707],[-123.180359918496578,45.192072073267575],[-123.176725163111513,45.178696340667855],[-123.175745758710832,45.117830629934183],[-123.174592436611974,45.112266969903679],[-123.175063146315324,45.092888345716787],[-123.172010406397462,45.073753633136263],[-123.172611328724869,45.01268443226855],[-123.152819869839234,44.987258203751196],[-123.149373910410887,44.98279428804463],[-123.148067702798073,44.979895081966603],[-123.142890955983603,44.968405063771911],[-123.142075788934363,44.966596162262434],[-123.14068090760091,44.96350025623547],[-123.137953845302675,44.957450371815646],[-123.137865908169502,44.957235974634472],[-123.136689862972844,44.956707173239288],[-123.099916555468809,44.94321717778768],[-123.0894486175265,44.934256236283048],[-123.089368212264063,44.931659167234827]]}},
{"type":"Feature","properties":{"OBJECTID":2449.0,"FENAME":null,"MILES":21.2553716,"Source":"Orthoimagery and lidar","Edit_date":"2014/02/10 03:55:21.000","GlobalID":"7d51b16e-7e68-4af1-b50d-61d271fae7b8","CartoDispl":1,"Shape__Len":112228.58580200316},"geometry":{"type":"LineString","coordinates":[[-122.843428282463805,45.507145705697241],[-122.842485661843966,45.506661523027205],[-122.84301506945755,45.506144814289939],[-122.843657113632318,45.505691334991177],[-122.851582522584721,45.509845538044289],[-122.85735893454661,45.512777427576289],[-122.859547071418959,45.513685845528123],[-122.875683075152637,45.518907642824495],[-122.89491067200585,45.525076055855202],[-122.908689969236548,45.529490291677597],[-122.909828821509464,45.529782352916655],[-122.911942272699903,45.530084047431124],[-122.913404027045814,45.530196739864543],[-122.914827697580748,45.530208983885331],[-122.923086682562911,45.530198647835711],[-122.929157741191844,45.530132046805051],[-122.932578421801452,45.529489248331863],[-122.932768318718459,45.529372165428867],[-122.933043423101211,45.529467651831844],[-122.941588021619054,45.527800782381952],[-122.944191514971109,45.5272699869085],[-122.945200668590616,45.52729649008787],[-122.953817219665481,45.525543845906647],[-122.95494682079125,45.525216441194914],[-122.955754815067934,45.524895790294877],[-122.956667752502327,45.524453844202988],[-122.961598237241361,45.522087432791267],[-122.962785693258581,45.521728959626593],[-122.964309875602993,45.521917098962213],[-122.96450397884459,45.521305681632043],[-122.966621935544396,45.521118054061141],[-122.967663314179603,45.521107955165547],[-122.969930658354428,45.521244586378003],[-122.972349875805307,45.521169563074444],[-122.975493489370223,45.521198214310616],[-122.984119661127608,45.521282922511624],[-122.991144681319554,45.521359492106441],[-122.992811263530029,45.521508498892409],[-122.995691544731969,45.521518412817024],[-122.995663631911498,45.520090002560025],[-122.996678829016005,45.520062340962063],[-122.998036592688834,45.519926119951279],[-123.005751494757845,45.519897739050677],[-123.006574833593206,45.519743117183694],[-123.008227780150108,45.519773114569162],[-123.010288201173466,45.519824098136432],[-123.018121036690118,45.519780457594514],[-123.028710005619573,45.519813576980958],[-123.03991749522865,45.519850144823522],[-123.046827376792763,45.520003283144383],[-123.04860570312826,45.519994247660634],[-123.059413946809428,45.520001934495234],[-123.073977176090295,45.520068799550408],[-123.083667937453626,45.520086964941292],[-123.084069044629587,45.519964954777571],[-123.08434342732734,45.518904951499543],[-123.0837418480167,45.518900403965525],[-123.083707787028999,45.515870364835195],[-123.083539172849513,45.515320336525733],[-123.087139635283577,45.513829400069127],[-123.091221014440649,45.512113313952185],[-123.091205613626784,45.510827496297196],[-123.091429506148714,45.510155628377085],[-123.091534502131935,45.506270992253668],[-123.091331646432465,45.505525234253291],[-123.089843720830601,45.502372620259045],[-123.08976359930648,45.501719406287293],[-123.089702635032296,45.500738269915324],[-123.089503293137696,45.500069837647658],[-123.088945215805424,45.49933195617632],[-123.088521423273107,45.498567275775095],[-123.089104342546378,45.496839457178311],[-123.089612316907278,45.496083876585246],[-123.091509650764252,45.494404275057633],[-123.091721544032367,45.493655257713534],[-123.091704623013257,45.492524279883341],[-123.09186335702455,45.491722851578551],[-123.092304199412865,45.490039843907411],[-123.092724199475313,45.489024199875558],[-123.093143133658927,45.488550438883479],[-123.094653571037938,45.486557825026047],[-123.095419366706992,45.48589174943546],[-123.099883188442803,45.483130688697777],[-123.105390959339658,45.4796911314479],[-123.108149394006134,45.478545763277644],[-123.109156819035121,45.478362462039939],[-123.116437591617654,45.477836165952326],[-123.118795615679787,45.477199704585971],[-123.11980387926333,45.476849562738629],[-123.123423589952282,45.475482018699005],[-123.125027724683406,45.474463418666126],[-123.12566996435794,45.475371932024999],[-123.126695430929544,45.477075689201556],[-123.12842963984312,45.479472071476451],[-123.129033075300256,45.480083709388865],[-123.129706937857705,45.480568710758234],[-123.131595316255087,45.482628112138713],[-123.133811413033357,45.481291904702751],[-123.135709850648723,45.480230787977931],[-123.136396813528208,45.479518572773955],[-123.138102471398284,45.477389931786433],[-123.139988099614413,45.474572402006821],[-123.140536691582156,45.473613193400105],[-123.141176380034224,45.472425639572009],[-123.142529005258524,45.470543098062336],[-123.143255290759129,45.47013958676505],[-123.144141099885431,45.469893231811398],[-123.146365411497285,45.468937673834539],[-123.146955021055803,45.468692061198681],[-123.147373362414754,45.468402695455154],[-123.149120555066133,45.466272921692607],[-123.150305374690831,45.464983603710834],[-123.150888374968616,45.464595206359505],[-123.152364954585508,45.463948298350452],[-123.154938094871468,45.462121193797252],[-123.155538240195554,45.461922932880192],[-123.157128758974068,45.461731882196801],[-123.159517647341758,45.461421375531216],[-123.162253213148645,45.460555066833663],[-123.163767542193852,45.460181065852815],[-123.164963061798261,45.459683325435321],[-123.167104901282144,45.459705818370963],[-123.167986667707098,45.459560597765908],[-123.170017848427804,45.459019863558694],[-123.171522612613231,45.458806757215903],[-123.172317156206915,45.458788553114083],[-123.173261176389374,45.458891967931557],[-123.175054773331425,45.459434409102947],[-123.177082873795584,45.459923802171822],[-123.178083253528328,45.460329579419259],[-123.179071984903075,45.46084875752657],[-123.179973825032818,45.461500929880827],[-123.181081814903649,45.462583057564139],[-123.182190347160955,45.464040314592651],[-123.182968511230271,45.464760811330024],[-123.183972058240926,45.465231970207874],[-123.187359413719847,45.465100376454437],[-123.187197244226155,45.465616226131672]]}},
{"type":"Feature","properties":{"OBJECTID":2139.0,"FENAME":null,"MILES":32.69302197,"Source":"Orthoimagery and lidar","Edit_date":"2020/01/28 14:15:08.000","GlobalID":"3a0817b1-6677-44db-93c4-039fc8bab1b6","CartoDispl":12,"Shape__Len":124949.37846628248},"geometry":{"type":"LineString","coordinates":[[-122.403491097310905,45.360796257059825],[-122.399381979031418,45.361508493515416],[-122.396168756922762,45.362055486816992],[-122.389804696660875,45.365129947661593],[-122.386229901847926,45.366872761934864],[-122.383886087577636,45.36816428453492],[-122.378939246188111,45.370455578113301],[-122.375588454888145,45.372093227263818],[-122.352683048475001,45.381955196453717],[-122.335433587929714,45.389308038994429],[-122.334650842828907,45.389280327805338],[-122.333720924252532,45.389652923626009],[-122.332010545300975,45.390390668373307],[-122.328597774579407,45.391962399087596],[-122.321662328683487,45.39517513465082],[-122.318264981941681,45.396771313512801],[-122.30777499248245,45.4016045348056],[-122.291725719240034,45.40902662226528],[-122.282674482431105,45.413249988372598],[-122.279039216163284,45.414920518511465],[-122.278955905160913,45.418045912802611],[-122.278777336971729,45.42674131463356],[-122.265027829363959,45.432621682536919],[-122.258307519201793,45.434741420952243],[-122.256243486479249,45.435375340838696],[-122.254159417715158,45.436016739821383],[-122.230562200978071,45.443256557302611],[-122.226711086136063,45.446058495311668],[-122.234533940158698,45.455791295185762],[-122.245959994327066,45.468461827246323],[-122.250305680456279,45.479099781570667],[-122.256373973016451,45.49362259717325],[-122.274903829899614,45.506794862618491],[-122.314668747607882,45.51756554888339],[-122.316242002342719,45.518640488124966],[-122.337469925190476,45.533109857802742],[-122.369686221594506,45.558054875722839],[-122.38968615316854,45.561693212486404],[-122.394911937310098,45.560108446336685],[-122.401851211065619,45.561890219221048],[-122.404564178241472,45.561856176594077],[-122.405683105761071,45.559888635964739],[-122.405806763331185,45.558838276620158]]}},
{"type":"Feature","properties":{"OBJECTID":56.0,"FENAME":null,"MILES":24.17079943,"Source":"Orthoimagery and lidar","Edit_date":"2020/01/28 16:27:43.000","GlobalID":"c6cce1b4-e70f-4427-aee5-33ba331af759","CartoDispl":100,"Shape__Len":127600.9082686324},"geometry":{"type":"LineString","coordinates":[[-122.727543499336861,45.169491047393485],[-122.727382547596591,45.166020124677189],[-122.727053328182606,45.158704956468362],[-122.725977631552382,45.153930233701253],[-122.725378751593126,45.151046163717552],[-122.725175711573755,45.150067394750337],[-122.723996732541593,45.144399071720265],[-122.723514860075952,45.142079376824405],[-122.720493653753465,45.136363985624158],[-122.72038370097188,45.13615618716311],[-122.720839488356418,45.128748024070298],[-122.720951692518014,45.125618082403747],[-122.720980713068769,45.12483722695508],[-122.721193468527318,45.118952123063977],[-122.721068392517466,45.117110749404432],[-122.720624085879535,45.114396638793082],[-122.718330208279582,45.100928533502412],[-122.717911071222446,45.098291706548672],[-122.718902916949475,45.092912997556674],[-122.7195488228176,45.089407854159155],[-122.719649282478514,45.086286544386915],[-122.719806285979189,45.080044754167687],[-122.719960305957215,45.074300863143286],[-122.720040253154707,45.070930995135974],[-122.720110399365282,45.067304600145007],[-122.720035302413208,45.064474451688071],[-122.719412750399016,45.050460640046936],[-122.719326162421112,45.048190791293464],[-122.720305158869252,45.043060958850916],[-122.720949462887603,45.039663041929778],[-122.7214033496208,45.037267042690488],[-122.722486591618008,45.031529396843823],[-122.723184948363254,45.028272052803189],[-122.724023558153149,45.024094055175716],[-122.725060614046981,45.018224127033086],[-122.726848052586817,45.008753482103991],[-122.727006976679462,45.006027669413271],[-122.727178582760274,45.003060451975223],[-122.727401637620247,44.999718830795437],[-122.728611941323678,44.976909794872796],[-122.724402354067394,44.965119492656662],[-122.708798834645307,44.939412089644307],[-122.707411305850172,44.927357093626043],[-122.697684543602094,44.907829310725027],[-122.692260826507393,44.89692437558837],[-122.695113185494804,44.85841564380155],[-122.69661351641561,44.836142678900679],[-122.697229689442253,44.825314004803559]]}},
{"type":"Feature","properties":{"OBJECTID":4216.0,"FENAME":null,"MILES":null,"Source":null,"Edit_date":"2020/03/17 16:20:44.000","GlobalID":"01ca5451-b29f-425d-a31a-2540155ab49f","CartoDispl":1,"Shape__Len":127626.89319576441},"geometry":{"type":"LineString","coordinates":[[-123.101276451162477,45.189140379384838],[-123.102175715163298,45.195863551087925],[-123.103613269543246,45.203997427574848],[-123.103384522968298,45.204035538070066],[-123.103623975776642,45.205473031534517],[-123.104790489515906,45.212101549761556],[-123.105690776260786,45.217131352217692],[-123.106750765484094,45.221655133689225],[-123.107519742093444,45.224162863539533],[-123.110461105340647,45.22876028805765],[-123.114022225388538,45.235366257955697],[-123.114440128590189,45.236142690063097],[-123.114489098154252,45.236824363845457],[-123.113052972778661,45.240966216341924],[-123.111612495156905,45.244206358980357],[-123.121999388378697,45.246458716590418],[-123.123631624478151,45.248676312274618],[-123.127528080217729,45.253767042903362],[-123.128138686630905,45.253959353918958],[-123.139724952640194,45.254057408111308],[-123.141529076222056,45.256824814738756],[-123.160398534795078,45.257025554218941],[-123.160664263497935,45.257251358248482],[-123.160613362083708,45.263294502695636],[-123.160483732915722,45.269609965810403],[-123.163564940506546,45.269565155970376],[-123.163870571694986,45.277403664498507],[-123.164233458571218,45.293627352495747],[-123.164632918879462,45.293978908080803],[-123.164580864684723,45.300782044816081],[-123.16500749534913,45.301326214411823],[-123.172238617954292,45.301379269228022],[-123.172139271386484,45.308325199043793],[-123.172950615842794,45.308499791307447],[-123.172866611101739,45.315380933942492],[-123.174828689777428,45.317538720487455],[-123.177158937882936,45.321336947042212],[-123.165871016407948,45.321274120990019],[-123.16580091581001,45.326493062002449],[-123.165806021832935,45.331362443866126],[-123.165203612133155,45.332162062176117],[-123.165028479006779,45.33867159865904],[-123.165008136042204,45.341403089729319],[-123.17523508222574,45.341348782141509],[-123.175034697503961,45.34570758044056],[-123.175049714663061,45.349984125314215],[-123.171008717476866,45.354263631415641],[-123.170603942775784,45.354994318237118],[-123.169204807574829,45.357538422226007],[-123.168519809764362,45.361702158888754],[-123.167603974955767,45.362843889086882],[-123.159860719343584,45.371690644353158],[-123.158339098947252,45.372781713932952],[-123.152359698596229,45.376273038613938],[-123.148890637039443,45.377982334617037],[-123.145074949459627,45.380477972544966],[-123.144253794747385,45.381308176069794],[-123.14343793593018,45.381854852669974],[-123.141734928500995,45.382589113166965],[-123.140332233763942,45.383896220518444],[-123.13927996911471,45.385272657821965],[-123.138587554212421,45.386924329651556],[-123.1374620763808,45.388701738770358],[-123.136093880169341,45.393176903711783],[-123.135772087161016,45.39373809778008],[-123.130430826359628,45.39729823977494],[-123.126837805032778,45.399105454343065],[-123.125938966281964,45.399847089012262],[-123.124615571791324,45.401306768182579],[-123.123571377578969,45.402876076903333],[-123.123304885502336,45.404659732942818],[-123.123405498807386,45.406473765634246],[-123.124193914165417,45.408130609530538],[-123.125404761099091,45.410228784219889],[-123.126277033966758,45.411716264079004],[-123.127005804707807,45.412459844711044],[-123.128472311583565,45.413740688064117],[-123.1322219772441,45.415755733882364],[-123.133718775295407,45.416894130726192],[-123.13483367957258,45.418079790556533],[-123.136198708237274,45.421539809258483],[-123.138046566783473,45.429561802745503],[-123.139503611718538,45.43622716428402],[-123.139791788309523,45.437328440260686],[-123.141290590502578,45.437294490309725],[-123.141240341309796,45.438596651660347],[-123.143665724392918,45.444415593889794],[-123.145213527075285,45.448244898838745],[-123.146016727138132,45.448600233600203],[-123.151353178349225,45.448440362829629],[-123.151444055129375,45.44922406021962],[-123.151743812922646,45.451368434942253],[-123.154663072290973,45.455552862057992],[-123.155215895924911,45.456828410862499],[-123.155319319862869,45.458281649056119],[-123.155576262177917,45.458938600352106],[-123.156195696302646,45.460343789472603],[-123.156274790885448,45.460922369084848],[-123.156102987311243,45.460773272520868],[-123.156012918473991,45.461097171625539],[-123.155879582007628,45.461295427210871],[-123.155554928442413,45.461735468297022],[-123.155538240195554,45.461922932880192]]}},
{"type":"Feature","properties":{"OBJECTID":2185.0,"FENAME":null,"MILES":24.98994576,"Source":"Orthoimagery and lidar","Edit_date":"2020/01/28 16:27:45.000","GlobalID":"b1fef7c1-9be3-48bc-b47f-71306c3d8c36","CartoDispl":100,"Shape__Len":131960.91567022089},"geometry":{"type":"LineString","coordinates":[[-123.000539266281848,45.01412371606078],[-123.001251435970232,45.014127381451928],[-123.00127488655545,45.016861710929589],[-123.001301493802799,45.022483266296398],[-123.000751572547344,45.02438189719976],[-122.999022153570039,45.027601942134098],[-122.997880638388978,45.029808724809598],[-122.996833372894244,45.031708530408267],[-122.995705072980542,45.033600543412561],[-122.99486310832593,45.035276733086583],[-122.993795319831364,45.037329408750523],[-122.991557392108106,45.041560799066993],[-122.98796081080026,45.048289318666704],[-122.987197875339817,45.049762813018589],[-122.985763416897456,45.052172847605391],[-122.984755009058759,45.054420219751442],[-122.981427081993814,45.060677553235998],[-122.978636983493161,45.065848769599455],[-122.976633611191147,45.069667654936232],[-122.974613661144303,45.073103107331939],[-122.97113339612477,45.076845970215359],[-122.966311405115135,45.082167591452269],[-122.955876400434974,45.093640429086996],[-122.947528858517487,45.102796419538912],[-122.946275494612607,45.102884281518214],[-122.942831175894298,45.102926240394218],[-122.942495016470062,45.108336262598804],[-122.934120312310611,45.117461014271711],[-122.930783204633912,45.121122731473939],[-122.921888137520341,45.13085599064793],[-122.918052480297163,45.135080261009897],[-122.913614019851906,45.139946237587104],[-122.907866815298519,45.146220589063063],[-122.899025287837048,45.155858622093852],[-122.893651838563926,45.161802109500442],[-122.891126814530352,45.161071405306203],[-122.890438642735646,45.161745577103304],[-122.887129594291054,45.163578801375422],[-122.885688554643892,45.163884717585567],[-122.882669929604205,45.166985761811226],[-122.881232936166455,45.16897987137817],[-122.877386402730266,45.175719976492445],[-122.876561524449471,45.176243371940217],[-122.872175226125165,45.180952984178717],[-122.86881709440911,45.188005061378142],[-122.865589823147957,45.19242978852197],[-122.864466145356658,45.193619148765357],[-122.864827420192796,45.193802194828599],[-122.86286066468557,45.19591951658871],[-122.859276330949371,45.20017830036911],[-122.855445042929063,45.205068092059285],[-122.852749940481644,45.208207701998091],[-122.850071320819509,45.21176130203331],[-122.847848602474926,45.214783778121237],[-122.845636187212122,45.217529733137106],[-122.845024932843998,45.218524346169175],[-122.842507745181479,45.223409742183293],[-122.840654808978343,45.228619331495516],[-122.840335341698633,45.230390769512567],[-122.838671808215253,45.240845418829885],[-122.839110056651393,45.243092711934928],[-122.839325172935787,45.24411667755075],[-122.831547469913858,45.244656721538639],[-122.824782777193874,45.246081485750203],[-122.814762922681425,45.248153955822552],[-122.81161656934465,45.248799805078775],[-122.811168611914653,45.249008234283224],[-122.813031216897613,45.255938944670184],[-122.813043525377935,45.259514662985033],[-122.805417096909892,45.25954343272452],[-122.79155208960772,45.259526069040085],[-122.788182795783158,45.259500376584761],[-122.785724279657913,45.259425981035186],[-122.781207172577695,45.259499393362432],[-122.768904397805073,45.259417957646455],[-122.764385472255682,45.25944471029235],[-122.749761102843152,45.25945250380957],[-122.749096293497729,45.259680231881717],[-122.734991833510506,45.259645390077608],[-122.732716692077403,45.260379738916782],[-122.730214783299047,45.260305001049389],[-122.726000957839446,45.260355093102753],[-122.725665226342272,45.260100623112017],[-122.725533687986129,45.259504608425431],[-122.723005406683654,45.259307444598406],[-122.722733706602682,45.259588887323851]]}},
{"type":"Feature","properties":{"OBJECTID":1434.0,"FENAME":null,"MILES":25.23936699,"Source":"Orthoimagery and lidar","Edit_date":"2020/01/28 16:27:45.000","GlobalID":"4095b1c1-f3f3-4e75-9cf1-f5795f9b43fa","CartoDispl":100,"Shape__Len":133321.24415119024},"geometry":{"type":"LineString","coordinates":[[-122.779029309540363,45.331923488324186],[-122.778878836783335,45.323290995069527],[-122.780115704721496,45.322173032266051],[-122.779586847673002,45.300720849078999],[-122.78313505782539,45.298452879518521],[-122.79190563003506,45.296415002856733],[-122.791147519572363,45.293200397684444],[-122.789805072659888,45.289820812620619],[-122.792371639818498,45.266256224542666],[-122.79105119919555,45.255100554756162],[-122.816408616744653,45.224270907655935],[-122.834945925667057,45.198341806954467],[-122.836832452162213,45.195668403661216],[-122.842179758778343,45.189700871920287],[-122.848054118587143,45.183987519791771],[-122.851034148563031,45.182267901908332],[-122.852801586955891,45.180530755479978],[-122.854656633168801,45.177564243008213],[-122.862895843500368,45.169546126577181],[-122.878263888782001,45.154320309130512],[-122.935478999514032,45.098175310852781],[-122.959899586042283,45.074110980854151],[-122.961240151603633,45.072394346592624],[-122.97089992094449,45.054365074590628],[-122.98131029714564,45.035099291091662],[-122.989161423917196,45.020585452590666],[-122.995269019657968,45.01561235922042],[-122.995990370279131,45.014469866499134]]}},
{"type":"Feature","properties":{"OBJECTID":62.0,"FENAME":null,"MILES":27.79619809,"Source":"Orthoimagery and lidar","Edit_date":"2010/12/30 16:00:00.000","GlobalID":"604e6380-3f81-41cc-bcff-3586603e17e9","CartoDispl":1,"Shape__Len":146764.21945190456},"geometry":{"type":"MultiLineString","coordinates":[[[-123.608519576527669,45.062420468683989],[-123.60459088112772,45.060664729318297],[-123.588879536720498,45.063861924342575],[-123.561127321007376,45.069591508043288],[-123.537327807215604,45.057308715541581],[-123.532086022907791,45.054698790664297],[-123.494659125297389,45.049823928887058],[-123.458191318922061,45.03445456121468],[-123.393876577010772,45.018673244286774],[-123.308480750374386,45.000635768184296],[-123.304486403510609,44.999585852515047]],[[-123.304444842120787,44.999586860012897],[-123.271345090785672,44.991229738545961],[-123.253475745580431,44.986673285278258],[-123.225528831045096,44.979581033187493],[-123.20536400299423,44.974461390716911],[-123.188649628357481,44.970219071243228],[-123.174357914145332,44.966591124729653],[-123.159084680737664,44.962714382277284],[-123.151629752898614,44.960822050173988],[-123.140239650622306,44.957932346039129],[-123.138021641206322,44.957464675037997],[-123.137953845302675,44.957450371815646],[-123.130877662931155,44.954808423304762],[-123.099665741891243,44.94330790841348],[-123.091692806786696,44.935985401386688],[-123.088796375284403,44.934262575709475],[-123.088799021174751,44.932747888506],[-123.088813635777456,44.932027491764281]]]}},
{"type":"Feature","properties":{"OBJECTID":1350.0,"FENAME":null,"MILES":27.96946628,"Source":"Orthoimagery and lidar","Edit_date":"2020/03/26 16:59:36.000","GlobalID":"c6913858-ecb0-4dee-aa54-ee95972cdd2a","CartoDispl":1,"Shape__Len":147686.57309965906},"geometry":{"type":"LineString","coordinates":[[-123.798467613125425,45.415547898492868],[-123.794416913772594,45.414141658889626],[-123.785358211583372,45.410823557146067],[-123.785598075816338,45.397907679084028],[-123.785379256735013,45.394061278188452],[-123.793218768507671,45.378011224487842],[-123.794916684678313,45.374748521879376],[-123.80736574561476,45.349296538786895],[-123.822354711596702,45.338249543947825],[-123.822765571819204,45.323112735912382],[-123.821536834448111,45.312614153361004],[-123.820382672626039,45.304851852127179],[-123.814995180711477,45.282980498174332],[-123.823892641572968,45.276178433911994],[-123.828444079080768,45.272718319984726],[-123.833830303774889,45.268757652295101],[-123.842011937793188,45.26244403781228],[-123.84342734427311,45.249435793522757],[-123.843853771386819,45.245913286028596],[-123.846855855219317,45.238373549754499],[-123.850745123523325,45.228536023269179],[-123.84330074010289,45.217468511896172],[-123.843236286662375,45.21737542344551],[-123.831287727780023,45.200124533860254],[-123.803333509152154,45.180498007668142],[-123.797898216085045,45.157929039806028],[-123.797207780038093,45.154889823435077],[-123.797019256248106,45.14672798315636],[-123.801269811838651,45.136442825177483],[-123.804460420004247,45.128817120261758],[-123.793842895244907,45.116162197728357],[-123.785226282025519,45.105990034305634],[-123.745101003889218,45.095945774170318],[-123.721871213087937,45.07467419060908],[-123.720318938845907,45.074673540183355]]}},
{"type":"Feature","properties":{"OBJECTID":1346.0,"FENAME":null,"MILES":29.89297312,"Source":"Orthoimagery and lidar","Edit_date":"2020/01/28 16:27:44.000","GlobalID":"5cbefada-2928-48a5-ab97-bde022be4e3f","CartoDispl":100,"Shape__Len":157835.21373780796},"geometry":{"type":"MultiLineString","coordinates":[[[-122.379064633549859,45.370848434231611],[-122.37629450646908,45.372203689792656],[-122.368247655746998,45.375689320794358],[-122.336026558766136,45.389463007942467],[-122.331690620036738,45.391013658825116],[-122.318530259410068,45.397145803545534],[-122.279619941427001,45.415160660329022],[-122.27934522537312,45.426995498112539],[-122.273369695624808,45.429581048902222],[-122.264769185111675,45.433236930682241],[-122.231335394783613,45.443407661559291],[-122.228824708937509,45.444952602794658],[-122.226263131441215,45.445674662214572],[-122.22172346052416,45.449320205690981],[-122.210564608928635,45.455575990594305],[-122.208143665643377,45.455856725475122],[-122.205206184104739,45.456245212254657],[-122.18736492276669,45.465120665251746],[-122.170756697932674,45.473282176972667],[-122.147747740395857,45.484715005737662],[-122.126367692011215,45.495318555857033],[-122.126196188768731,45.495403312164306],[-122.11666363141822,45.499838884163822],[-122.116523330943892,45.49990980049062],[-122.1161019559529,45.500100061661122],[-122.112616294480716,45.501837164842684],[-122.109387305865098,45.503418654248939],[-122.106821250849976,45.504703724298302],[-122.10216429461839,45.507056924854865],[-122.09413681630231,45.511007850569094],[-122.086256148354494,45.514914413016818],[-122.076744354947223,45.5195993051437],[-122.066059200902316,45.524867878149081],[-122.05237376969302,45.531674216178146],[-122.039996683279611,45.537823826120018],[-122.027276315330454,45.54403082559071],[-122.024225863576703,45.545588541000683],[-122.018065606537988,45.548640645780957],[-122.011320057669124,45.551996091111967],[-122.006467906792295,45.554403829635788],[-122.000745928858393,45.557194974794562],[-121.998742561342468,45.558176518401147],[-121.997243492042458,45.558937445962755],[-121.995729036702883,45.559662206047982],[-121.994284841929172,45.560396585555942],[-121.992817716945581,45.561112723873492],[-121.991357402817954,45.561846911419238],[-121.989583695150344,45.562691301158182],[-121.987540287221989,45.563730324849729],[-121.985997301632807,45.565572627226629],[-121.984598355697088,45.567340601924037],[-121.982718508192804,45.569736140586315],[-121.981859664540323,45.570853621161056],[-121.980970369861524,45.571970793369609],[-121.980065012434892,45.573087847756923],[-121.978972444935735,45.574410235238851],[-121.977856456530318,45.575741400949255],[-121.977068112653214,45.576715450014362],[-121.976155063320888,45.577895388735826],[-121.975405207136845,45.578820272347393],[-121.974577738942372,45.579915464001729],[-121.973743132232613,45.580961095027526],[-121.972868746199737,45.582033339898139],[-121.971627144278571,45.58342632408705],[-121.970393296503417,45.584828353234279],[-121.969339065396483,45.586132987351967],[-121.968285135705912,45.587374616105137],[-121.966582894521963,45.589492456743656],[-121.964840594741432,45.59003471718232],[-121.963144749773079,45.590532387597527],[-121.961425995258239,45.591011804057096],[-121.959660231792341,45.591517767284529],[-121.95801175132253,45.592006793030521],[-121.95479939228882,45.592798060490345],[-121.952971313816818,45.593400809414305],[-121.950203243620706,45.593937460798735],[-121.947691491625534,45.59550185190718],[-121.942664677242448,45.598514543549015],[-121.94168579914016,45.600472181268216],[-121.941960150604672,45.604102236464101],[-121.942294745802343,45.607937692203308],[-121.942833549737585,45.612595226549985],[-121.942877109640406,45.615068501563726],[-121.944629091682316,45.619775461843545],[-121.944087319292706,45.623067669509815],[-121.943782440024307,45.624823707565852]],[[-121.948111960872097,45.637915677745148],[-121.945336620131684,45.635406371860412],[-121.94388997267329,45.634058876482619],[-121.942287174984742,45.633270575115816],[-121.942813947798399,45.630931370628396],[-121.943298872782208,45.628244025222969],[-121.943801119450526,45.624836360387462]]]}},
{"type":"Feature","properties":{"OBJECTID":4249.0,"FENAME":null,"MILES":null,"Source":null,"Edit_date":"2020/03/19 10:51:43.000","GlobalID":"15727fee-9bb7-4143-a2e7-e5539f7f4c4f","CartoDispl":1,"Shape__Len":160199.5235285302},"geometry":{"type":"LineString","coordinates":[[-121.941604801149879,45.349522853021718],[-121.942219918726522,45.34789706866632],[-121.942109919846629,45.347361687890221],[-121.94234764711733,45.346719761646519],[-121.942861892536499,45.346023287875191],[-121.942692468691689,45.34358873833029],[-121.943557201923568,45.343867687961755],[-121.952994453833455,45.345377527921109],[-121.952928395739846,45.344671211403899],[-121.954486433786442,45.34465175059124],[-121.954546212284455,45.345588179492132],[-121.957241682282415,45.346116766639277],[-121.969258529988565,45.34973995733769],[-121.975186722429456,45.35146265178598],[-121.990215589514946,45.357465114326857],[-121.995135256311841,45.359387147520117],[-121.998281035195731,45.360931386052336],[-122.006769003173119,45.366197863880949],[-122.013091543431102,45.369949805769998],[-122.016189399264533,45.371008575172361],[-122.02273675051724,45.372695284444397],[-122.024258180658165,45.37309285553097],[-122.025066921645887,45.37350825951961],[-122.032505743751742,45.375515022717245],[-122.034409940870432,45.375754070488213],[-122.036076767185733,45.376158092764491],[-122.037778653321212,45.376970579948861],[-122.041504144209284,45.377960758409991],[-122.0449490844628,45.378852301779489],[-122.048584295386448,45.379621938365574],[-122.04934632622394,45.379637365854187],[-122.050096283540356,45.38010449878734],[-122.060714790538739,45.379809373047308],[-122.06334284260366,45.379535579932281],[-122.069784754807614,45.377693864601731],[-122.079008133670612,45.37635086876255],[-122.080131254190363,45.376310079878003],[-122.081191627199516,45.376184933096518],[-122.083161790415971,45.376175213842394],[-122.090049770136361,45.376524435676039],[-122.093359513938594,45.376871128492894],[-122.094630227545935,45.376921899439239],[-122.098623565328396,45.377506162653205],[-122.100961248488616,45.377670017636383],[-122.10261249875019,45.377928470177444],[-122.105364861225127,45.37822285117462],[-122.10822649507061,45.378098181422921],[-122.11132504239508,45.377365247424123],[-122.11411214444928,45.376304268979297],[-122.124296101339311,45.372618396443407],[-122.13469787957159,45.369414192216496],[-122.14061879550114,45.367643973013429],[-122.141856484213449,45.367387971223849],[-122.143095612243556,45.367183055961846],[-122.14951642083723,45.366853735027298],[-122.158264184576637,45.366746554666484],[-122.160953343323797,45.36737280433433],[-122.167266333238985,45.368756583177529],[-122.17426511961753,45.370436893146099],[-122.176098222305498,45.370708733460482],[-122.183075145395748,45.371204534987385],[-122.186809859572577,45.372019563255151],[-122.194733168583085,45.373864185842329],[-122.200212229410127,45.374789719177308],[-122.203721930894403,45.374925881873523],[-122.212248538179736,45.375064984119739],[-122.218987407318068,45.375655867790698],[-122.221550461303096,45.376069587034877],[-122.223211588141893,45.376641439453557],[-122.224604975927363,45.377558040019153],[-122.226757498645057,45.380414497847028],[-122.227491846398934,45.381119306611112],[-122.234128087543183,45.385919819606684],[-122.241037525367645,45.3905199142567],[-122.248564523662836,45.395110339646784],[-122.251480814169796,45.396370123140557],[-122.253394349153552,45.396861067825512],[-122.257230684861298,45.397348556440022],[-122.258156800714659,45.397181220007646],[-122.269768501419861,45.397243966409427],[-122.270593610404759,45.397333671247928],[-122.270559900422199,45.398725867178946],[-122.270715068211942,45.399325552183583],[-122.272662847687002,45.403291902677736],[-122.273362154129416,45.404797853330336],[-122.273209237096395,45.40730511151606],[-122.273664793626594,45.411115209174042],[-122.273342296362543,45.412432220575255],[-122.273058147500137,45.413816807063768],[-122.273560017906476,45.41479750579019],[-122.27258644687096,45.420921242932096],[-122.275389829215371,45.42632291476383],[-122.276257158816961,45.429186789354439],[-122.275736212777161,45.432477650112837],[-122.275012729091188,45.434925403708142],[-122.274992485378519,45.44135833494181],[-122.274974115913125,45.442730337428387],[-122.282035905789186,45.447623860341992],[-122.29041054359304,45.454217848106481],[-122.302374187680613,45.457041110647324],[-122.30574899442712,45.457338222470284],[-122.305727512781061,45.468269693489759],[-122.321457930406524,45.469081581251629],[-122.327546461695107,45.469395304234091],[-122.343529493446866,45.470253962536951],[-122.352472333396832,45.470722994798457],[-122.372911372447774,45.471782838167307],[-122.378972483054739,45.472170059940204],[-122.381744129363227,45.47308508442751],[-122.389586480699734,45.479899204212636],[-122.398683917168157,45.487942901054872],[-122.407176458823272,45.49554016552036],[-122.40806037706227,45.496010411468539],[-122.411266900150707,45.499046579743286],[-122.411836590033275,45.499029306112824],[-122.414045401777344,45.500426495557264],[-122.414188193854116,45.500475771298255],[-122.414288767306601,45.500954565952419],[-122.414690740213842,45.500816941518529],[-122.417485677728777,45.501783559965268],[-122.417442665680895,45.500754388071314]]}},
{"type":"Feature","properties":{"OBJECTID":44.0,"FENAME":null,"MILES":5.12457792,"Source":"Orthoimagery and lidar","Edit_date":"2020/01/28 08:38:49.000","GlobalID":"f71ad44d-5e25-48c0-9cf9-8b95696a8415","CartoDispl":12,"Shape__Len":160246.19393443473},"geometry":{"type":"LineString","coordinates":[[-122.775753794009233,45.328794865156674],[-122.750616003588604,45.32885262408962],[-122.733600083407239,45.319959033787789],[-122.70611152665731,45.319935228155352],[-122.678884606098833,45.319905248953496],[-122.671796130297537,45.31831301259254],[-122.657355920706365,45.317183858807674],[-122.638532016890579,45.317127379097293],[-122.623130525158444,45.316980224588896],[-122.61190188133564,45.316936382198222],[-122.608966355022076,45.314188930616481],[-122.595528847689863,45.313546422094888],[-122.585854510059548,45.313100782180975],[-122.580535264008674,45.316387677995728],[-122.575645338584494,45.319029545209837],[-122.567785245122153,45.323729468270955],[-122.563098375837257,45.323704877072721],[-122.558205466725013,45.326405295400825],[-122.52577900826185,45.32650017233356],[-122.516881368221178,45.332170050558375],[-122.507780048266582,45.329163003109571],[-122.500256221054102,45.329444625756395],[-122.49028277417429,45.328931442606162],[-122.483877690042206,45.332089094897036],[-122.470245951948385,45.337925834961624],[-122.435547459782981,45.35682446124617],[-122.420851874641642,45.357039751205633],[-122.394177068535811,45.361594913824362],[-122.38899532411736,45.3646749733186],[-122.378111435487156,45.369933118407822],[-122.374908630753652,45.371506323005924],[-122.371538938900812,45.372894064571483],[-122.367512230729886,45.374669905563096],[-122.362012898746926,45.377020280393715],[-122.359271890709039,45.378207135414605],[-122.35678082255923,45.379288729962482],[-122.354788824754976,45.380130138329172],[-122.351423837206013,45.381561680046765],[-122.342275770844594,45.385449554454894],[-122.334866815800552,45.388643794264382],[-122.322005216950103,45.383061758138474],[-122.312567068036188,45.379003649240971],[-122.30815916676633,45.377111130369997],[-122.30528981155453,45.37588064647931],[-122.301061298989794,45.374069530407276],[-122.292144614464547,45.3740877269667],[-122.286596874548906,45.374110098760738],[-122.285432611464415,45.374837654466141],[-122.284132102712206,45.375612472339412],[-122.282641493481108,45.376482457097325],[-122.275359244995627,45.376677228246251],[-122.254597757806707,45.377296051670072],[-122.249331056640159,45.377437192571833],[-122.234804828424231,45.377863983653882],[-122.230446552875677,45.377990719581334],[-122.221581248863316,45.38041066058905],[-122.21554400217218,45.382116115790105],[-122.206376848692855,45.387911565463384]]}},
{"type":"Feature","properties":{"OBJECTID":184.0,"FENAME":null,"MILES":31.75778522,"Source":"100k and 24k DRG","Edit_date":"2019/10/11 08:05:51.000","GlobalID":"39c24269-94f7-45e9-a162-a0f5fda6190a","CartoDispl":1,"Shape__Len":167681.44164738856},"geometry":{"type":"MultiLineString","coordinates":[[[-122.802796008694756,45.60972425826634],[-122.803194888343228,45.610433508411568],[-122.806340142735252,45.612711964050384],[-122.807915546130261,45.613918088262821],[-122.811310768144949,45.616726228818479],[-122.819052178604181,45.624830606110997]],[[-122.84486172732764,45.644054047710696],[-122.843281263728912,45.642926785170907],[-122.837905249435082,45.639066869532265],[-122.835331057500255,45.637263002814798],[-122.829831269522558,45.633335044857979],[-122.824136569688619,45.629420010000203],[-122.820679648084152,45.626741355817231],[-122.819044954345998,45.624830580989439]],[[-122.910934223290397,46.02534839272375],[-122.907947559253884,46.020843063139132],[-122.889331753812158,45.995160094412206],[-122.892735598002034,45.982032798931833],[-122.893056547782948,45.974990515934145],[-122.897723567761801,45.949631017564244],[-122.89683868739138,45.874662837981013],[-122.896479609140727,45.859294903007402],[-122.896102595962205,45.848707292148731],[-122.903074037585355,45.840922772134668],[-122.906847429965467,45.833781856002659],[-122.914181017709382,45.820126067311733],[-122.916419512608016,45.815956383183213],[-122.91700127891005,45.807540933841757],[-122.917524006886936,45.798761277273471],[-122.919274892845806,45.795375943817781],[-122.918302587603137,45.792960170732677],[-122.914682825899391,45.789167851031877],[-122.916586788404246,45.780116072628672],[-122.917208646642095,45.763874385624753],[-122.921426367875526,45.756083919984022],[-122.916544377359003,45.747050063242682],[-122.916527372333562,45.738890170343645],[-122.916515440769743,45.729816653695295],[-122.90685276804534,45.717622754362523],[-122.893078159385581,45.70520763451961],[-122.887479111190459,45.700145523672852],[-122.88746688197071,45.696187378647579],[-122.887365382614774,45.67804158334912],[-122.887575804524275,45.661655322799653],[-122.885931560093695,45.660227247438627],[-122.868166057299788,45.653249638086173],[-122.844998100939108,45.644094037715973]]]}},
{"type":"Feature","properties":{"OBJECTID":1462.0,"FENAME":null,"MILES":1.05973423,"Source":"Orthoimagery and lidar","Edit_date":"2020/01/27 16:17:55.000","GlobalID":"46b65ead-c24c-4a60-a6cc-bae030cfed40","CartoDispl":12,"Shape__Len":173795.93441345298},"geometry":{"type":"LineString","coordinates":[[-122.655755123151579,44.806058435704848],[-122.654322789775136,44.806051291313736],[-122.634796360216171,44.800511661005181],[-122.622025629723026,44.800770229491121],[-122.601288857557705,44.80658716517712],[-122.562431902181189,44.807984049466313],[-122.535655750110337,44.815091625649039],[-122.527926840182758,44.817164433218132],[-122.495276431419882,44.825876395263123],[-122.475329549319881,44.825082796784443],[-122.444906898224971,44.843951643754437],[-122.404903159972733,44.86110358765751],[-122.391895363788365,44.870832317319952],[-122.385472343164324,44.877398024886503],[-122.363002166378763,44.888531061147312],[-122.359759036239737,44.89777633362803],[-122.351621815591514,44.900239452056397],[-122.334205395605565,44.914264060330865],[-122.298669677508002,44.924576343067109],[-122.282836488702628,44.92770554861481],[-122.263492261535447,44.933537297214428],[-122.259618549491634,44.93993127511996],[-122.254320557431129,44.949666254147907],[-122.237607260177143,44.951170661925069],[-122.226873090311983,44.957310699904667],[-122.197604543612087,44.959543697588956],[-122.145568443820522,44.968618556430194],[-122.118417439656426,44.978131726350412],[-122.085240366987946,44.999873773914771]]}},
{"type":"Feature","properties":{"OBJECTID":60.0,"FENAME":null,"MILES":34.3891788,"Source":"Orthoimagery and lidar","Edit_date":"2020/01/27 16:25:35.000","GlobalID":"3c0095b5-7755-4e25-ba0d-d97c35329f8e","CartoDispl":12,"Shape__Len":181543.18274603758},"geometry":{"type":"LineString","coordinates":[[-121.426271264683052,45.097132900249633],[-121.442067582597247,45.090951132973579],[-121.451408357743802,45.090387162211378],[-121.552841855685884,45.081787998804593],[-121.588244445276757,45.081949062128714],[-121.645481799037867,45.058076946636227],[-121.70460400563843,45.04726920601238],[-121.750721732312087,45.04405050593617],[-121.788190506473057,45.041716360779851],[-121.824540155062977,45.039351865510866],[-121.85409261051332,45.037365846975383],[-121.875936304260023,45.034161255483312],[-121.913950899819213,45.028615600820139],[-121.93172210340903,45.013041367066201],[-121.978087450115112,45.014195626564579],[-121.988893098863088,45.00918660221442],[-122.006420792391467,45.007160419408422],[-122.02584180228753,45.017210278757283],[-122.037279706327013,45.020779706071004],[-122.043432894036727,45.018656266951524],[-122.047311371604522,45.017302625395089],[-122.054013529788463,45.014961645130334],[-122.057676067427593,45.013692083610486],[-122.065427835226615,45.010967880814874],[-122.071274038635281,45.008857167804763],[-122.074838493575456,45.006763997113687],[-122.075582583171624,45.006275103118007],[-122.077958584778088,45.00471213352202],[-122.080767972366175,45.002887003868949],[-122.085368686278812,44.999838998523103]]}},
{"type":"Feature","properties":{"OBJECTID":3870.0,"FENAME":null,"MILES":1.48145901,"Source":"Orthoimagery and lidar","Edit_date":"2020/01/28 16:27:46.000","GlobalID":"793a9482-984b-4210-864f-f8f6b1b05d0e","CartoDispl":100,"Shape__Len":183238.20903977391},"geometry":{"type":"LineString","coordinates":[[-122.948817746451596,44.930599398285644],[-122.947729387513803,44.930614877047169],[-122.946533200322492,44.931368290108949],[-122.917012400802435,44.931148526955027],[-122.899941907873341,44.945335652260553],[-122.898840846545241,44.956037442351338],[-122.898538832133625,44.958594665700886],[-122.897322797265275,44.970403825229717],[-122.897102970987902,44.972133108898049],[-122.88691102478478,44.987577208617786],[-122.879425288692588,44.998843897224013],[-122.875719947975597,45.004484431879128],[-122.862844784531276,45.023575872341993],[-122.852229321757633,45.03312724966348],[-122.848557597381415,45.036397866046002],[-122.845451759776367,45.03980150528907],[-122.839870835357203,45.047101910205846],[-122.831319418731496,45.058207390084824],[-122.827280733974064,45.063539050665533],[-122.825035860138399,45.066396013993746],[-122.821991772678743,45.070397832638626],[-122.820528297461351,45.072336071370685],[-122.810363702786688,45.080015786427175],[-122.806103934805606,45.083260457548469],[-122.802446647479641,45.086008535355965],[-122.800178026904987,45.087745563292764],[-122.798184856392638,45.089224008123431],[-122.797695763685695,45.092603166763872],[-122.792038122528368,45.100307314707933],[-122.790599516743043,45.102143396297322],[-122.788073135266373,45.105656729635903],[-122.786685284337352,45.107491751465474],[-122.779769369139757,45.111048021864669],[-122.77515346874867,45.115766917505191],[-122.760167648283527,45.126666711018665],[-122.754438298008139,45.130860824572032],[-122.746927355599439,45.141821240331446],[-122.742396965787421,45.148374203618722],[-122.738239655226664,45.154425880021989],[-122.729116702328881,45.16769358447678],[-122.725581527410981,45.172825829171067],[-122.724138005294066,45.174909785395677],[-122.721298650039898,45.179004882624824],[-122.71921531276142,45.180966319448466],[-122.715042054099854,45.184727565413944],[-122.709005460184613,45.190257120888155],[-122.705091225464358,45.193851411805859],[-122.70164241731753,45.197005726619544],[-122.701745320535409,45.197097251857976],[-122.696326622146472,45.201847432430128],[-122.692963674488794,45.204945961049823],[-122.689193678308158,45.208375304512607],[-122.681997343349366,45.214948774177309],[-122.678104146978939,45.218514717288954],[-122.670721892157147,45.225279454644365],[-122.668706668978814,45.227112900703915],[-122.668727182790605,45.232616260029786],[-122.664575337669518,45.235917515408957],[-122.662218662827968,45.237811063162042],[-122.658703078175193,45.240668882079873],[-122.655530437070738,45.243188004803052],[-122.653359693505223,45.244970158697221],[-122.646658115868291,45.250373726725186],[-122.643168207193582,45.253966824298963],[-122.639692558450065,45.257613414296721],[-122.634111800081101,45.263489375757452],[-122.632922942647838,45.264696393637465],[-122.628540310591248,45.269302012276192],[-122.622360443031042,45.2765889775619],[-122.619518487274036,45.279900075885593],[-122.613482011325047,45.28699532656897],[-122.607511948051098,45.289662581086105],[-122.595269613696374,45.295127277597345],[-122.587970654377344,45.300609104002902],[-122.58200382967506,45.305098174582824],[-122.57253873985691,45.312234444335175],[-122.570840294473001,45.312776458400045],[-122.561168789082842,45.324030253428518],[-122.558817652322389,45.325129299867278],[-122.558807069709317,45.32662977049948]]}},
{"type":"Feature","properties":{"OBJECTID":4.0,"FENAME":null,"MILES":38.35376852,"Source":"Orthoimagery and lidar","Edit_date":"2010/12/30 16:00:00.000","GlobalID":"5c4b4d06-5c42-4aed-b820-5c5882bfb6d1","CartoDispl":1,"Shape__Len":202508.30273524817},"geometry":{"type":"MultiLineString","coordinates":[[[-123.032231589889108,46.090110384750105],[-122.977578180599039,46.089754227098972],[-122.975791838836088,46.089278102162275],[-122.960494517288552,46.08523233750504]],[[-122.960504333237523,46.085228662099958],[-122.953910403431834,46.083474628831148],[-122.948895928413876,46.082142080358992],[-122.946692044960741,46.081570078426992],[-122.943543698590588,46.080719148369354],[-122.938787514820731,46.079467588055131],[-122.930182910486565,46.077188129805947],[-122.92573405602549,46.060611282207645],[-122.920154714521843,46.040556382871273],[-122.919285154394828,46.039249225046539],[-122.907430051682766,46.021421310059459],[-122.874492805287503,45.975237759433654],[-122.870963885766542,45.953937917038438],[-122.851272130414941,45.928521418706808],[-122.84701095288078,45.925449388163983],[-122.842374966145911,45.918372769743726],[-122.827174524788404,45.895390187734804],[-122.833611833441012,45.870713546848073],[-122.834988142165628,45.86411728435295]],[[-122.834968496738057,45.86403370327394],[-122.835395473394271,45.862105152922595],[-122.836869573530834,45.861723023999375],[-122.838839525063605,45.861214092520633],[-122.841430532747466,45.860543941097923],[-122.843001405443658,45.859853970740758],[-122.844324485442684,45.859273152497714],[-122.845879465918898,45.858556022710324],[-122.848439778076624,45.857375109856854],[-122.853423520259227,45.855074812909436],[-122.857179512721117,45.853343084406482],[-122.859156493364097,45.852323801019139],[-122.859912623789697,45.851990079967827],[-122.867186469727102,45.848647774007375],[-122.8676814908126,45.848421099145106],[-122.868458503390357,45.848043013829091],[-122.874349555989156,45.845185844528388],[-122.876216550436396,45.844468162810195],[-122.882587522079746,45.84143180877625],[-122.885817896630058,45.839889792596324],[-122.888547668873642,45.83858793460557],[-122.888577587958139,45.837073842617926],[-122.888689534817416,45.835415095615346],[-122.88870263189645,45.835216993088409],[-122.888759579065749,45.834369943319942],[-122.888484683234338,45.825710875863713],[-122.888414595742901,45.823484914191788],[-122.88844452816555,45.819155024359837],[-122.888455469344947,45.817615602226532],[-122.888379597194216,45.813353003368384],[-122.888321477776586,45.810099846188997],[-122.888314703684756,45.809701889161282],[-122.888624752943599,45.805823690923404],[-122.888652517462432,45.805483658895575],[-122.888500493736188,45.801965622653825],[-122.888459593317819,45.801029681614978],[-122.888450695930729,45.800798067294444],[-122.887732567676935,45.794782610710271],[-122.887371487196063,45.787802508802109],[-122.887397636573496,45.785177817399465],[-122.887489426207665,45.783595896857378],[-122.887554410977245,45.782482912135436],[-122.887626716774122,45.781239822901824],[-122.887679701340758,45.780339676420439],[-122.887772528767101,45.77934270811889],[-122.887900396124451,45.77798051899439],[-122.887791640958312,45.773166769953924],[-122.88860543103128,45.771968588010644],[-122.888897442447373,45.771537784605876],[-122.889318308056403,45.770918521871138],[-122.889570392994273,45.770547506829729],[-122.890961606817541,45.768503609610946],[-122.892018503987899,45.766951706703097],[-122.892153342740116,45.766753853216684],[-122.892493443582921,45.766255876674364],[-122.893683321812745,45.764546588094767],[-122.894590377476717,45.763247008367344],[-122.896053396631132,45.760953653747812],[-122.897442578385423,45.757257601135777],[-122.89794464262647,45.755718720920406],[-122.898368522903823,45.742258730953644],[-122.896836400777971,45.736913674418268],[-122.878221374888469,45.71281807571274],[-122.878160243361208,45.695169770826595],[-122.875112101475651,45.689313446049965],[-122.876022893699485,45.680570780616186],[-122.874454014245032,45.677766697665149],[-122.872964500897211,45.674327171110477],[-122.871826643840947,45.670357475364881],[-122.869103929827787,45.667784305579247],[-122.866724537441343,45.664662659380333],[-122.865132799302714,45.663012249354296],[-122.858517674238357,45.656507732281753],[-122.854778133024155,45.652236165263744],[-122.849611528443489,45.647466678760068],[-122.844922637649674,45.64405291721318]]]}},
{"type":"Feature","properties":{"OBJECTID":187.0,"FENAME":null,"MILES":38.93405403,"Source":"Orthoimagery and lidar","Edit_date":"2020/01/22 08:51:33.000","GlobalID":"9c8d4aaf-ee20-4e3d-9574-2c22b43f0390","CartoDispl":1,"Shape__Len":206201.21030021674},"geometry":{"type":"LineString","coordinates":[[-123.797468587021214,45.466513751430256],[-123.795550140772065,45.466360707449525],[-123.795598650770145,45.46342476550447],[-123.795946472537821,45.446097972725163],[-123.795989604823191,45.444634857956792],[-123.790533555659138,45.442221780841791],[-123.79093660823716,45.426628615945603],[-123.790756931802065,45.422140995375884],[-123.793720680860261,45.414177143595154],[-123.784939611242791,45.410979884605638],[-123.781568049503221,45.410022616810615],[-123.779452563644981,45.409045755377456],[-123.779432818106173,45.406194312162228],[-123.771284518864036,45.40404321531355],[-123.748790565994625,45.401184707764024],[-123.733011230970803,45.399083947522101],[-123.728315018292307,45.398822002929528],[-123.723616305248001,45.398060766159347],[-123.715837287675612,45.395601650029427],[-123.71193122805073,45.394069277334253],[-123.709055246985045,45.392401437448882],[-123.704054163544015,45.391647751649515],[-123.696105254722994,45.388371951307541],[-123.690889378594804,45.38509208393134],[-123.683842698994312,45.380771419490692],[-123.680390087908407,45.378697666777811],[-123.678047747176336,45.377445272949124],[-123.67363630100553,45.374985816011943],[-123.66777967427079,45.375140061151697],[-123.661354547217954,45.373073347201242],[-123.658224038273005,45.370235548548564],[-123.651909429599343,45.36599365815281],[-123.644119378307607,45.364896839750067],[-123.631354443253912,45.364677718932363],[-123.625195579175625,45.362800094862983],[-123.618802741037598,45.361291906019382],[-123.599470343371578,45.359867689677692],[-123.588961514910338,45.360503352594201],[-123.566343506143028,45.358105231352148],[-123.563008884931563,45.358021242162593],[-123.556961863308757,45.358867391067768],[-123.549756769014181,45.358047681544562],[-123.539061951707737,45.358899070405265],[-123.531055469330127,45.358170630309672],[-123.507203493509095,45.35672345779259],[-123.48827644214677,45.353149773485733],[-123.481596214210214,45.352748471299904],[-123.459494438031854,45.350701089298539],[-123.44180032652821,45.353123266132627],[-123.419090547214608,45.354546679179606],[-123.411891144308413,45.349024141877528],[-123.409186491474472,45.347093283151544],[-123.373405686085732,45.337310207372489],[-123.355868929286771,45.334621160478186],[-123.341136785579678,45.328311514919264],[-123.330230484735296,45.321275756025798],[-123.323135873743098,45.319791470814955],[-123.316246993053142,45.313914531868605],[-123.301571277070678,45.306300360946558],[-123.281784782751046,45.298830358137195],[-123.274134450745592,45.296856713492332],[-123.269260204371392,45.293248474880897],[-123.264720593612878,45.290590387168535],[-123.263855333899812,45.286209026046123],[-123.240454793146455,45.276038033991732],[-123.232246830859225,45.276062255845666],[-123.228689405688115,45.273793589680366],[-123.216369704242496,45.27371683980946],[-123.211735907857005,45.271278069319962],[-123.197622220186375,45.271043920775092],[-123.191542711144635,45.273095821347233],[-123.178289161840311,45.273146618055598],[-123.173917690688384,45.27168334040767],[-123.163497580288578,45.27142619790402],[-123.154679642112768,45.271524523076152],[-123.154473738321116,45.281456797193975],[-123.152270558747091,45.281252985298117]]}},
{"type":"Feature","properties":{"OBJECTID":1353.0,"FENAME":null,"MILES":1.48145901,"Source":"Orthoimagery and lidar","Edit_date":"2020/03/19 10:53:53.000","GlobalID":"93836216-80c3-4e43-ba39-ebca69834fcf","CartoDispl":12,"Shape__Len":216315.22712987126},"geometry":{"type":"LineString","coordinates":[[-122.559591146562852,45.325234689642805],[-122.557951849025201,45.326039654151081],[-122.525575744848936,45.326136758449145],[-122.516751560171386,45.331824591578616],[-122.507766873814361,45.328783118005425],[-122.499365972292281,45.329022797868248],[-122.494968218236906,45.328851206604199],[-122.490246705742507,45.328665981408527],[-122.483510835651558,45.33181237521854],[-122.469945283509688,45.337605089697512],[-122.435367121706463,45.356508450361609],[-122.420632116618364,45.35670318266866],[-122.393931843480274,45.361310769929077],[-122.388939884901689,45.3642509506099],[-122.377814948035237,45.36964617843433],[-122.374656796840611,45.37123306701946],[-122.355626192991025,45.379372620222632],[-122.334888532318971,45.388266451737941],[-122.332365223822762,45.387184557800381],[-122.324234953308775,45.383672285633885],[-122.301224884884562,45.373712368325897],[-122.286239419503147,45.373849610086303],[-122.283681137649594,45.375418298545078],[-122.282468604423599,45.376142669207724],[-122.254597711100743,45.376960286438688],[-122.249327663728195,45.377101479266237],[-122.23450747994147,45.377525503601632],[-122.230341449365085,45.377639848840872],[-122.219128359996517,45.380739346014494],[-122.21581276067144,45.381468133216188],[-122.209084270649555,45.385741859590127],[-122.206187652536585,45.387628064119347],[-122.203796710260477,45.387557844659234],[-122.147836921161684,45.387612311501563],[-122.120797227902756,45.388114343510296],[-122.109206916179261,45.388318546344372],[-122.103271393314429,45.388329729636006],[-122.085827347411097,45.388362376629175],[-122.081467448946356,45.388370556197728],[-122.065827520608963,45.388471706477624],[-122.053496271276373,45.388595654387458],[-122.032678338512454,45.386342169321331],[-122.019727333161228,45.384862517070772],[-122.01412311695853,45.384222617923896],[-122.011891315475751,45.383967347393607],[-122.009188498102915,45.382899321412488],[-122.004014575151857,45.380859189725335],[-122.001190454617387,45.379746254618269],[-121.992063829813418,45.37595050112715],[-121.989392666021928,45.374836369417011],[-121.987760717550401,45.37415533389018],[-121.986808658529256,45.373758085791415],[-121.983810258521359,45.372509120488203],[-121.973319358473645,45.368134062245161],[-121.971621201590722,45.367426214719131],[-121.971454258801018,45.367356326044863],[-121.962720154757989,45.363788565251753],[-121.958484479511597,45.362058346121103],[-121.955244844729719,45.360595308910959],[-121.926255692084467,45.371167568912369],[-121.925006568071367,45.371606657385996],[-121.923580428387751,45.372107568143853],[-121.918403452664933,45.373915553064244],[-121.915816038361328,45.374835564748139],[-121.905735551347576,45.378067237478511],[-121.886068061466915,45.381853510833558],[-121.883716138450723,45.382272368741603],[-121.879778751480259,45.382975689741592],[-121.876188838530737,45.383615795985925],[-121.874423540702367,45.383930828766729],[-121.87429004533486,45.383954346642192],[-121.871866780734479,45.386325794656621],[-121.865472819230106,45.392579878417045],[-121.864087129089299,45.393941553352882],[-121.863865972130242,45.394158782347624],[-121.863478136963764,45.394541501818672],[-121.856994767547022,45.400888707815582],[-121.854902065544636,45.402026025885789],[-121.841954986184106,45.40907065218861],[-121.837142244743148,45.411688579636383],[-121.833860121356707,45.413474142323949],[-121.829650068312247,45.41576392619838],[-121.822958221840096,45.419403846589994],[-121.817946115533289,45.422129840901853],[-121.813074394434381,45.423693776898176],[-121.802577303436891,45.427064981045042],[-121.80229210142123,45.427156979970775],[-121.799660280511759,45.427990022342506]]}},
{"type":"Feature","properties":{"OBJECTID":1438.0,"FENAME":null,"MILES":42.37624927,"Source":"Orthoimagery and lidar","Edit_date":"2020/03/19 10:53:43.000","GlobalID":"f81fc204-7e03-4b71-a1c6-a2806d69ec3c","CartoDispl":100,"Shape__Len":223750.28262886833},"geometry":{"type":"LineString","coordinates":[[-121.456596535184971,45.537685898627288],[-121.527425170960257,45.528174680749203],[-121.548302875014201,45.526942057184534],[-121.555325568150934,45.526617038861822],[-121.555340663274819,45.52649514322254],[-121.567520229860733,45.528703987254403],[-121.5749938618127,45.52840106174331],[-121.580601241359787,45.530431415121384],[-121.604616399414994,45.530438141278701],[-121.61318973103559,45.531011218356987],[-121.621480730416209,45.531087161303262],[-121.62829192282878,45.527466159418701],[-121.681006042326487,45.526838538801165],[-121.701310473928856,45.524340625241202],[-121.716262464117776,45.516905315714759],[-121.722710929106981,45.51367206715517],[-121.724867283885061,45.512267845087813],[-121.762060126246453,45.487066829237506],[-121.793526493438591,45.441006300001419],[-121.790885008694517,45.431619946776067],[-121.818474135072506,45.422368499681426],[-121.857479805041166,45.401198577237722],[-121.874717227456884,45.384340184322312],[-121.907319025286952,45.378202264235256],[-121.925606941277834,45.371845660687491],[-121.955086267442951,45.361035832972505],[-122.012114743449217,45.384390653807252],[-122.053466116837683,45.388941489605315],[-122.108122780829376,45.388757177265276],[-122.14977461584256,45.387911141855461],[-122.182494086718634,45.387932635254089],[-122.20427928090578,45.387913613215659]]}},
{"type":"Feature","properties":{"OBJECTID":1360.0,"FENAME":null,"MILES":0.98136131,"Source":"Orthoimagery and lidar","Edit_date":"2020/01/28 16:27:44.000","GlobalID":"af630eee-91bd-4f66-9bdf-ce93d53f6a1b","CartoDispl":100,"Shape__Len":232342.46775222939},"geometry":{"type":"LineString","coordinates":[[-122.948715612366456,44.929885216101646],[-122.947019250895622,44.929913573713378],[-122.947026001929885,44.928548286536682],[-122.941801304118513,44.925458827148688],[-122.931189776856257,44.917299386464087],[-122.913988584882006,44.908329155333945],[-122.903073150320424,44.904131978386459],[-122.879179144702917,44.902497853147899],[-122.857001273847658,44.890561760084644],[-122.856229420932721,44.890144594707536],[-122.853922341420386,44.88889769582795],[-122.850482268960164,44.887039524677682],[-122.843746443930641,44.883323742829162],[-122.843074356413524,44.882952836566943],[-122.828363088726007,44.874837019748469],[-122.822359184886338,44.871525163718879],[-122.816928315552659,44.868528746308165],[-122.811265302024665,44.865405010823274],[-122.810818247729159,44.86515770672964],[-122.810287136016129,44.864864748385635],[-122.792472063344405,44.864850898410339],[-122.791511159292625,44.864849748619569],[-122.780842166440806,44.864838118574788],[-122.77588402970575,44.864832060502415],[-122.764927200828296,44.857756023317847],[-122.762648262161605,44.856285188059196],[-122.753539103978795,44.850405758585914],[-122.75119411049134,44.849327056520885],[-122.73328053362404,44.842302249309867],[-122.697229689442253,44.825314004803559],[-122.657605461892416,44.806550428505055],[-122.654429615493498,44.805648918459205],[-122.63490176905853,44.800099978981706],[-122.62584702429389,44.800257796684896],[-122.609710309699395,44.797019176576754],[-122.578236671803808,44.795189777727821],[-122.56979177238361,44.789119667707155],[-122.560734766814818,44.779880648796457],[-122.523200155460444,44.770857408200712],[-122.517998509306992,44.770730296606132],[-122.441268950118896,44.772422711704962],[-122.409036380859433,44.779194555089099],[-122.369203715687746,44.782073198300445],[-122.3589230645822,44.781126237590556],[-122.345216073680291,44.782545168168788],[-122.337597178540733,44.780643966884114],[-122.311951207344691,44.781523992465338],[-122.277402729149529,44.779660489259591],[-122.269599211996095,44.77717141475744],[-122.263468669354708,44.773994070519961],[-122.260224392137914,44.773225097473919],[-122.234117054876549,44.762630377748046],[-122.230138059531953,44.764404862885321],[-122.224782484141699,44.763504494627611],[-122.213074910923041,44.768383055780532],[-122.19559194268804,44.769095884032879],[-122.167274938214518,44.763231482649466],[-122.149738864457575,44.747474513808328]]}},
{"type":"Feature","properties":{"OBJECTID":1367.0,"FENAME":null,"MILES":51.23088024,"Source":"Orthoimagery and lidar","Edit_date":"2020/01/28 16:27:44.000","GlobalID":"7d85ebcf-fe16-4113-96f1-4af4f239e230","CartoDispl":100,"Shape__Len":270471.94452941843},"geometry":{"type":"LineString","coordinates":[[-121.720693724726999,45.046635417195809],[-121.854713833345642,45.037617435835834],[-121.914704685356412,45.028826527903732],[-121.932342386631959,45.013426449119422],[-121.978383437255502,45.01451124889504],[-121.989780241921167,45.009536391648325],[-122.006725841052898,45.00778278596534],[-122.011402750901297,45.010156082936312],[-122.018864824204371,45.014034224648519],[-122.025592653722171,45.017497848926411],[-122.037289300785758,45.021170647171836],[-122.043828611774643,45.018898211112109],[-122.047713025408569,45.017543798016071],[-122.055829146657601,45.015014233222779],[-122.057561703943762,45.014326031821597],[-122.066408694239428,45.011090130835257],[-122.071570417220343,45.009152829942956],[-122.118699430061071,44.978390884853575],[-122.145738767255409,44.968843794949571],[-122.197636339631714,44.959816918379147],[-122.226965124043119,44.957642151874239],[-122.237378056942887,44.951566769918685],[-122.249533074982764,44.950594230020307],[-122.258069189928321,44.949689109417669],[-122.263596469623508,44.93392241778335],[-122.282263167192724,44.928452946043208],[-122.298741281300323,44.925132413458677],[-122.334632508676606,44.914642313604261],[-122.351978502559987,44.900617524019601],[-122.360283466788729,44.898191927174551],[-122.363379484022033,44.888903518459244],[-122.385870238133904,44.87754406534799],[-122.390130820432532,44.87325014446202],[-122.392324932323191,44.871110811098291],[-122.405151789776795,44.861468180494178],[-122.433291798538917,44.849451111199791],[-122.445363322908207,44.844236279529731],[-122.475436481987799,44.825481742534137],[-122.49517833664747,44.82623669750496],[-122.562513200346672,44.808259351781388],[-122.601247272769484,44.806919514146834],[-122.622382936135267,44.801104436847091],[-122.625889196975763,44.801023089499587],[-122.635683203410863,44.800845116599447]]}},
{"type":"Feature","properties":{"OBJECTID":1403.0,"FENAME":null,"MILES":63.97377408,"Source":"Orthoimagery and lidar","Edit_date":"2020/01/28 15:52:47.000","GlobalID":"5cb2847f-47b5-43a0-9101-131f963bbdad","CartoDispl":12,"Shape__Len":280155.90246845386},"geometry":{"type":"LineString","coordinates":[[-122.204060478277754,45.38793207282221],[-122.203592015017719,45.388211808345801],[-122.14959106604249,45.388239991371634],[-122.107045281771505,45.38910003347614],[-122.053451158985183,45.389259181787018],[-122.011455622326096,45.384667009305176],[-121.955190939887302,45.361510885711667],[-121.927284522844687,45.371606622504927],[-121.907445708584888,45.378604830089877],[-121.875122174811153,45.384770292859919],[-121.858026983005772,45.401458184270659],[-121.817899488777286,45.423265015179226],[-121.791500391582446,45.432138407548862],[-121.794233040067411,45.44093163406972],[-121.762624117452546,45.487227943222173],[-121.72674597144362,45.511561518664244],[-121.723155611060193,45.513924809201662],[-121.718403645320961,45.516208638907507],[-121.701621997692044,45.524655660844154],[-121.681047592739063,45.527176008502074],[-121.628459089699007,45.527820695040653],[-121.621647808402059,45.531438662940168],[-121.613170206473654,45.53134624491296],[-121.604584125044966,45.530788505817583],[-121.580482331181003,45.530788662087645],[-121.574892072646847,45.528749013381372],[-121.567448029571636,45.529015133540213],[-121.555451162145616,45.526875674883534],[-121.555299320732288,45.526839486647027],[-121.538423464153738,45.527836954642865],[-121.52748178906603,45.528435964549033],[-121.490981727568126,45.533292929318719],[-121.45177813353537,45.538792212032099],[-121.416472702053014,45.543424152571767],[-121.378498511690893,45.548760375609397],[-121.342781213973481,45.553578914545383],[-121.302084441186125,45.545861220840088],[-121.260319327209999,45.550721639049037],[-121.240276918910652,45.553166634492818]]}}
]
}
